Data_Type,EMIS_Code,School_Name,District,Tehsil,Level,School_Status,Building_Illegal_Occupation,Teachers_Sanctioned,Teachers_Filled,Teachers_Present_Today,Teachers_Absent_Today,Total_Enrolled,Total_Present,Toilets_Total,Toilets_Functional,Boundary_Wall,Electricity,Drinking_Water,Cleanliness_Building,Notes,Monitoring_Date,Source_URL,Ghost_Risk_Score_Tier1,Tier,Confidence_Level,Priority,Infrastructure_Screening_Score,Data_Risk_Reason,Qwen_Fraud_Flag,Qwen_Fraud_Reason,Latitude,Longitude,Percent_Built_Earliest,Percent_Built_Recent,Satellite_BuiltUp_Percent,Satellite_Density_Flag,Satellite_Risk_Reason,Final_GhostSchool_Reason,Satellite_Confidence
Real (PMIU Visit),35210186,GGHS KAMAHAN,LAHORE,MODEL TOWN,High,Open,No,24.0,24.0,23.0,1.0,1128.0,594.0,16,16,Yes-Wholly,Yes-Wholly,Yes-Wholly,Good,,18-03-2026,https://openpunjab.pesrp.edu.pk/schools/home/school_visit_detail/4257146,15.3,1,High,Low,,Low attendance (53%),False,,31.4464595,74.3916586,100.0,100.0,100.0,High_Density, 100% built-up area detected — clearly in a developed location,"Although satellite imagery shows 100% built-up around the school's exact location, suggesting a clearly developed location, the data analysis shows low attendance (53%). The two findings therefore point in different directions: a developed setting makes a physically absent school less likely, yet the recorded indicators remain weak. On its own this discrepancy is not a strong ghost-school signal, though it merits routine monitoring.",School-Level
Real (PMIU Visit),35210168,GGHS GHORAY SHAH (Newly upgraded),LAHORE,SHALIMAR,High,Open,No,23.0,18.0,18.0,0.0,625.0,564.0,6,6,Yes-Wholly,Yes-Wholly,Yes-Wholly,Good,,11-12-2024,https://openpunjab.pesrp.edu.pk/schools/home/school_visit_detail/3863896,14.01,1,High,Low,,Last monitoring visit over a year ago,False,,31.5870311,74.3821182,100.0,100.0,100.0,High_Density,"Village-area shows 100% built-up area detected — clearly in a developed location (shared coordinates with other schools in this village — reflects general area, not confirmed for this specific school)","Although satellite imagery shows 100% built-up in the surrounding village area, suggesting a clearly developed location, the data analysis shows last monitoring visit over a year ago. The two findings therefore point in different directions: a developed setting makes a physically absent school less likely, yet the recorded indicators remain weak. On its own this discrepancy is not a strong ghost-school signal, though it merits routine monitoring.",Village-Level
Real (PMIU Visit),35220155,GGHS MARAKA VILLAGE (Newly upgraded),LAHORE,RAIWIND,High,Open,No,14.0,14.0,9.0,5.0,653.0,560.0,6,6,Yes-Wholly,Yes-Wholly,Yes-Wholly,Good,Land adjacent to school unattended due to no boundary wall on that side,27-02-2025,https://openpunjab.pesrp.edu.pk/schools/home/school_visit_detail/3945400,14.27,1,High,Low,,Last monitoring visit over a year ago,False,No fraud indicators -- routine note,31.2443583,74.2138126,100.0,100.0,100.0,High_Density,"Village-area shows 100% built-up area detected — clearly in a developed location (shared coordinates with other schools in this village — reflects general area, not confirmed for this specific school)","Although satellite imagery shows 100% built-up in the surrounding village area, suggesting a clearly developed location, the data analysis shows last monitoring visit over a year ago. The two findings therefore point in different directions: a developed setting makes a physically absent school less likely, yet the recorded indicators remain weak. On its own this discrepancy is not a strong ghost-school signal, though it merits routine monitoring.
Monitoring Notes: No fraud indicators detected in the inspection notes.",Village-Level
Real (PMIU Visit),37150049,GPS BHALESAR,ATTOCK,HASSANABDAL,Primary,Open,No,5.0,2.0,2.0,0.0,114.0,105.0,4,4,Yes-Wholly,Yes-Wholly,Yes-Wholly,Good,,08-10-2025,https://openpunjab.pesrp.edu.pk/schools/home/school_visit_detail/4085472,12.88,1,High,Low,,Last monitoring visit 201 days ago,False,,33.8150627,72.7030379,0.0,37.5,37.5,Mixed_Density,"Village-area shows 37.5% built-up area detected around coordinates — partially developed surroundings, satellite signal inconclusive (shared coordinates with other schools in this village — reflects general area, not confirmed for this specific school)",The data analysis shows last monitoring visit 201 days ago. Satellite imagery is inconclusive here: it shows 37.5% built-up in the surrounding village area (up from 0% in the 2017 imagery) — partially developed surroundings that neither confirm nor rule out a functioning school at this location.,Village-Level
Real (PMIU Visit),34110639,GGHS Z-BLOCK PEOPLES COLONY,GUJRANWALA,GUJRANWALA CITY,High,Open,No,9.0,7.0,5.0,2.0,311.0,302.0,14,14,Yes-Wholly,Yes-Wholly,Yes-Wholly,Good,,19-03-2025,https://openpunjab.pesrp.edu.pk/schools/home/school_visit_detail/3968633,11.98,1,High,Low,,Last monitoring visit over a year ago,False,,32.1765842,74.1872621,100.0,100.0,100.0,High_Density, 100% built-up area detected — clearly in a developed location,"Although satellite imagery shows 100% built-up around the school's exact location, suggesting a clearly developed location, the data analysis shows last monitoring visit over a year ago. The two findings therefore point in different directions: a developed setting makes a physically absent school less likely, yet the recorded indicators remain weak. On its own this discrepancy is not a strong ghost-school signal, though it merits routine monitoring.",School-Level
Real (PMIU Visit),37230021,GGHS PAIL MIRZA,JHELUM,SOHAWA,High,Open,No,15.0,15.0,11.0,3.0,298.0,259.0,9,9,Yes-Wholly,Yes-Wholly,Yes-Wholly,Good,,20-04-2026,https://openpunjab.pesrp.edu.pk/schools/home/school_visit_detail/4288688,4.12,1,High,Low,,All monitored indicators within normal range,False,,33.132055,73.4180866,100.0,100.0,100.0,High_Density,"Village-area shows 100% built-up area detected — clearly in a developed location (shared coordinates with other schools in this village — reflects general area, not confirmed for this specific school)","The data analysis shows all monitored indicators within normal range, and satellite imagery shows 100% built-up in the surrounding village area, suggesting a clearly developed location. The two findings agree and are consistent with a functioning school; no ghost-school signal is present.",Village-Level
Real (PMIU Visit),31240061,GGES CHAK NO.42/DNB,BAHAWALPUR,YAZMAN,Middle,Open,No,9.0,3.0,2.0,1.0,127.0,126.0,5,5,Yes-Wholly,Yes-Wholly,Yes-Wholly,Good,Head Teacher did not sign visit report,17-03-2015,https://openpunjab.pesrp.edu.pk/schools/home/school_visit_detail/417730,13.57,1,High,Low,,Last monitoring visit 11 years ago,False,No fraud indicators -- routine note,29.3483637,71.6954115,100.0,100.0,100.0,High_Density,"Village-area shows 100% built-up area detected — clearly in a developed location (shared coordinates with other schools in this village — reflects general area, not confirmed for this specific school)","Although satellite imagery shows 100% built-up in the surrounding village area, suggesting a clearly developed location, the data analysis shows last monitoring visit 11 years ago. The two findings therefore point in different directions: a developed setting makes a physically absent school less likely, yet the recorded indicators remain weak. On its own this discrepancy is not a strong ghost-school signal, though it merits routine monitoring.
Monitoring Notes: No fraud indicators detected in the inspection notes.",Village-Level
Real (PMIU Visit),33120361,GGES CHAK 53 GB JARANWALA,FAISALABAD,JARANWALA,Middle,Open,No,10.0,10.0,9.0,1.0,447.0,400.0,6,6,Yes-Wholly,Yes-Wholly,Yes-Wholly,Good,,24-03-2023,https://openpunjab.pesrp.edu.pk/schools/home/school_visit_detail/3372967,13.15,1,High,Low,,Last monitoring visit 3 years ago,False,,31.3330181,73.4183387,100.0,100.0,100.0,High_Density,"Village-area shows 100% built-up area detected — clearly in a developed location (shared coordinates with other schools in this village — reflects general area, not confirmed for this specific school)","Although satellite imagery shows 100% built-up in the surrounding village area, suggesting a clearly developed location, the data analysis shows last monitoring visit 3 years ago. The two findings therefore point in different directions: a developed setting makes a physically absent school less likely, yet the recorded indicators remain weak. On its own this discrepancy is not a strong ghost-school signal, though it merits routine monitoring.",Village-Level
Real (PMIU Visit),33130237,GGES CHAK 529 GB SAMUNDRI,FAISALABAD,SAMUNDARI,Middle,Open,No,12.0,3.0,3.0,0.0,177.0,160.0,6,6,No,Yes-Wholly,Yes-Wholly,Good,150 feet boundary wall required for this school,09-03-2026,https://openpunjab.pesrp.edu.pk/schools/home/school_visit_detail/4239608,17.97,1,High,Low,,No boundary wall,False,No fraud indicators -- routine note,31.4103462,73.0936494,100.0,100.0,100.0,High_Density,"Village-area shows 100% built-up area detected — clearly in a developed location (shared coordinates with other schools in this village — reflects general area, not confirmed for this specific school)","Although satellite imagery shows 100% built-up in the surrounding village area, suggesting a clearly developed location, the data analysis shows no boundary wall. The two findings therefore point in different directions: a developed setting makes a physically absent school less likely, yet the recorded indicators remain weak. On its own this discrepancy is not a strong ghost-school signal, though it merits routine monitoring.
Monitoring Notes: No fraud indicators detected in the inspection notes.",Village-Level
Real (PMIU Visit),38420087,GGHS ZM REHMAN PURA ROAD SGD,SARGODHA,SARGODHA,High,Open,No,33.0,31.0,26.0,5.0,925.0,686.0,15,15,Yes-Wholly,Yes-Wholly,Yes-Wholly,Good,,26-10-2023,https://openpunjab.pesrp.edu.pk/schools/home/school_visit_detail/3557041,18.05,1,High,Low,,Last monitoring visit 2 years ago and low attendance (74%),False,,32.0836514,72.676461,100.0,100.0,100.0,High_Density,"Village-area shows 100% built-up area detected — clearly in a developed location (shared coordinates with other schools in this village — reflects general area, not confirmed for this specific school)","Although satellite imagery shows 100% built-up in the surrounding village area, suggesting a clearly developed location, the data analysis shows last monitoring visit 2 years ago and low attendance (74%). The two findings therefore point in different directions: a developed setting makes a physically absent school less likely, yet the recorded indicators remain weak. On its own this discrepancy is not a strong ghost-school signal, though it merits routine monitoring.",Village-Level
Real (PMIU Visit),36420071,GHS 58/10-R KHANEWAL,KHANEWAL,KHANEWAL,High,Open,No,25.0,13.0,11.0,2.0,643.0,342.0,12,11,Yes-Wholly,Yes-Wholly,Yes-Wholly,Good,1 toilet nonfunctional,03-12-2024,https://openpunjab.pesrp.edu.pk/schools/home/school_visit_detail/3851119,27.69,1,High,Medium,,Low attendance (53%) and last monitoring visit over a year ago,False,No fraud indicators -- routine note,30.3022528,71.9278916,100.0,100.0,100.0,High_Density,"Village-area shows 100% built-up area detected — clearly in a developed location (shared coordinates with other schools in this village — reflects general area, not confirmed for this specific school)","Although satellite imagery shows 100% built-up in the surrounding village area, suggesting a clearly developed location, the data analysis shows low attendance (53%) and last monitoring visit over a year ago. The two findings therefore point in different directions: a developed setting makes a physically absent school less likely, yet the recorded indicators remain weak. This discrepancy is worth a follow-up review to determine whether the school is operating as reported.
Monitoring Notes: No fraud indicators detected in the inspection notes.",Village-Level
Real (PMIU Visit),39330014,GHS MODEL RENALA KHURD,OKARA,RENALA KHURD,High,Open,No,63.0,46.0,42.0,4.0,1054.0,900.0,23,23,Yes-Wholly,Yes-Wholly,Yes-Wholly,Good,,23-05-2025,https://openpunjab.pesrp.edu.pk/schools/home/school_visit_detail/4040341,15.02,1,High,Low,,Last monitoring visit 339 days ago,False,,30.8782508,73.5998771,100.0,100.0,100.0,High_Density,"Village-area shows 100% built-up area detected — clearly in a developed location (shared coordinates with other schools in this village — reflects general area, not confirmed for this specific school)","Although satellite imagery shows 100% built-up in the surrounding village area, suggesting a clearly developed location, the data analysis shows last monitoring visit 339 days ago. The two findings therefore point in different directions: a developed setting makes a physically absent school less likely, yet the recorded indicators remain weak. On its own this discrepancy is not a strong ghost-school signal, though it merits routine monitoring.",Village-Level
Real (PMIU Visit),31260240,GPS HAJI KHAMEESA,BAHAWALPUR,BAHAWALPUR SADAR,Primary,Open,No,4.0,2.0,2.0,0.0,101.0,93.0,2,2,Yes-Wholly,Yes-Wholly,Yes-Wholly,Good,,06-02-2025,https://openpunjab.pesrp.edu.pk/schools/home/school_visit_detail/3913623,14.88,1,High,Low,,Last monitoring visit over a year ago,False,,29.37512035,71.75389995,,,,NoData,,"The data analysis shows last monitoring visit over a year ago. No usable satellite reading is available — the school could only be geocoded to its tehsil centre, and imagery there would not represent its actual location.",Tehsil-Level
Real (PMIU Visit),34140170,GPS GHARRI,GUJRANWALA,NOSHERA VIRKAN,Primary,Open,No,13.0,9.0,8.0,1.0,324.0,272.0,6,5,Yes-Wholly,Yes-Wholly,Yes-Wholly,Good,,17-12-2025,https://openpunjab.pesrp.edu.pk/schools/home/school_visit_detail/4162634,12.44,1,High,Low,,Attendance at only 84%,False,,31.96734,73.96987,100.0,100.0,100.0,High_Density, 100% built-up area detected — clearly in a developed location,"Although satellite imagery shows 100% built-up around the school's exact location, suggesting a clearly developed location, the data analysis shows attendance at only 84%. The two findings therefore point in different directions: a developed setting makes a physically absent school less likely, yet the recorded indicators remain weak. On its own this discrepancy is not a strong ghost-school signal, though it merits routine monitoring.",School-Level
Real (PMIU Visit),34220737,GPS BUGHNA,GUJRAT,KHARIAN,Primary,Open,No,4.0,2.0,2.0,0.0,84.0,78.0,3,3,Yes-Wholly,Yes-Wholly,Yes-Wholly,Good,,09-12-2025,https://openpunjab.pesrp.edu.pk/schools/home/school_visit_detail/4153720,8.45,1,High,Low,,Only 2 of 4 sanctioned teacher posts filled,False,,32.8100237,73.8663245,100.0,100.0,100.0,High_Density,"Village-area shows 100% built-up area detected — clearly in a developed location (shared coordinates with other schools in this village — reflects general area, not confirmed for this specific school)","Although satellite imagery shows 100% built-up in the surrounding village area, suggesting a clearly developed location, the data analysis shows only 2 of 4 sanctioned teacher posts filled. The two findings therefore point in different directions: a developed setting makes a physically absent school less likely, yet the recorded indicators remain weak. On its own this discrepancy is not a strong ghost-school signal, though it merits routine monitoring.",Village-Level
Real (PMIU Visit),39310993,GHS NO.1 BASIR PUR MAIN ROAD,OKARA,DEPALPUR,High,Open,No,38.0,35.0,33.0,2.0,1414.0,1201.0,14,12,No,Yes-Wholly,Yes-Wholly,Good,Boundary wall not available; 2 toilets nonfunctional,14-10-2024,https://openpunjab.pesrp.edu.pk/schools/home/school_visit_detail/3800928,27.06,1,High,Medium,,Last monitoring visit over a year ago and no boundary wall,False,No fraud indicators -- routine note,30.6691771,73.6513733,100.0,100.0,100.0,High_Density,"Village-area shows 100% built-up area detected — clearly in a developed location (shared coordinates with other schools in this village — reflects general area, not confirmed for this specific school)","Although satellite imagery shows 100% built-up in the surrounding village area, suggesting a clearly developed location, the data analysis shows last monitoring visit over a year ago and no boundary wall. The two findings therefore point in different directions: a developed setting makes a physically absent school less likely, yet the recorded indicators remain weak. This discrepancy is worth a follow-up review to determine whether the school is operating as reported.
Monitoring Notes: No fraud indicators detected in the inspection notes.",Village-Level
Real (PMIU Visit),32330082,GGHS BHUTTA PUR,MUZAFFARGARH,MUZAFFARGARH,High,Open,No,18.0,18.0,17.0,1.0,570.0,405.0,11,11,Yes-Wholly,Yes-Wholly,Yes-Wholly,Good,,05-12-2024,https://openpunjab.pesrp.edu.pk/schools/home/school_visit_detail/3856564,18.68,1,High,Low,,Last monitoring visit over a year ago and low attendance (71%),False,,30.084183,71.1939667,100.0,90.62,90.62,High_Density,"Village-area shows 90.6% built-up area detected — clearly in a developed location (shared coordinates with other schools in this village — reflects general area, not confirmed for this specific school)","Although satellite imagery shows 90.6% built-up in the surrounding village area, suggesting a clearly developed location, the data analysis shows last monitoring visit over a year ago and low attendance (71%). The two findings therefore point in different directions: a developed setting makes a physically absent school less likely, yet the recorded indicators remain weak. On its own this discrepancy is not a strong ghost-school signal, though it merits routine monitoring.",Village-Level
Real (PMIU Visit),37340007,GHS USMAN KHATTAR,RAWALPINDI,TAXILA,High,Open,No,18.0,14.0,13.0,1.0,330.0,310.0,11,11,Yes-Wholly,Yes-Wholly,Yes-Wholly,Good,,10-12-2024,https://openpunjab.pesrp.edu.pk/schools/home/school_visit_detail/3861357,12.93,1,High,Low,,Last monitoring visit over a year ago,False,,33.7422793,72.8145203,100.0,100.0,100.0,High_Density,"Village-area shows 100% built-up area detected — clearly in a developed location (shared coordinates with other schools in this village — reflects general area, not confirmed for this specific school)","Although satellite imagery shows 100% built-up in the surrounding village area, suggesting a clearly developed location, the data analysis shows last monitoring visit over a year ago. The two findings therefore point in different directions: a developed setting makes a physically absent school less likely, yet the recorded indicators remain weak. On its own this discrepancy is not a strong ghost-school signal, though it merits routine monitoring.",Village-Level
Real (PMIU Visit),37330123,GHS MC AMAR PURA RAWALPINDI,RAWALPINDI,RAWALPINDI,High,Open,No,16.0,14.0,14.0,0.0,457.0,402.0,3,3,Yes-Wholly,Yes-Wholly,Yes-Wholly,Good,3 classrooms used as DO(MC) office; shares building/washrooms with another school (GGES Husainabad); washrooms lacking for children,13-10-2015,https://openpunjab.pesrp.edu.pk/schools/home/school_visit_detail/655192,14.24,1,High,Low,,Last monitoring visit 10 years ago,False,No fraud indicators -- routine note,33.6040754,73.0483807,100.0,100.0,100.0,High_Density,"Village-area shows 100% built-up area detected — clearly in a developed location (shared coordinates with other schools in this village — reflects general area, not confirmed for this specific school)","Although satellite imagery shows 100% built-up in the surrounding village area, suggesting a clearly developed location, the data analysis shows last monitoring visit 10 years ago. The two findings therefore point in different directions: a developed setting makes a physically absent school less likely, yet the recorded indicators remain weak. On its own this discrepancy is not a strong ghost-school signal, though it merits routine monitoring.
Monitoring Notes: No fraud indicators detected in the inspection notes.",Village-Level
Real (PMIU Visit),33221148,GMPS CHAK NO 166 JB DOKA,JHANG,JHANG,Primary,Open,No,4.0,2.0,2.0,0.0,101.0,56.0,6,6,Yes-Wholly,Yes-Wholly,Yes-Wholly,Good,,20-01-2026,https://openpunjab.pesrp.edu.pk/schools/home/school_visit_detail/4168660,18.52,1,High,Low,,Low attendance (55%),False,,31.2777606,72.3213727,100.0,100.0,100.0,High_Density,"Village-area shows 100% built-up area detected — clearly in a developed location (shared coordinates with other schools in this village — reflects general area, not confirmed for this specific school)","Although satellite imagery shows 100% built-up in the surrounding village area, suggesting a clearly developed location, the data analysis shows low attendance (55%). The two findings therefore point in different directions: a developed setting makes a physically absent school less likely, yet the recorded indicators remain weak. On its own this discrepancy is not a strong ghost-school signal, though it merits routine monitoring.",Village-Level
Real (PMIU Visit),33310079,GGHS CHAK 159 GB,T.T.SINGH,GOJRA,High,Open,No,14.0,13.0,12.0,1.0,450.0,389.0,10,10,Yes-Partially,Yes-Wholly,Yes-Wholly,Good,,21-02-2024,https://openpunjab.pesrp.edu.pk/schools/home/school_visit_detail/3665301,14.42,1,High,Low,,Last monitoring visit 2 years ago,False,,30.910778,72.580153,,,,NoData,,"The data analysis shows last monitoring visit 2 years ago. No usable satellite reading is available — the school could only be geocoded to its tehsil centre, and imagery there would not represent its actual location.",Tehsil-Level
Real (PMIU Visit),39310174,GGES AMLI MOTI,OKARA,DEPALPUR,Middle,Open,No,14.0,12.0,12.0,0.0,285.0,174.0,6,6,Yes-Wholly,Yes-Wholly,Yes-Wholly,Good,,08-04-2025,https://openpunjab.pesrp.edu.pk/schools/home/school_visit_detail/3982965,22.4,1,High,Medium,,Low attendance (61%) and last monitoring visit over a year ago,False,,30.6691771,73.6513733,100.0,100.0,100.0,High_Density,"Village-area shows 100% built-up area detected — clearly in a developed location (shared coordinates with other schools in this village — reflects general area, not confirmed for this specific school)","Although satellite imagery shows 100% built-up in the surrounding village area, suggesting a clearly developed location, the data analysis shows low attendance (61%) and last monitoring visit over a year ago. The two findings therefore point in different directions: a developed setting makes a physically absent school less likely, yet the recorded indicators remain weak. This discrepancy is worth a follow-up review to determine whether the school is operating as reported.",Village-Level
Real (PMIU Visit),34220780,GGHS NAWAZ SHARIF LALA MUSA,GUJRAT,KHARIAN,High,Open,No,8.0,6.0,6.0,0.0,368.0,294.0,5,5,Yes-Wholly,Yes-Wholly,Yes-Wholly,Good,,04-12-2024,https://openpunjab.pesrp.edu.pk/schools/home/school_visit_detail/3854424,17.28,1,High,Low,,Last monitoring visit over a year ago and attendance at only 80%,False,,32.8100237,73.8663245,100.0,100.0,100.0,High_Density,"Village-area shows 100% built-up area detected — clearly in a developed location (shared coordinates with other schools in this village — reflects general area, not confirmed for this specific school)","Although satellite imagery shows 100% built-up in the surrounding village area, suggesting a clearly developed location, the data analysis shows last monitoring visit over a year ago and attendance at only 80%. The two findings therefore point in different directions: a developed setting makes a physically absent school less likely, yet the recorded indicators remain weak. On its own this discrepancy is not a strong ghost-school signal, though it merits routine monitoring.",Village-Level
Real (PMIU Visit),33110019,GPS CHAK 214 RB E,FAISALABAD,FAISALABAD CITY,Primary,Open,No,9.0,8.0,5.0,3.0,290.0,269.0,5,5,Yes-Wholly,Yes-Wholly,Yes-Wholly,Good,,12-02-2026,https://openpunjab.pesrp.edu.pk/schools/home/school_visit_detail/4196641,4.76,1,High,Low,,All monitored indicators within normal range,False,,31.386296,73.0676444,100.0,100.0,100.0,High_Density,"Village-area shows 100% built-up area detected — clearly in a developed location (shared coordinates with other schools in this village — reflects general area, not confirmed for this specific school)","The data analysis shows all monitored indicators within normal range, and satellite imagery shows 100% built-up in the surrounding village area, suggesting a clearly developed location. The two findings agree and are consistent with a functioning school; no ghost-school signal is present.",Village-Level
Real (PMIU Visit),33110371,GGHS MC PEOPLES COLONY FAISALABAD,FAISALABAD,FAISALABAD CITY,High,Open,No,37.0,28.0,26.0,2.0,763.0,633.0,11,11,Yes-Wholly,Yes-Wholly,Yes-Wholly,Good,,05-03-2026,https://openpunjab.pesrp.edu.pk/schools/home/school_visit_detail/4237333,7.78,1,High,Low,,Attendance at only 83%,False,,31.386296,73.0676444,100.0,100.0,100.0,High_Density,"Village-area shows 100% built-up area detected — clearly in a developed location (shared coordinates with other schools in this village — reflects general area, not confirmed for this specific school)","Although satellite imagery shows 100% built-up in the surrounding village area, suggesting a clearly developed location, the data analysis shows attendance at only 83%. The two findings therefore point in different directions: a developed setting makes a physically absent school less likely, yet the recorded indicators remain weak. On its own this discrepancy is not a strong ghost-school signal, though it merits routine monitoring.",Village-Level
Real (PMIU Visit),33150025,GPS 141 RB II,FAISALABAD,CHAK JHUMARA,Primary,Open,No,8.0,8.0,3.0,1.0,214.0,191.0,6,6,Yes-Wholly,Yes-Wholly,Yes-Wholly,Good,,27-04-2026,https://openpunjab.pesrp.edu.pk/schools/home/school_visit_detail/4300887/list/,3.22,1,High,Low,,All monitored indicators within normal range,False,,31.378718050000003,73.0821538,,,,NoData,,The data analysis shows all monitored indicators within normal range. No usable satellite reading is available — the school could only be geocoded to its tehsil centre — so this assessment rests on the data indicators alone.,Tehsil-Level
Real (PMIU Visit),33140544,GHSS 209/RB,FAISALABAD,FAISALABAD SADDAR,H.Sec.,Open,No,49.0,27.0,27.0,0.0,684.0,635.0,14,14,Yes-Wholly,Yes-Wholly,Yes-Wholly,Good,,09-02-2026,https://openpunjab.pesrp.edu.pk/schools/home/school_visit_detail/4189848,6.5,1,High,Low,,Only 27 of 49 sanctioned teacher posts filled,False,,31.3711401,73.0706582,100.0,100.0,100.0,High_Density,"Village-area shows 100% built-up area detected — clearly in a developed location (shared coordinates with other schools in this village — reflects general area, not confirmed for this specific school)","Although satellite imagery shows 100% built-up in the surrounding village area, suggesting a clearly developed location, the data analysis shows only 27 of 49 sanctioned teacher posts filled. The two findings therefore point in different directions: a developed setting makes a physically absent school less likely, yet the recorded indicators remain weak. On its own this discrepancy is not a strong ghost-school signal, though it merits routine monitoring.",Village-Level
Real (PMIU Visit),33120254,GPS 434 GB,FAISALABAD,JARANWALA,Primary,Open,No,7.0,4.0,4.0,0.0,221.0,207.0,6,6,Yes-Wholly,Yes-Wholly,Yes-Wholly,Good,,27-02-2026,https://openpunjab.pesrp.edu.pk/schools/home/school_visit_detail/4228899,5.66,1,High,Low,,Only 4 of 7 sanctioned teacher posts filled,False,,31.3330181,73.4183387,100.0,100.0,100.0,High_Density,"Village-area shows 100% built-up area detected — clearly in a developed location (shared coordinates with other schools in this village — reflects general area, not confirmed for this specific school)","Although satellite imagery shows 100% built-up in the surrounding village area, suggesting a clearly developed location, the data analysis shows only 4 of 7 sanctioned teacher posts filled. The two findings therefore point in different directions: a developed setting makes a physically absent school less likely, yet the recorded indicators remain weak. On its own this discrepancy is not a strong ghost-school signal, though it merits routine monitoring.",Village-Level
Real (PMIU Visit),33160266,GGPS 595 GB,FAISALABAD,TANDLIAN WALA,Primary,Open,No,5.0,2.0,2.0,0.0,106.0,105.0,3,3,Yes-Wholly,Yes-Wholly,Yes-Wholly,Good,,11-02-2026,https://openpunjab.pesrp.edu.pk/schools/home/school_visit_detail/4194793,5.34,1,High,Low,,Only 2 of 5 sanctioned teacher posts filled,False,,31.378718050000003,73.0821538,,,,NoData,,"The data analysis shows only 2 of 5 sanctioned teacher posts filled. No usable satellite reading is available — the school could only be geocoded to its tehsil centre, and imagery there would not represent its actual location.",Tehsil-Level
Real (PMIU Visit),33130129,GPS 209 GB,FAISALABAD,SAMUNDARI,Primary,Open,No,8.0,3.0,3.0,0.0,153.0,150.0,7,7,Yes-Wholly,Yes-Wholly,Yes-Wholly,Good,,11-02-2026,https://openpunjab.pesrp.edu.pk/schools/home/school_visit_detail/4194836,5.77,1,High,Low,,Only 3 of 8 sanctioned teacher posts filled,False,,31.4103462,73.0936494,100.0,100.0,100.0,High_Density,"Village-area shows 100% built-up area detected — clearly in a developed location (shared coordinates with other schools in this village — reflects general area, not confirmed for this specific school)","Although satellite imagery shows 100% built-up in the surrounding village area, suggesting a clearly developed location, the data analysis shows only 3 of 8 sanctioned teacher posts filled. The two findings therefore point in different directions: a developed setting makes a physically absent school less likely, yet the recorded indicators remain weak. On its own this discrepancy is not a strong ghost-school signal, though it merits routine monitoring.",Village-Level
Real (PMIU Visit),35210591,GGPS SOHARWARDIA,LAHORE,SHALIMAR,Primary,Open,No,4.0,2.0,2.0,0.0,158.0,140.0,2,2,Yes-Wholly,Yes-Wholly,Yes-Wholly,Average,AEO last visited 29-10-2025; building on rent; maintenance/paint required; two classes conducted in open area.,17-11-2025,https://openpunjab.pesrp.edu.pk/schools/home/school_visit_detail/4129169,10.33,1,High,Low,,Attendance at only 89%,False,No fraud indicators -- routine note,31.5870311,74.3821182,100.0,100.0,100.0,High_Density,"Village-area shows 100% built-up area detected — clearly in a developed location (shared coordinates with other schools in this village — reflects general area, not confirmed for this specific school)","Although satellite imagery shows 100% built-up in the surrounding village area, suggesting a clearly developed location, the data analysis shows attendance at only 89%. The two findings therefore point in different directions: a developed setting makes a physically absent school less likely, yet the recorded indicators remain weak. On its own this discrepancy is not a strong ghost-school signal, though it merits routine monitoring.
Monitoring Notes: No fraud indicators detected in the inspection notes.",Village-Level
Real (PMIU Visit),35220159,GES MAZAR BABA REHMAT SHAH (EX-MCL),LAHORE,RAIWIND,Middle,Open,No,18.0,13.0,11.0,2.0,667.0,578.0,10,10,Yes-Wholly,Yes-Wholly,Yes-Wholly,Good,Furniture required/repairs noted; some whitewash and window repair work required.,18-09-2025,https://openpunjab.pesrp.edu.pk/schools/home/school_visit_detail/4067971,11.45,1,High,Low,,Last monitoring visit 221 days ago,False,No fraud indicators -- routine note,31.2443583,74.2138126,100.0,100.0,100.0,High_Density,"Village-area shows 100% built-up area detected — clearly in a developed location (shared coordinates with other schools in this village — reflects general area, not confirmed for this specific school)","Although satellite imagery shows 100% built-up in the surrounding village area, suggesting a clearly developed location, the data analysis shows last monitoring visit 221 days ago. The two findings therefore point in different directions: a developed setting makes a physically absent school less likely, yet the recorded indicators remain weak. On its own this discrepancy is not a strong ghost-school signal, though it merits routine monitoring.
Monitoring Notes: No fraud indicators detected in the inspection notes.",Village-Level
Real (PMIU Visit),35210798,GGES SHALIMAR TOWN (EX-MCL),LAHORE,SHALIMAR,Middle,Open,No,17.0,16.0,4.0,12.0,559.0,66.0,10,10,Yes-Wholly,Yes-Wholly,Yes-Wholly,Good,12 PST teachers of primary section were on examinations duty; 493 students were on examinations off.,25-03-2026,https://openpunjab.pesrp.edu.pk/schools/home/school_visit_detail/4259043/list/,27.66,1,High,Medium,,Low attendance (12%),False,No fraud indicators -- routine note,31.5870311,74.3821182,100.0,100.0,100.0,High_Density,"Village-area shows 100% built-up area detected — clearly in a developed location (shared coordinates with other schools in this village — reflects general area, not confirmed for this specific school)","Although satellite imagery shows 100% built-up in the surrounding village area, suggesting a clearly developed location, the data analysis shows low attendance (12%). The two findings therefore point in different directions: a developed setting makes a physically absent school less likely, yet the recorded indicators remain weak. This discrepancy is worth a follow-up review to determine whether the school is operating as reported.
Monitoring Notes: No fraud indicators detected in the inspection notes.",Village-Level
Real (PMIU Visit),35210011,GHS KARIM BLOCK ALLAMA IQBAL TOWN,LAHORE,MODEL TOWN,High,Open,No,58.0,37.0,32.0,5.0,1301.0,952.0,46,46,Yes-Wholly,Yes-Wholly,Yes-Wholly,Good,Official PMIU visit record; AEO visit date 30-10-2025.,17-11-2025,https://openpunjab.pesrp.edu.pk/schools/home/school_visit_detail/4128057,14.27,1,High,Low,,Low attendance (73%),False,No fraud indicators -- routine note,31.4729999,74.3108542,100.0,100.0,100.0,High_Density,"Village-area shows 100% built-up area detected — clearly in a developed location (shared coordinates with other schools in this village — reflects general area, not confirmed for this specific school)","Although satellite imagery shows 100% built-up in the surrounding village area, suggesting a clearly developed location, the data analysis shows low attendance (73%). The two findings therefore point in different directions: a developed setting makes a physically absent school less likely, yet the recorded indicators remain weak. On its own this discrepancy is not a strong ghost-school signal, though it merits routine monitoring.
Monitoring Notes: No fraud indicators detected in the inspection notes.",Village-Level
Real (PMIU Visit),35210049,GHS GULBERG LAHORE CANTT (FATEH ABAD),LAHORE,CANTT,High,Open,No,37.0,25.0,20.0,5.0,874.0,616.0,14,8,Yes-Wholly,Yes-Wholly,Yes-Wholly,Good,06 of 14 toilets nonfunctional due to outer-side blockage; school ground reported muddy.,16-12-2025,https://openpunjab.pesrp.edu.pk/schools/home/school_visit_detail/4161960,20.52,1,High,Medium,,Low attendance (70%) and moderate toilet non-functionality (only 8 of 14 working),False,No fraud indicators -- routine note,31.5221005,74.3790353,100.0,100.0,100.0,High_Density,"Village-area shows 100% built-up area detected — clearly in a developed location (shared coordinates with other schools in this village — reflects general area, not confirmed for this specific school)","Although satellite imagery shows 100% built-up in the surrounding village area, suggesting a clearly developed location, the data analysis shows low attendance (70%) and moderate toilet non-functionality (only 8 of 14 working). The two findings therefore point in different directions: a developed setting makes a physically absent school less likely, yet the recorded indicators remain weak. This discrepancy is worth a follow-up review to determine whether the school is operating as reported.
Monitoring Notes: No fraud indicators detected in the inspection notes.",Village-Level
Real (PMIU Visit),35220493,GMMS SODIWAL PIND BAND ROAD LAHORE,LAHORE,CITY,Mosque School,Open,No,3.0,3.0,2.0,1.0,70.0,63.0,2,2,Yes-Wholly,Yes-Wholly,Yes-Wholly,Good,Masjid maktab school; MEA remarked school may be merged with nearby school or a new school established in this area,23-04-2025,https://openpunjab.pesrp.edu.pk/schools/home/school_visit_detail/4007670,13.0,1,High,Low,,Last monitoring visit over a year ago,False,No fraud indicators -- routine note,31.5831841,74.3184836,100.0,100.0,100.0,High_Density,"Village-area shows 100% built-up area detected — clearly in a developed location (shared coordinates with other schools in this village — reflects general area, not confirmed for this specific school)","Although satellite imagery shows 100% built-up in the surrounding village area, suggesting a clearly developed location, the data analysis shows last monitoring visit over a year ago. The two findings therefore point in different directions: a developed setting makes a physically absent school less likely, yet the recorded indicators remain weak. On its own this discrepancy is not a strong ghost-school signal, though it merits routine monitoring.
Monitoring Notes: No fraud indicators detected in the inspection notes.",Village-Level
Real (PMIU Visit),35210020,GHS MUSLIM LAHORE CANTT,LAHORE,CANTT,High,Open,No,40.0,21.0,20.0,1.0,605.0,224.0,13,13,Yes-Wholly,Yes-Wholly,Yes-Wholly,Good,Enrollment/present figures in official form only itemised for class 10 (224) despite total enrollment 605 - likely incomplete class-wise reporting on the source form rather than true absenteeism,26-03-2025,https://openpunjab.pesrp.edu.pk/schools/home/school_visit_detail/3979264,31.27,1,High,Medium,,Low attendance (37%) and last monitoring visit over a year ago,False,No fraud indicators -- routine note,31.5221005,74.3790353,100.0,100.0,100.0,High_Density,"Village-area shows 100% built-up area detected — clearly in a developed location (shared coordinates with other schools in this village — reflects general area, not confirmed for this specific school)","Although satellite imagery shows 100% built-up in the surrounding village area, suggesting a clearly developed location, the data analysis shows low attendance (37%) and last monitoring visit over a year ago. The two findings therefore point in different directions: a developed setting makes a physically absent school less likely, yet the recorded indicators remain weak. This discrepancy is worth a follow-up review to determine whether the school is operating as reported.
Monitoring Notes: No fraud indicators detected in the inspection notes.",Village-Level
Real (PMIU Visit),36430098,GGES 50/15-L MIAN CHANNU,KHANEWAL,MIAN CHANNU,Middle,Open,No,13.0,8.0,8.0,0.0,480.0,444.0,14,14,Yes-Partially,Yes-Wholly,Yes-Wholly,Good,,15-12-2025,https://openpunjab.pesrp.edu.pk/schools/home/school_visit_detail/4158683,7.82,1,High,Low,,Only 8 of 13 sanctioned teacher posts filled,False,,30.4389367,72.3550547,100.0,100.0,100.0,High_Density,"Village-area shows 100% built-up area detected — clearly in a developed location (shared coordinates with other schools in this village — reflects general area, not confirmed for this specific school)","Although satellite imagery shows 100% built-up in the surrounding village area, suggesting a clearly developed location, the data analysis shows only 8 of 13 sanctioned teacher posts filled. The two findings therefore point in different directions: a developed setting makes a physically absent school less likely, yet the recorded indicators remain weak. On its own this discrepancy is not a strong ghost-school signal, though it merits routine monitoring.",Village-Level
Real (PMIU Visit),37330556,GGPS MC MOHRI KAMBAL,RAWALPINDI,RAWALPINDI,Primary,Open,No,4.0,3.0,3.0,0.0,73.0,59.0,5,5,Yes-Wholly,Yes-Wholly,Yes-Wholly,Good,MEA noted headmistress name inconsistent between PMIU and SIS; NSB record not updated; class 3 roster not updated after promotions,04-11-2025,https://openpunjab.pesrp.edu.pk/schools/home/school_visit_detail/4114495,11.77,1,High,Low,,Attendance at only 81%,False,No fraud indicators -- administrative data note,33.6040754,73.0483807,100.0,100.0,100.0,High_Density,"Village-area shows 100% built-up area detected — clearly in a developed location (shared coordinates with other schools in this village — reflects general area, not confirmed for this specific school)","Although satellite imagery shows 100% built-up in the surrounding village area, suggesting a clearly developed location, the data analysis shows attendance at only 81%. The two findings therefore point in different directions: a developed setting makes a physically absent school less likely, yet the recorded indicators remain weak. On its own this discrepancy is not a strong ghost-school signal, though it merits routine monitoring.
Monitoring Notes: No fraud indicators detected in the inspection notes.",Village-Level
Real (PMIU Visit),35220032,GHSS MOZANG LAHORE,LAHORE,CITY,H.Sec.,Open,No,43.0,22.0,15.0,7.0,402.0,149.0,15,11,Yes-Wholly,Yes-Wholly,Yes-Wholly,Good,Teacher on unauthorized long-term absence since June 2024 with no action taken; security guard falsely marked present; choukidar residing in school with family; 4 of 15 toilets nonfunctional; grades 11-12 had zero students present at visit,27-01-2025,https://openpunjab.pesrp.edu.pk/schools/home/school_visit_detail/3900174,45.32,1,High,High,,Low attendance (37%) and last monitoring visit over a year ago,True,"A - Falsified records / attendance: matched ""falsely marked present""",31.5831841,74.3184836,100.0,100.0,100.0,High_Density,"Village-area shows 100% built-up area detected — clearly in a developed location (shared coordinates with other schools in this village — reflects general area, not confirmed for this specific school)","Although satellite imagery shows 100% built-up in the surrounding village area, suggesting a clearly developed location, the data analysis shows low attendance (37%) and last monitoring visit over a year ago. The two findings therefore point in different directions: a developed setting makes a physically absent school less likely, yet the recorded indicators remain weak. Together with the fraud flag in the monitoring notes, this discrepancy is a significant red flag and warrants prompt investigation.
Monitoring Notes: Flagged for fraud — A - Falsified records / attendance (inspector notes mention ""falsely marked present"").",Village-Level
Real (PMIU Visit),35220064,GGHS PAK STANDARD SHAD BAGH LAHORE,LAHORE,CITY,High,Open,No,57.0,46.0,40.0,6.0,2094.0,349.0,20,20,Yes-Wholly,Yes-Wholly,Yes-Wholly,Good,"Most grades (ECE,prep,1,2,6,7,8,9,10) were on exam duty/off during visit, explaining low headcount; leave-record discrepancy noted for one transferred PST teacher",21-03-2025,https://openpunjab.pesrp.edu.pk/schools/home/school_visit_detail/3971996,35.96,1,High,Medium,,Low attendance (17%) and last monitoring visit over a year ago,False,No fraud indicators -- routine note,31.5831841,74.3184836,100.0,100.0,100.0,High_Density,"Village-area shows 100% built-up area detected — clearly in a developed location (shared coordinates with other schools in this village — reflects general area, not confirmed for this specific school)","Although satellite imagery shows 100% built-up in the surrounding village area, suggesting a clearly developed location, the data analysis shows low attendance (17%) and last monitoring visit over a year ago. The two findings therefore point in different directions: a developed setting makes a physically absent school less likely, yet the recorded indicators remain weak. This discrepancy is worth a follow-up review to determine whether the school is operating as reported.
Monitoring Notes: No fraud indicators detected in the inspection notes.",Village-Level
Real (PMIU Visit),37330117,GHS KHAYABAN-E-SIR SYED SECTOR 4-B,RAWALPINDI,RAWALPINDI,High,Open,No,30.0,24.0,20.0,4.0,899.0,519.0,14,14,Yes-Wholly,Yes-Wholly,Yes-Wholly,Good,Two PST teachers shown present on attendance register but not reflected in SIS system (one reportedly on dengue duty elsewhere) - register/SIS mismatch flag; NSB record not updated on SIS,27-10-2025,https://openpunjab.pesrp.edu.pk/schools/home/school_visit_detail/4108928,18.67,1,High,Low,,Low attendance (58%),False,No fraud indicators -- administrative data note,33.6040754,73.0483807,100.0,100.0,100.0,High_Density,"Village-area shows 100% built-up area detected — clearly in a developed location (shared coordinates with other schools in this village — reflects general area, not confirmed for this specific school)","Although satellite imagery shows 100% built-up in the surrounding village area, suggesting a clearly developed location, the data analysis shows low attendance (58%). The two findings therefore point in different directions: a developed setting makes a physically absent school less likely, yet the recorded indicators remain weak. On its own this discrepancy is not a strong ghost-school signal, though it merits routine monitoring.
Monitoring Notes: No fraud indicators detected in the inspection notes.",Village-Level
Synthetic,99990001,GPS CHAK FAKE-1 (Synthetic Test Case),MULTAN,MULTAN CITY,Primary,Open,Yes,6.0,1.0,0.0,1.0,180.0,8.0,3,0,No,No,No,Poor,SYNTHETIC TEST CASE (not a real school): building reportedly used as private residence; no functional facilities; near-zero attendance despite high paper enrollment,01-01-2026,"Synthetic - for model validation, not a real PMIU record",100.0,1,High,High,,"Low attendance (4%), no functional toilets (0 of 3) and illegal occupation of the school building",True,"C - Illegal occupation / misuse of school property: matched ""used as private residence""",,,,,,,,"The data analysis shows low attendance (4%), no functional toilets (0 of 3) and illegal occupation of the school building. No satellite reading is available for this school's location. Together with the fraud flag in the monitoring notes, the data indicators alone warrant prompt investigation.
Monitoring Notes: Flagged for fraud — C - Illegal occupation / misuse of school property (inspector notes mention ""used as private residence"").",
Synthetic,99990002,GGPS FAKE VILLAGE-2 (Synthetic Test Case),BAHAWALPUR,BAHAWALPUR SADAR,Primary,Closed,Yes,4.0,0.0,0.0,0.0,95.0,0.0,2,0,No,No,No,Poor,SYNTHETIC TEST CASE (not a real school): school found locked on visit day; no staff present; community reports non-functional for over a year despite active enrollment records,01-01-2026,"Synthetic - for model validation, not a real PMIU record",100.0,1,High,High,,"School_Status marked 'Closed', low attendance (0%), no functional toilets (0 of 2) and illegal occupation of the school building",True,"E - Ghost-school indicators (abandoned / non-functional): matched ""no staff present""",,,,,,,,"The data analysis shows School_Status marked 'Closed', low attendance (0%), no functional toilets (0 of 2) and illegal occupation of the school building. No satellite reading is available for this school's location. Together with the fraud flag in the monitoring notes, the data indicators alone warrant prompt investigation.
Monitoring Notes: Flagged for fraud — E - Ghost-school indicators (abandoned / non-functional) (inspector notes mention ""no staff present"").",
Synthetic,99990003,GHS FAKE TOWN-3 (Synthetic Test Case),SAHIWAL,SAHIWAL,High,Open,No,20.0,18.0,3.0,15.0,850.0,40.0,10,2,Yes-Wholly,No,No,Poor,SYNTHETIC TEST CASE (not a real school): high sanctioned/filled teacher count on paper but only 3 physically present; mass unexplained absences; suspected ghost-teacher salary fraud,01-01-2026,"Synthetic - for model validation, not a real PMIU record",69.27,1,High,High,,"Low attendance (5%), severe toilet non-functionality (only 2 of 10 working) and no drinking water",True,"D - Ghost-teacher / salary fraud: matched ""ghost-teacher""",,,,,,,,"The data analysis shows low attendance (5%), severe toilet non-functionality (only 2 of 10 working) and no drinking water. No satellite reading is available for this school's location. Together with the fraud flag in the monitoring notes, the data indicators alone warrant prompt investigation.
Monitoring Notes: Flagged for fraud — D - Ghost-teacher / salary fraud (inspector notes mention ""ghost-teacher"").",
Synthetic,99990004,GGES FAKE COLONY-4 (Synthetic Test Case),SIALKOT,SIALKOT,Middle,Open,Yes,8.0,6.0,6.0,0.0,220.0,210.0,6,6,Yes-Wholly,Yes-Wholly,Yes-Wholly,Good,"SYNTHETIC EDGE-CASE TEST (not a real school): every attendance/facility metric looks clean, EXCEPT two classrooms are confirmed rented to a private tuition academy. Included to test whether the model catches illegal-occupation fraud that a pure attendance-based score would miss.",01-01-2026,"Synthetic - for model validation, not a real PMIU record",30.79,1,High,High,,Illegal occupation of the school building,True,"C - Illegal occupation / misuse of school property: matched ""rented to a private""",,,,,,,,"The data analysis shows illegal occupation of the school building. No satellite reading is available for this school's location. Together with the fraud flag in the monitoring notes, the data indicators alone warrant prompt investigation.
Monitoring Notes: Flagged for fraud — C - Illegal occupation / misuse of school property (inspector notes mention ""rented to a private"").",
Synthetic,99990005,GPS FAKE HAMLET-5 (Synthetic Test Case),RAJANPUR,RAJANPUR,Primary,Open,No,3.0,3.0,3.0,0.0,210.0,205.0,1,1,Yes-Wholly,Yes-Wholly,Yes-Wholly,Good,"SYNTHETIC EDGE-CASE TEST (not a real school): enrollment (210) and attendance (205) are implausibly high for a 3-teacher, 1-toilet primary school. Included to test whether the model flags statistically implausible enrollment-to-capacity ratios, since every individual metric looks clean in isolation.",01-01-2026,"Synthetic - for model validation, not a real PMIU record",3.89,1,High,Low,,All monitored indicators within normal range,False,No fraud indicators -- routine note,,,,,,,,"The data analysis shows all monitored indicators within normal range. No satellite reading is available for this school's location, so this assessment rests on the data indicators alone.
Monitoring Notes: No fraud indicators detected in the inspection notes.",
Synthetic,99990006,GHSS FAKE JUNCTION-6 (Synthetic Test Case),VEHARI,VEHARI,H.Sec.,Open,No,25.0,10.0,2.0,8.0,600.0,55.0,8,1,No,Yes-Partially,No,Poor,"SYNTHETIC TEST CASE (not a real school): combination of low fill rate, near-total teacher absenteeism, collapsed facilities and single-digit attendance - textbook high-confidence ghost-school profile for model calibration",01-01-2026,"Synthetic - for model validation, not a real PMIU record",76.55,1,High,High,,"Low attendance (9%), severe toilet non-functionality (only 1 of 8 working) and no boundary wall",True,"E - Ghost-school indicators (abandoned / non-functional): matched ""ghost-school""",,,,,,,,"The data analysis shows low attendance (9%), severe toilet non-functionality (only 1 of 8 working) and no boundary wall. No satellite reading is available for this school's location. Together with the fraud flag in the monitoring notes, the data indicators alone warrant prompt investigation.
Monitoring Notes: Flagged for fraud — E - Ghost-school indicators (abandoned / non-functional) (inspector notes mention ""ghost-school"").",
Synthetic,99990007,GES FAKE OUTPOST-7 (Synthetic Test Case),D.G. KHAN,D.G. KHAN,Middle,Open,No,10.0,9.0,8.0,1.0,300.0,270.0,5,5,Yes-Wholly,Yes-Wholly,Yes-Wholly,Good,SYNTHETIC TRUE-NEGATIVE CONTROL (not a real school): fully clean monitoring record on every metric - included so the model learns to correctly clear well-functioning schools rather than over-flagging,01-01-2026,"Synthetic - for model validation, not a real PMIU record",6.68,1,High,Low,,Only 9 of 10 sanctioned teacher posts filled,False,No fraud indicators -- routine note,,,,,,,,"The data analysis shows only 9 of 10 sanctioned teacher posts filled. No satellite reading is available for this school's location.
Monitoring Notes: No fraud indicators detected in the inspection notes.",
Real (Census),31321032,GGHS Chak No 225/1-L,RAHIMYAR KHAN,LIAQATPUR,High,Non-Functional,No,,,,,,,0,0,No,No,No,,,Oct-2018 (Annual Census),https://opendata.com.pk/dataset/punjab-annual-school-census-report-2017-18 (PMIU/PESRP source),,2,Low - Needs Satellite Verification,High,82.5,"School_Status marked 'Non-Functional' by government census, no boundary wall, no drinking water and no toilets on premises",False,,28.760002,70.820985,,,,NoData,,"The census-based data analysis shows School_Status marked 'Non-Functional' by government census, no boundary wall, no drinking water and no toilets on premises. No usable satellite reading is available — the school could only be geocoded to its tehsil centre, and imagery there would not represent its actual location. The data indicators alone warrant prompt investigation, ideally combined with location verification during the visit.",Tehsil-Level
Real (Census),31321033,GGHS Chak No 179/7-R,RAHIMYAR KHAN,LIAQATPUR,High,Non-Functional,No,,,,,,,0,0,No,No,Yes-Wholly,Building Is Dangerous,,Oct-2018 (Annual Census),https://opendata.com.pk/dataset/punjab-annual-school-census-report-2017-18 (PMIU/PESRP source),,2,Low - Needs Satellite Verification,High,67.5,"School_Status marked 'Non-Functional' by government census, no boundary wall, no toilets on premises and no electricity",False,,28.760002,70.820985,,,,NoData,,"The census-based data analysis shows School_Status marked 'Non-Functional' by government census, no boundary wall, no toilets on premises and no electricity. No usable satellite reading is available — the school could only be geocoded to its tehsil centre, and imagery there would not represent its actual location. The data indicators alone warrant prompt investigation, ideally combined with location verification during the visit.",Tehsil-Level
Real (Census),31321034,GGHS Chak No 148/5-R,RAHIMYAR KHAN,LIAQATPUR,High,Non-Functional,No,,,,,94.0,,0,0,No,No,No,,,Oct-2018 (Annual Census),https://opendata.com.pk/dataset/punjab-annual-school-census-report-2017-18 (PMIU/PESRP source),,2,Low - Needs Satellite Verification,High,82.5,"School_Status marked 'Non-Functional' by government census, no boundary wall, no drinking water and no toilets on premises",False,,28.855686,71.016265,0.0,90.62,90.62,High_Density, 90.6% built-up area detected — clearly in a developed location,"Although satellite imagery shows 90.6% built-up around the school's exact location (up from 0% in the 2017 imagery), suggesting a clearly developed location, the census-based data analysis shows School_Status marked 'Non-Functional' by government census, no boundary wall, no drinking water and no toilets on premises. The two findings therefore point in different directions: a developed setting makes a physically absent school less likely, yet the recorded indicators remain weak. This discrepancy is a red flag and warrants prompt investigation.",School-Level
Real (Census),32110565,GGPS SUMRA GABOOL,D.G. KHAN,D.G. KHAN,Primary,Non-Functional,No,,,,,,,2,2,Yes-Wholly,No,Yes-Wholly,Satisfying,,Oct-2018 (Annual Census),https://opendata.com.pk/dataset/punjab-annual-school-census-report-2017-18 (PMIU/PESRP source),,2,Low - Needs Satellite Verification,High,40.0,"School_Status marked 'Non-Functional' by government census, no electricity",False,,30.550891,70.595535,,,,NoData,,"The census-based data analysis shows School_Status marked 'Non-Functional' by government census, no electricity. No usable satellite reading is available — the school could only be geocoded to its tehsil centre, and imagery there would not represent its actual location. The data indicators alone warrant prompt investigation, ideally combined with location verification during the visit.",Tehsil-Level
Real (Census),32320949,GPS CHAK NO. 131 ML,MUZAFFARGARH,KOT ADU,Primary,Non-Functional,No,,,,,,,2,2,Yes-Wholly,No,Yes-Wholly,Satisfying,non_func_reason (source field): 2,Oct-2018 (Annual Census),https://opendata.com.pk/dataset/punjab-annual-school-census-report-2017-18 (PMIU/PESRP source),,2,Low - Needs Satellite Verification,High,40.0,"School_Status marked 'Non-Functional' by government census, no electricity",False,,30.405512,70.937831,,,,NoData,,"The census-based data analysis shows School_Status marked 'Non-Functional' by government census, no electricity. No usable satellite reading is available — the school could only be geocoded to its tehsil centre, and imagery there would not represent its actual location. The data indicators alone warrant prompt investigation, ideally combined with location verification during the visit.",Tehsil-Level
Real (Census),35110333,GGPS ALI PUR CHAK NO 6,KASUR,CHUNIAN,Primary,Non-Functional,No,,,,,,,0,0,Yes-Wholly,Yes-Wholly,Yes-Wholly,Satisfying,,Oct-2018 (Annual Census),https://opendata.com.pk/dataset/punjab-annual-school-census-report-2017-18 (PMIU/PESRP source),,2,Low - Needs Satellite Verification,High,42.5,"School_Status marked 'Non-Functional' by government census, no toilets on premises",False,,30.9631954,73.9807183,100.0,100.0,100.0,High_Density,"Village-area shows 100% built-up area detected — clearly in a developed location (shared coordinates with other schools in this village — reflects general area, not confirmed for this specific school)","Although satellite imagery shows 100% built-up in the surrounding village area, suggesting a clearly developed location, the census-based data analysis shows School_Status marked 'Non-Functional' by government census, no toilets on premises. The two findings therefore point in different directions: a developed setting makes a physically absent school less likely, yet the recorded indicators remain weak. This discrepancy is a red flag and warrants prompt investigation.",Village-Level
Real (Census),39311057,GPS TAHLI JAMAL HITHAR,OKARA,DEPALPUR,Primary,Non-Functional,No,,,,,,,2,2,Yes-Wholly,No,Yes-Wholly,Satisfying,,Oct-2018 (Annual Census),https://opendata.com.pk/dataset/punjab-annual-school-census-report-2017-18 (PMIU/PESRP source),,2,Low - Needs Satellite Verification,High,40.0,"School_Status marked 'Non-Functional' by government census, no electricity",False,,30.6691771,73.6513733,100.0,100.0,100.0,High_Density,"Village-area shows 100% built-up area detected — clearly in a developed location (shared coordinates with other schools in this village — reflects general area, not confirmed for this specific school)","Although satellite imagery shows 100% built-up in the surrounding village area, suggesting a clearly developed location, the census-based data analysis shows School_Status marked 'Non-Functional' by government census, no electricity. The two findings therefore point in different directions: a developed setting makes a physically absent school less likely, yet the recorded indicators remain weak. This discrepancy is a red flag and warrants prompt investigation.",Village-Level
Real (Census),32330691,GPS BASTI KANHAL,MUZAFFARGARH,MUZAFFARGARH,Primary,Non-Functional,No,,,,,,,0,0,No,Yes-Wholly,Yes-Wholly,Satisfying,,Oct-2018 (Annual Census),https://opendata.com.pk/dataset/punjab-annual-school-census-report-2017-18 (PMIU/PESRP source),,2,Low - Needs Satellite Verification,High,57.5,"School_Status marked 'Non-Functional' by government census, no boundary wall and no toilets on premises",False,,30.084183,71.1939667,100.0,90.62,90.62,High_Density,"Village-area shows 90.6% built-up area detected — clearly in a developed location (shared coordinates with other schools in this village — reflects general area, not confirmed for this specific school)","Although satellite imagery shows 90.6% built-up in the surrounding village area, suggesting a clearly developed location, the census-based data analysis shows School_Status marked 'Non-Functional' by government census, no boundary wall and no toilets on premises. The two findings therefore point in different directions: a developed setting makes a physically absent school less likely, yet the recorded indicators remain weak. This discrepancy is a red flag and warrants prompt investigation.",Village-Level
Real (Census),37130118,GPS SAHWAL (PSSP-II),ATTOCK,PINDI GHEB,Primary,Non-Functional,No,,,,,,,0,0,Yes-Wholly,Yes-Wholly,Yes-Wholly,Satisfying,,Oct-2018 (Annual Census),https://opendata.com.pk/dataset/punjab-annual-school-census-report-2017-18 (PMIU/PESRP source),,2,Low - Needs Satellite Verification,High,42.5,"School_Status marked 'Non-Functional' by government census, no toilets on premises",False,,33.2437103,72.2686198,100.0,100.0,100.0,High_Density,"Village-area shows 100% built-up area detected — clearly in a developed location (shared coordinates with other schools in this village — reflects general area, not confirmed for this specific school)","Although satellite imagery shows 100% built-up in the surrounding village area, suggesting a clearly developed location, the census-based data analysis shows School_Status marked 'Non-Functional' by government census, no toilets on premises. The two findings therefore point in different directions: a developed setting makes a physically absent school less likely, yet the recorded indicators remain weak. This discrepancy is a red flag and warrants prompt investigation.",Village-Level
Real (Census),34320074,GGHS LANGAY,SIALKOT,PASRUR,High,Functional,Yes,,15.0,,,289.0,,10,10,Yes-Wholly,Yes-Wholly,Yes-Wholly,Satisfying,non_func_reason (source field): Building Illegally Occupied; dangerous_classrooms (source field): 3,Oct-2018 (Annual Census),https://opendata.com.pk/dataset/punjab-annual-school-census-report-2017-18 (PMIU/PESRP source),,2,Low - Needs Satellite Verification,High,35.0,Illegal occupation of the school building,False,,32.4846576,74.5442398,100.0,100.0,100.0,High_Density,"Village-area shows 100% built-up area detected — clearly in a developed location (shared coordinates with other schools in this village — reflects general area, not confirmed for this specific school)","Although satellite imagery shows 100% built-up in the surrounding village area, suggesting a clearly developed location, the census-based data analysis shows illegal occupation of the school building. The two findings therefore point in different directions: a developed setting makes a physically absent school less likely, yet the recorded indicators remain weak. This discrepancy is a red flag and warrants prompt investigation.",Village-Level
Real (Census),36130239,GPS RANA WAHIN,MULTAN,MULTAN SADAR,Primary,Functional,Yes,,4.0,,,221.0,,3,3,Yes-Wholly,Yes-Wholly,Yes-Wholly,Needed Minor Repairing,non_func_reason (source field): Building Illegally Occupied,Oct-2018 (Annual Census),https://opendata.com.pk/dataset/punjab-annual-school-census-report-2017-18 (PMIU/PESRP source),,2,Low - Needs Satellite Verification,High,35.0,Illegal occupation of the school building,False,,29.9302973,71.35893155,,,,NoData,,"The census-based data analysis shows illegal occupation of the school building. No usable satellite reading is available — the school could only be geocoded to its tehsil centre, and imagery there would not represent its actual location. The data indicators alone warrant prompt investigation, ideally combined with location verification during the visit.",Tehsil-Level
Real (Census),33110354,GGHS DECCAN SAMANABAD FSD,FAISALABAD,FAISALABAD CITY,High,Functional,Yes,,32.0,,,1356.0,,14,14,Yes-Wholly,Yes-Wholly,Yes-Wholly,Satisfying,non_func_reason (source field): Building Illegally Occupied,Oct-2018 (Annual Census),https://opendata.com.pk/dataset/punjab-annual-school-census-report-2017-18 (PMIU/PESRP source),,2,Low - Needs Satellite Verification,High,35.0,Illegal occupation of the school building,False,,31.386296,73.0676444,100.0,100.0,100.0,High_Density,"Village-area shows 100% built-up area detected — clearly in a developed location (shared coordinates with other schools in this village — reflects general area, not confirmed for this specific school)","Although satellite imagery shows 100% built-up in the surrounding village area, suggesting a clearly developed location, the census-based data analysis shows illegal occupation of the school building. The two findings therefore point in different directions: a developed setting makes a physically absent school less likely, yet the recorded indicators remain weak. This discrepancy is a red flag and warrants prompt investigation.",Village-Level
Real (Census),37330149,GGHS JHANDA CHICHI,RAWALPINDI,RAWALPINDI,High,Functional,Yes,,31.0,,,709.0,,13,13,Yes-Wholly,Yes-Wholly,Yes-Wholly,Satisfying,non_func_reason (source field): Building Illegally Occupied,Oct-2018 (Annual Census),https://opendata.com.pk/dataset/punjab-annual-school-census-report-2017-18 (PMIU/PESRP source),,2,Low - Needs Satellite Verification,High,35.0,Illegal occupation of the school building,False,,33.6040754,73.0483807,100.0,100.0,100.0,High_Density,"Village-area shows 100% built-up area detected — clearly in a developed location (shared coordinates with other schools in this village — reflects general area, not confirmed for this specific school)","Although satellite imagery shows 100% built-up in the surrounding village area, suggesting a clearly developed location, the census-based data analysis shows illegal occupation of the school building. The two findings therefore point in different directions: a developed setting makes a physically absent school less likely, yet the recorded indicators remain weak. This discrepancy is a red flag and warrants prompt investigation.",Village-Level
Real (Census),35210693,GGES KACHA,LAHORE,MODEL TOWN,Middle,Functional,Yes,,10.0,,,544.0,,4,4,Yes-Wholly,Yes-Wholly,Yes-Wholly,Satisfying,non_func_reason (source field): Building Illegally Occupied,Oct-2018 (Annual Census),https://opendata.com.pk/dataset/punjab-annual-school-census-report-2017-18 (PMIU/PESRP source),,2,Low - Needs Satellite Verification,High,35.0,Illegal occupation of the school building,False,,31.4729999,74.3108542,100.0,100.0,100.0,High_Density,"Village-area shows 100% built-up area detected — clearly in a developed location (shared coordinates with other schools in this village — reflects general area, not confirmed for this specific school)","Although satellite imagery shows 100% built-up in the surrounding village area, suggesting a clearly developed location, the census-based data analysis shows illegal occupation of the school building. The two findings therefore point in different directions: a developed setting makes a physically absent school less likely, yet the recorded indicators remain weak. This discrepancy is a red flag and warrants prompt investigation.",Village-Level
Real (Census),39220030,GGHS MC MODEL ARIFWALA,PAKPATTAN,ARIFWALA,High,Functional,Yes,,66.0,,,3021.0,,28,28,Yes-Wholly,Yes-Wholly,Yes-Wholly,Satisfying,non_func_reason (source field): Building Illegally Occupied,Oct-2018 (Annual Census),https://opendata.com.pk/dataset/punjab-annual-school-census-report-2017-18 (PMIU/PESRP source),,2,Low - Needs Satellite Verification,High,35.0,Illegal occupation of the school building,False,,30.2944504,73.0589418,100.0,100.0,100.0,High_Density,"Village-area shows 100% built-up area detected — clearly in a developed location (shared coordinates with other schools in this village — reflects general area, not confirmed for this specific school)","Although satellite imagery shows 100% built-up in the surrounding village area, suggesting a clearly developed location, the census-based data analysis shows illegal occupation of the school building. The two findings therefore point in different directions: a developed setting makes a physically absent school less likely, yet the recorded indicators remain weak. This discrepancy is a red flag and warrants prompt investigation.",Village-Level
Real (Census),31321031,GGHS 158/7-R,RAHIMYAR KHAN,LIAQATPUR,High,Functional,No,,4.0,,,36.0,,0,0,No,No,No,Building Is Dangerous,,Oct-2018 (Annual Census),https://opendata.com.pk/dataset/punjab-annual-school-census-report-2017-18 (PMIU/PESRP source),,2,Low - Needs Satellite Verification,High,52.5,"No boundary wall, no drinking water and no toilets on premises",False,,28.760002,70.820985,,,,NoData,,"The census-based data analysis shows no boundary wall, no drinking water and no toilets on premises. No usable satellite reading is available — the school could only be geocoded to its tehsil centre, and imagery there would not represent its actual location. The data indicators alone warrant prompt investigation, ideally combined with location verification during the visit.",Tehsil-Level
Real (Census),33140395,GGPS CHAK 269 RB II SALONI,FAISALABAD,FAISALABAD SADDAR,Primary,Functional,No,,4.0,,,180.0,,3,1,No,Yes-Wholly,Yes-Wholly,Partial Building is Dangerous,dangerous_classrooms (source field): 2,Oct-2018 (Annual Census),https://opendata.com.pk/dataset/punjab-annual-school-census-report-2017-18 (PMIU/PESRP source),,2,Low - Needs Satellite Verification,Medium,31.67,Moderate toilet non-functionality (only 1 of 3 working) and no boundary wall,False,,31.3711401,73.0706582,100.0,100.0,100.0,High_Density,"Village-area shows 100% built-up area detected — clearly in a developed location (shared coordinates with other schools in this village — reflects general area, not confirmed for this specific school)","Although satellite imagery shows 100% built-up in the surrounding village area, suggesting a clearly developed location, the census-based data analysis shows moderate toilet non-functionality (only 1 of 3 working) and no boundary wall. The two findings therefore point in different directions: a developed setting makes a physically absent school less likely, yet the recorded indicators remain weak. This discrepancy is worth a follow-up review to determine whether the school is operating as reported.",Village-Level
Real (Census),32110836,GGCMS FEROZ WALA,D.G. KHAN,D.G. KHAN,Primary,Functional,No,,4.0,,,199.0,,5,1,Yes-Wholly,No,Yes-Wholly,Building Is Dangerous,dangerous_classrooms (source field): 2,Oct-2018 (Annual Census),https://opendata.com.pk/dataset/punjab-annual-school-census-report-2017-18 (PMIU/PESRP source),,2,Low - Needs Satellite Verification,Medium,30.0,Severe toilet non-functionality (only 1 of 5 working) and no electricity,False,,30.550891,70.595535,,,,NoData,,"The census-based data analysis shows severe toilet non-functionality (only 1 of 5 working) and no electricity. No usable satellite reading is available — the school could only be geocoded to its tehsil centre, and imagery there would not represent its actual location. The data indicators alone warrant a follow-up review.",Tehsil-Level
Real (Census),32410223,GPS THUL SAIDAN,RAJANPUR,JAMPUR,Primary,Functional,No,,1.0,,,23.0,,4,2,Yes-Wholly,No,No,Building Is Dangerous,dangerous_classrooms (source field): 2,Oct-2018 (Annual Census),https://opendata.com.pk/dataset/punjab-annual-school-census-report-2017-18 (PMIU/PESRP source),,2,Low - Needs Satellite Verification,Medium,37.5,"No drinking water, moderate toilet non-functionality (only 2 of 4 working) and no electricity",False,,29.6384224,70.5772492,96.88,93.75,93.75,High_Density,"Village-area shows 93.8% built-up area detected — clearly in a developed location (shared coordinates with other schools in this village — reflects general area, not confirmed for this specific school)","Although satellite imagery shows 93.8% built-up in the surrounding village area, suggesting a clearly developed location, the census-based data analysis shows no drinking water, moderate toilet non-functionality (only 2 of 4 working) and no electricity. The two findings therefore point in different directions: a developed setting makes a physically absent school less likely, yet the recorded indicators remain weak. This discrepancy is worth a follow-up review to determine whether the school is operating as reported.",Village-Level
Real (Census),37320082,GPS SOHAWA PHAPHIRAL,RAWALPINDI,MURREE,Primary,Functional,No,,3.0,,,52.0,,2,2,No,No,Yes-Wholly,Building Is Dangerous,dangerous_classrooms (source field): 2,Oct-2018 (Annual Census),https://opendata.com.pk/dataset/punjab-annual-school-census-report-2017-18 (PMIU/PESRP source),,2,Low - Needs Satellite Verification,Medium,25.0,No boundary wall and no electricity,False,,33.9056829,73.392674,100.0,100.0,100.0,High_Density,"Village-area shows 100% built-up area detected — clearly in a developed location (shared coordinates with other schools in this village — reflects general area, not confirmed for this specific school)","Although satellite imagery shows 100% built-up in the surrounding village area, suggesting a clearly developed location, the census-based data analysis shows no boundary wall and no electricity. The two findings therefore point in different directions: a developed setting makes a physically absent school less likely, yet the recorded indicators remain weak. This discrepancy is worth a follow-up review to determine whether the school is operating as reported.",Village-Level
Real (Census),31150222,GGPS DAB WALI,BAHAWALNAGAR,MINCHINABAD,Primary,Functional,No,,4.0,,,142.0,,4,3,No,No,Yes-Wholly,Partial Building is Dangerous,dangerous_classrooms (source field): 2,Oct-2018 (Annual Census),https://opendata.com.pk/dataset/punjab-annual-school-census-report-2017-18 (PMIU/PESRP source),,2,Low - Needs Satellite Verification,Medium,31.25,"No boundary wall, no electricity and moderate toilet non-functionality (only 3 of 4 working)",False,,30.0061639,73.2661567,100.0,100.0,100.0,High_Density,"Village-area shows 100% built-up area detected — clearly in a developed location (shared coordinates with other schools in this village — reflects general area, not confirmed for this specific school)","Although satellite imagery shows 100% built-up in the surrounding village area, suggesting a clearly developed location, the census-based data analysis shows no boundary wall, no electricity and moderate toilet non-functionality (only 3 of 4 working). The two findings therefore point in different directions: a developed setting makes a physically absent school less likely, yet the recorded indicators remain weak. This discrepancy is worth a follow-up review to determine whether the school is operating as reported.",Village-Level
Real (Census),32330665,GPS CHIMROO WALI,MUZAFFARGARH,MUZAFFARGARH,Primary,Functional,No,,4.0,,,89.0,,2,0,Yes-Wholly,No,Yes-Wholly,Building Is Dangerous,dangerous_classrooms (source field): 2,Oct-2018 (Annual Census),https://opendata.com.pk/dataset/punjab-annual-school-census-report-2017-18 (PMIU/PESRP source),,2,Low - Needs Satellite Verification,Medium,35.0,No functional toilets (0 of 2) and no electricity,False,,30.084183,71.1939667,100.0,90.62,90.62,High_Density,"Village-area shows 90.6% built-up area detected — clearly in a developed location (shared coordinates with other schools in this village — reflects general area, not confirmed for this specific school)","Although satellite imagery shows 90.6% built-up in the surrounding village area, suggesting a clearly developed location, the census-based data analysis shows no functional toilets (0 of 2) and no electricity. The two findings therefore point in different directions: a developed setting makes a physically absent school less likely, yet the recorded indicators remain weak. This discrepancy is worth a follow-up review to determine whether the school is operating as reported.",Village-Level
Real (Census),37360182,GPS RAIPA,RAWALPINDI,GUJAR KHAN,Primary,Functional,No,,,,,16.0,,1,0,Yes-Wholly,Yes-Wholly,No,Partial Building is Dangerous,dangerous_classrooms (source field): 2,Oct-2018 (Annual Census),https://opendata.com.pk/dataset/punjab-annual-school-census-report-2017-18 (PMIU/PESRP source),,2,Low - Needs Satellite Verification,Medium,40.0,No functional toilets (0 of 1) and no drinking water,False,,33.2590018,73.3076163,100.0,100.0,100.0,High_Density,"Village-area shows 100% built-up area detected — clearly in a developed location (shared coordinates with other schools in this village — reflects general area, not confirmed for this specific school)","Although satellite imagery shows 100% built-up in the surrounding village area, suggesting a clearly developed location, the census-based data analysis shows no functional toilets (0 of 1) and no drinking water. The two findings therefore point in different directions: a developed setting makes a physically absent school less likely, yet the recorded indicators remain weak. This discrepancy is worth a follow-up review to determine whether the school is operating as reported.",Village-Level
Real (Census),37350011,GHS SURBA,RAWALPINDI,KOTLI SATTIAN,High,Functional,No,,11.0,,,194.0,,8,6,No,Yes-Wholly,No,Partial Building is Dangerous,dangerous_classrooms (source field): 2,Oct-2018 (Annual Census),https://opendata.com.pk/dataset/punjab-annual-school-census-report-2017-18 (PMIU/PESRP source),,2,Low - Needs Satellite Verification,Medium,36.25,"No boundary wall, no drinking water and moderate toilet non-functionality (only 6 of 8 working)",False,,33.8058076,73.5237431,100.0,100.0,100.0,High_Density,"Village-area shows 100% built-up area detected — clearly in a developed location (shared coordinates with other schools in this village — reflects general area, not confirmed for this specific school)","Although satellite imagery shows 100% built-up in the surrounding village area, suggesting a clearly developed location, the census-based data analysis shows no boundary wall, no drinking water and moderate toilet non-functionality (only 6 of 8 working). The two findings therefore point in different directions: a developed setting makes a physically absent school less likely, yet the recorded indicators remain weak. This discrepancy is worth a follow-up review to determine whether the school is operating as reported.",Village-Level
Real (Census),37350153,GGPS BADNIAN,RAWALPINDI,KOTLI SATTIAN,Primary,Functional,No,,4.0,,,45.0,,1,1,No,No,Yes-Wholly,Partial Building is Dangerous,dangerous_classrooms (source field): 2,Oct-2018 (Annual Census),https://opendata.com.pk/dataset/punjab-annual-school-census-report-2017-18 (PMIU/PESRP source),,2,Low - Needs Satellite Verification,Medium,25.0,No boundary wall and no electricity,False,,33.8058076,73.5237431,100.0,100.0,100.0,High_Density,"Village-area shows 100% built-up area detected — clearly in a developed location (shared coordinates with other schools in this village — reflects general area, not confirmed for this specific school)","Although satellite imagery shows 100% built-up in the surrounding village area, suggesting a clearly developed location, the census-based data analysis shows no boundary wall and no electricity. The two findings therefore point in different directions: a developed setting makes a physically absent school less likely, yet the recorded indicators remain weak. This discrepancy is worth a follow-up review to determine whether the school is operating as reported.",Village-Level
Real (Census),34120519,GMPS JOKHIAN,GUJRANWALA,WAZIRABAD,Primary,Functional,No,,6.0,,,160.0,,4,3,No,No,Yes-Wholly,Building Is Dangerous,dangerous_classrooms (source field): 2,Oct-2018 (Annual Census),https://opendata.com.pk/dataset/punjab-annual-school-census-report-2017-18 (PMIU/PESRP source),,2,Low - Needs Satellite Verification,Medium,31.25,"No boundary wall, no electricity and moderate toilet non-functionality (only 3 of 4 working)",False,,32.0346163,74.3438688,100.0,100.0,100.0,High_Density,"Village-area shows 100% built-up area detected — clearly in a developed location (shared coordinates with other schools in this village — reflects general area, not confirmed for this specific school)","Although satellite imagery shows 100% built-up in the surrounding village area, suggesting a clearly developed location, the census-based data analysis shows no boundary wall, no electricity and moderate toilet non-functionality (only 3 of 4 working). The two findings therefore point in different directions: a developed setting makes a physically absent school less likely, yet the recorded indicators remain weak. This discrepancy is worth a follow-up review to determine whether the school is operating as reported.",Village-Level
Real (Census),37350096,GPS KHAL CHATTAR,RAWALPINDI,KOTLI SATTIAN,Primary,Functional,No,,4.0,,,25.0,,2,2,No,No,Yes-Wholly,Partial Building is Dangerous,dangerous_classrooms (source field): 2,Oct-2018 (Annual Census),https://opendata.com.pk/dataset/punjab-annual-school-census-report-2017-18 (PMIU/PESRP source),,2,Low - Needs Satellite Verification,Medium,25.0,No boundary wall and no electricity,False,,33.8058076,73.5237431,100.0,100.0,100.0,High_Density,"Village-area shows 100% built-up area detected — clearly in a developed location (shared coordinates with other schools in this village — reflects general area, not confirmed for this specific school)","Although satellite imagery shows 100% built-up in the surrounding village area, suggesting a clearly developed location, the census-based data analysis shows no boundary wall and no electricity. The two findings therefore point in different directions: a developed setting makes a physically absent school less likely, yet the recorded indicators remain weak. This discrepancy is worth a follow-up review to determine whether the school is operating as reported.",Village-Level
Real (Census),32120005,GHS BHANBHAN,D.G. KHAN,TAUNSA,High,Functional,No,,19.0,,,522.0,,8,4,Yes-Wholly,Yes-Wholly,No,Partial Building is Dangerous,dangerous_classrooms (source field): 6,Oct-2018 (Annual Census),https://opendata.com.pk/dataset/punjab-annual-school-census-report-2017-18 (PMIU/PESRP source),,2,Low - Needs Satellite Verification,Medium,27.5,No drinking water and moderate toilet non-functionality (only 4 of 8 working),False,,30.550891,70.595535,,,,NoData,,"The census-based data analysis shows no drinking water and moderate toilet non-functionality (only 4 of 8 working). No usable satellite reading is available — the school could only be geocoded to its tehsil centre, and imagery there would not represent its actual location. The data indicators alone warrant a follow-up review.",Tehsil-Level
Real (Census),31320001,GHSS FEROZAA,RAHIMYAR KHAN,LIAQATPUR,H.Sec.,Functional,No,,47.0,,,1416.0,,8,2,Yes-Wholly,Yes-Wholly,Yes-Wholly,Building Is Dangerous,dangerous_classrooms (source field): 8,Oct-2018 (Annual Census),https://opendata.com.pk/dataset/punjab-annual-school-census-report-2017-18 (PMIU/PESRP source),,2,Low - Needs Satellite Verification,Low,18.75,Severe toilet non-functionality (only 2 of 8 working),False,,28.760002,70.820985,100.0,,100.0,High_Density,"Village-area shows 100% built-up area detected — clearly in a developed location (shared coordinates with other schools in this village — reflects general area, not confirmed for this specific school)","Although satellite imagery shows 100% built-up in the surrounding village area, suggesting a clearly developed location, the census-based data analysis shows severe toilet non-functionality (only 2 of 8 working). The two findings therefore point in different directions: a developed setting makes a physically absent school less likely, yet the recorded indicators remain weak. On its own this discrepancy is not a strong ghost-school signal, though it merits routine monitoring.",Village-Level
Real (Census),32120041,GGHS KOT MOHEE,D.G. KHAN,TAUNSA,High,Functional,No,,6.0,,,216.0,,8,2,Yes-Wholly,Yes-Wholly,Yes-Wholly,Partial Building is Dangerous,dangerous_classrooms (source field): 5,Oct-2018 (Annual Census),https://opendata.com.pk/dataset/punjab-annual-school-census-report-2017-18 (PMIU/PESRP source),,2,Low - Needs Satellite Verification,Low,18.75,Severe toilet non-functionality (only 2 of 8 working),False,,30.550891,70.595535,100.0,100.0,100.0,High_Density,"Village-area shows 100% built-up area detected — clearly in a developed location (shared coordinates with other schools in this village — reflects general area, not confirmed for this specific school)","Although satellite imagery shows 100% built-up in the surrounding village area, suggesting a clearly developed location, the census-based data analysis shows severe toilet non-functionality (only 2 of 8 working). The two findings therefore point in different directions: a developed setting makes a physically absent school less likely, yet the recorded indicators remain weak. On its own this discrepancy is not a strong ghost-school signal, though it merits routine monitoring.",Village-Level
Real (Census),35210039,GHS IQBAL GARHI SHAHU,LAHORE,SHALIMAR,High,Functional,No,,19.0,,,729.0,,7,1,Yes-Wholly,Yes-Wholly,Yes-Wholly,Partial Building is Dangerous,dangerous_classrooms (source field): 6,Oct-2018 (Annual Census),https://opendata.com.pk/dataset/punjab-annual-school-census-report-2017-18 (PMIU/PESRP source),,2,Low - Needs Satellite Verification,Medium,21.43,Severe toilet non-functionality (only 1 of 7 working),False,,31.5870311,74.3821182,100.0,100.0,100.0,High_Density,"Village-area shows 100% built-up area detected — clearly in a developed location (shared coordinates with other schools in this village — reflects general area, not confirmed for this specific school)","Although satellite imagery shows 100% built-up in the surrounding village area, suggesting a clearly developed location, the census-based data analysis shows severe toilet non-functionality (only 1 of 7 working). The two findings therefore point in different directions: a developed setting makes a physically absent school less likely, yet the recorded indicators remain weak. This discrepancy is worth a follow-up review to determine whether the school is operating as reported.",Village-Level
Real (Census),39330054,GHS 7-1R FAUJIAN,OKARA,RENALA KHURD,High,Functional,No,,14.0,,,342.0,,6,6,No,Yes-Wholly,Yes-Wholly,Building Is Dangerous,dangerous_classrooms (source field): 5,Oct-2018 (Annual Census),https://opendata.com.pk/dataset/punjab-annual-school-census-report-2017-18 (PMIU/PESRP source),,2,Low - Needs Satellite Verification,Low,15.0,No boundary wall,False,,30.8782508,73.5998771,100.0,100.0,100.0,High_Density,"Village-area shows 100% built-up area detected — clearly in a developed location (shared coordinates with other schools in this village — reflects general area, not confirmed for this specific school)","Although satellite imagery shows 100% built-up in the surrounding village area, suggesting a clearly developed location, the census-based data analysis shows no boundary wall. The two findings therefore point in different directions: a developed setting makes a physically absent school less likely, yet the recorded indicators remain weak. On its own this discrepancy is not a strong ghost-school signal, though it merits routine monitoring.",Village-Level
Real (Census),35220054,GHS SHAHDARA,LAHORE,CITY,High,Functional,No,,42.0,,,1344.0,,28,13,Yes-Wholly,Yes-Wholly,Yes-Wholly,Building Is Dangerous,dangerous_classrooms (source field): 7,Oct-2018 (Annual Census),https://opendata.com.pk/dataset/punjab-annual-school-census-report-2017-18 (PMIU/PESRP source),,2,Low - Needs Satellite Verification,Low,13.39,Moderate toilet non-functionality (only 13 of 28 working),False,,31.5831841,74.3184836,100.0,100.0,100.0,High_Density,"Village-area shows 100% built-up area detected — clearly in a developed location (shared coordinates with other schools in this village — reflects general area, not confirmed for this specific school)","Although satellite imagery shows 100% built-up in the surrounding village area, suggesting a clearly developed location, the census-based data analysis shows moderate toilet non-functionality (only 13 of 28 working). The two findings therefore point in different directions: a developed setting makes a physically absent school less likely, yet the recorded indicators remain weak. On its own this discrepancy is not a strong ghost-school signal, though it merits routine monitoring.",Village-Level
Real (Census),31240443,GES CHAK NO.10/DRB,BAHAWALPUR,YAZMAN,Middle,Functional,No,,8.0,,,64.0,,2,2,No,Yes-Wholly,Yes-Wholly,Partial Building is Dangerous,dangerous_classrooms (source field): 8,Oct-2018 (Annual Census),https://opendata.com.pk/dataset/punjab-annual-school-census-report-2017-18 (PMIU/PESRP source),,2,Low - Needs Satellite Verification,Low,15.0,No boundary wall,False,,29.3483637,71.6954115,100.0,100.0,100.0,High_Density,"Village-area shows 100% built-up area detected — clearly in a developed location (shared coordinates with other schools in this village — reflects general area, not confirmed for this specific school)","Although satellite imagery shows 100% built-up in the surrounding village area, suggesting a clearly developed location, the census-based data analysis shows no boundary wall. The two findings therefore point in different directions: a developed setting makes a physically absent school less likely, yet the recorded indicators remain weak. On its own this discrepancy is not a strong ghost-school signal, though it merits routine monitoring.",Village-Level
Real (Census),32340004,GHS JHUGGI WALA,MUZAFFARGARH,JATOI,High,Functional,No,,28.0,,,841.0,,12,2,Yes-Wholly,Yes-Wholly,Yes-Wholly,Building Is Dangerous,dangerous_classrooms (source field): 9,Oct-2018 (Annual Census),https://opendata.com.pk/dataset/punjab-annual-school-census-report-2017-18 (PMIU/PESRP source),,2,Low - Needs Satellite Verification,Medium,20.83,Severe toilet non-functionality (only 2 of 12 working),False,,29.5105224,70.8459377,100.0,100.0,100.0,High_Density, 100% built-up area detected — clearly in a developed location,"Although satellite imagery shows 100% built-up around the school's exact location, suggesting a clearly developed location, the census-based data analysis shows severe toilet non-functionality (only 2 of 12 working). The two findings therefore point in different directions: a developed setting makes a physically absent school less likely, yet the recorded indicators remain weak. This discrepancy is worth a follow-up review to determine whether the school is operating as reported.",School-Level
Real (Census),32110043,GHS ROONGHAN,D.G. KHAN,D.G. KHAN,High,Functional,No,,6.0,,,87.0,,1,1,Yes-Wholly,No,Yes-Wholly,Building Is Dangerous,dangerous_classrooms (source field): 5,Oct-2018 (Annual Census),https://opendata.com.pk/dataset/punjab-annual-school-census-report-2017-18 (PMIU/PESRP source),,2,Low - Needs Satellite Verification,Low,10.0,No electricity,False,,30.550891,70.595535,,,,NoData,,"The census-based data analysis shows no electricity. No usable satellite reading is available — the school could only be geocoded to its tehsil centre, and imagery there would not represent its actual location.",Tehsil-Level
Real (Census),37320274,GPS CHANGWARIAN,RAWALPINDI,MURREE,Primary,Functional,No,,1.0,,,33.0,,3,1,No,No,No,Complete Building Needs Repairing,,Oct-2018 (Annual Census),https://opendata.com.pk/dataset/punjab-annual-school-census-report-2017-18 (PMIU/PESRP source),,2,Low - Needs Satellite Verification,High,56.67,"Moderate toilet non-functionality (only 1 of 3 working), no boundary wall and no drinking water",False,,33.9056829,73.392674,100.0,100.0,100.0,High_Density,"Village-area shows 100% built-up area detected — clearly in a developed location (shared coordinates with other schools in this village — reflects general area, not confirmed for this specific school)","Although satellite imagery shows 100% built-up in the surrounding village area, suggesting a clearly developed location, the census-based data analysis shows moderate toilet non-functionality (only 1 of 3 working), no boundary wall and no drinking water. The two findings therefore point in different directions: a developed setting makes a physically absent school less likely, yet the recorded indicators remain weak. This discrepancy is a red flag and warrants prompt investigation.",Village-Level
Real (Census),32420001,GHSS FAZILPUR,RAJANPUR,RAJANPUR,H.Sec.,Functional,No,,49.0,,,2009.0,,19,9,Yes-Wholly,Yes-Wholly,Yes-Wholly,Partial Building is Dangerous,dangerous_classrooms (source field): 7,Oct-2018 (Annual Census),https://opendata.com.pk/dataset/punjab-annual-school-census-report-2017-18 (PMIU/PESRP source),,2,Low - Needs Satellite Verification,Low,13.16,Moderate toilet non-functionality (only 9 of 19 working),False,,29.1002542,70.3378699,100.0,100.0,100.0,High_Density,"Village-area shows 100% built-up area detected — clearly in a developed location (shared coordinates with other schools in this village — reflects general area, not confirmed for this specific school)","Although satellite imagery shows 100% built-up in the surrounding village area, suggesting a clearly developed location, the census-based data analysis shows moderate toilet non-functionality (only 9 of 19 working). The two findings therefore point in different directions: a developed setting makes a physically absent school less likely, yet the recorded indicators remain weak. On its own this discrepancy is not a strong ghost-school signal, though it merits routine monitoring.",Village-Level
Real (Census),35210824,GGHS CDG SHADMAN COLONY,LAHORE,CITY,High,Functional,No,,21.0,,,629.0,,6,2,Yes-Wholly,Yes-Wholly,Yes-Wholly,Partial Building is Dangerous,dangerous_classrooms (source field): 6,Oct-2018 (Annual Census),https://opendata.com.pk/dataset/punjab-annual-school-census-report-2017-18 (PMIU/PESRP source),,2,Low - Needs Satellite Verification,Low,16.67,Moderate toilet non-functionality (only 2 of 6 working),False,,31.5831841,74.3184836,100.0,100.0,100.0,High_Density,"Village-area shows 100% built-up area detected — clearly in a developed location (shared coordinates with other schools in this village — reflects general area, not confirmed for this specific school)","Although satellite imagery shows 100% built-up in the surrounding village area, suggesting a clearly developed location, the census-based data analysis shows moderate toilet non-functionality (only 2 of 6 working). The two findings therefore point in different directions: a developed setting makes a physically absent school less likely, yet the recorded indicators remain weak. On its own this discrepancy is not a strong ghost-school signal, though it merits routine monitoring.",Village-Level
Real (Census),35210131,GES BADOKI,LAHORE,MODEL TOWN,Middle,Functional,No,,12.0,,,401.0,,6,6,No,Yes-Wholly,Yes-Wholly,Building Is Dangerous,dangerous_classrooms (source field): 7,Oct-2018 (Annual Census),https://opendata.com.pk/dataset/punjab-annual-school-census-report-2017-18 (PMIU/PESRP source),,2,Low - Needs Satellite Verification,Low,15.0,No boundary wall,False,,31.4729999,74.3108542,100.0,100.0,100.0,High_Density,"Village-area shows 100% built-up area detected — clearly in a developed location (shared coordinates with other schools in this village — reflects general area, not confirmed for this specific school)","Although satellite imagery shows 100% built-up in the surrounding village area, suggesting a clearly developed location, the census-based data analysis shows no boundary wall. The two findings therefore point in different directions: a developed setting makes a physically absent school less likely, yet the recorded indicators remain weak. On its own this discrepancy is not a strong ghost-school signal, though it merits routine monitoring.",Village-Level
Real (Census),35220183,GPS JANJATTY,LAHORE,RAIWIND,Primary,Functional,No,,4.0,,,151.0,,12,8,No,Yes-Wholly,Yes-Wholly,Partial Building is Dangerous,dangerous_classrooms (source field): 7,Oct-2018 (Annual Census),https://opendata.com.pk/dataset/punjab-annual-school-census-report-2017-18 (PMIU/PESRP source),,2,Low - Needs Satellite Verification,Medium,23.33,No boundary wall and moderate toilet non-functionality (only 8 of 12 working),False,,31.2443583,74.2138126,100.0,100.0,100.0,High_Density,"Village-area shows 100% built-up area detected — clearly in a developed location (shared coordinates with other schools in this village — reflects general area, not confirmed for this specific school)","Although satellite imagery shows 100% built-up in the surrounding village area, suggesting a clearly developed location, the census-based data analysis shows no boundary wall and moderate toilet non-functionality (only 8 of 12 working). The two findings therefore point in different directions: a developed setting makes a physically absent school less likely, yet the recorded indicators remain weak. This discrepancy is worth a follow-up review to determine whether the school is operating as reported.",Village-Level
Real (Census),35220056,GGHS JIA BAGGA RAIWIND ROAD,LAHORE,RAIWIND,High,Functional,No,,22.0,,,865.0,,9,3,Yes-Wholly,Yes-Wholly,Yes-Wholly,Partial Building is Dangerous,dangerous_classrooms (source field): 10,Oct-2018 (Annual Census),https://opendata.com.pk/dataset/punjab-annual-school-census-report-2017-18 (PMIU/PESRP source),,2,Low - Needs Satellite Verification,Low,16.67,Moderate toilet non-functionality (only 3 of 9 working),False,,31.2443583,74.2138126,100.0,100.0,100.0,High_Density,"Village-area shows 100% built-up area detected — clearly in a developed location (shared coordinates with other schools in this village — reflects general area, not confirmed for this specific school)","Although satellite imagery shows 100% built-up in the surrounding village area, suggesting a clearly developed location, the census-based data analysis shows moderate toilet non-functionality (only 3 of 9 working). The two findings therefore point in different directions: a developed setting makes a physically absent school less likely, yet the recorded indicators remain weak. On its own this discrepancy is not a strong ghost-school signal, though it merits routine monitoring.",Village-Level
Real (Census),32410563,GGCMES TATAR WALA,RAJANPUR,JAMPUR,Middle,Functional,No,,13.0,,,183.0,,7,7,No,Yes-Wholly,Yes-Wholly,Partial Building is Dangerous,dangerous_classrooms (source field): 5,Oct-2018 (Annual Census),https://opendata.com.pk/dataset/punjab-annual-school-census-report-2017-18 (PMIU/PESRP source),,2,Low - Needs Satellite Verification,Low,15.0,No boundary wall,False,,29.6384224,70.5772492,96.88,93.75,93.75,High_Density,"Village-area shows 93.8% built-up area detected — clearly in a developed location (shared coordinates with other schools in this village — reflects general area, not confirmed for this specific school)","Although satellite imagery shows 93.8% built-up in the surrounding village area, suggesting a clearly developed location, the census-based data analysis shows no boundary wall. The two findings therefore point in different directions: a developed setting makes a physically absent school less likely, yet the recorded indicators remain weak. On its own this discrepancy is not a strong ghost-school signal, though it merits routine monitoring.",Village-Level
Real (Census),31210225,GPS CHAK MAKHDOOM,BAHAWALPUR,AHMADPUR EAST,Primary,Functional,No,,4.0,,,33.0,,1,1,No,Yes-Wholly,Yes-Wholly,Partial Building is Dangerous,dangerous_classrooms (source field): 5,Oct-2018 (Annual Census),https://opendata.com.pk/dataset/punjab-annual-school-census-report-2017-18 (PMIU/PESRP source),,2,Low - Needs Satellite Verification,Low,15.0,No boundary wall,False,,29.2059591,71.4002392,98.44,98.44,98.44,High_Density,"Village-area shows 98.4% built-up area detected — clearly in a developed location (shared coordinates with other schools in this village — reflects general area, not confirmed for this specific school)","Although satellite imagery shows 98.4% built-up in the surrounding village area, suggesting a clearly developed location, the census-based data analysis shows no boundary wall. The two findings therefore point in different directions: a developed setting makes a physically absent school less likely, yet the recorded indicators remain weak. On its own this discrepancy is not a strong ghost-school signal, though it merits routine monitoring.",Village-Level
Real (Census),39330018,GHS KAMMAN,OKARA,RENALA KHURD,High,Functional,No,,14.0,,,426.0,,6,6,No,Yes-Wholly,Yes-Wholly,Building Is Dangerous,dangerous_classrooms (source field): 10,Oct-2018 (Annual Census),https://opendata.com.pk/dataset/punjab-annual-school-census-report-2017-18 (PMIU/PESRP source),,2,Low - Needs Satellite Verification,Low,15.0,No boundary wall,False,,30.8782508,73.5998771,100.0,100.0,100.0,High_Density,"Village-area shows 100% built-up area detected — clearly in a developed location (shared coordinates with other schools in this village — reflects general area, not confirmed for this specific school)","Although satellite imagery shows 100% built-up in the surrounding village area, suggesting a clearly developed location, the census-based data analysis shows no boundary wall. The two findings therefore point in different directions: a developed setting makes a physically absent school less likely, yet the recorded indicators remain weak. On its own this discrepancy is not a strong ghost-school signal, though it merits routine monitoring.",Village-Level
Real (Census),31210206,GPS CHAK DAWANJ,BAHAWALPUR,AHMADPUR EAST,Primary,Functional,No,,4.0,,,77.0,,2,2,No,No,Yes-Wholly,Building Is Dangerous,dangerous_classrooms (source field): 1,Oct-2018 (Annual Census),https://opendata.com.pk/dataset/punjab-annual-school-census-report-2017-18 (PMIU/PESRP source),,2,Low - Needs Satellite Verification,Medium,25.0,No boundary wall and no electricity,False,,29.2059591,71.4002392,98.44,98.44,98.44,High_Density,"Village-area shows 98.4% built-up area detected — clearly in a developed location (shared coordinates with other schools in this village — reflects general area, not confirmed for this specific school)","Although satellite imagery shows 98.4% built-up in the surrounding village area, suggesting a clearly developed location, the census-based data analysis shows no boundary wall and no electricity. The two findings therefore point in different directions: a developed setting makes a physically absent school less likely, yet the recorded indicators remain weak. This discrepancy is worth a follow-up review to determine whether the school is operating as reported.",Village-Level
Real (Census),32410242,GPS KHULCHAS,RAJANPUR,JAMPUR,Primary,Functional,No,,1.0,,,60.0,,5,0,Yes-Wholly,No,Yes-Wholly,Partial Building is Dangerous,dangerous_classrooms (source field): 1,Oct-2018 (Annual Census),https://opendata.com.pk/dataset/punjab-annual-school-census-report-2017-18 (PMIU/PESRP source),,2,Low - Needs Satellite Verification,Medium,35.0,No functional toilets (0 of 5) and no electricity,False,,29.6384224,70.5772492,96.88,93.75,93.75,High_Density,"Village-area shows 93.8% built-up area detected — clearly in a developed location (shared coordinates with other schools in this village — reflects general area, not confirmed for this specific school)","Although satellite imagery shows 93.8% built-up in the surrounding village area, suggesting a clearly developed location, the census-based data analysis shows no functional toilets (0 of 5) and no electricity. The two findings therefore point in different directions: a developed setting makes a physically absent school less likely, yet the recorded indicators remain weak. This discrepancy is worth a follow-up review to determine whether the school is operating as reported.",Village-Level
Real (Census),37350183,GGPS CHALAWRA UPPER,RAWALPINDI,KOTLI SATTIAN,Primary,Functional,No,,4.0,,,38.0,,4,4,No,Yes-Wholly,No,Partial Building is Dangerous,dangerous_classrooms (source field): 1,Oct-2018 (Annual Census),https://opendata.com.pk/dataset/punjab-annual-school-census-report-2017-18 (PMIU/PESRP source),,2,Low - Needs Satellite Verification,Medium,30.0,No boundary wall and no drinking water,False,,33.8058076,73.5237431,100.0,100.0,100.0,High_Density,"Village-area shows 100% built-up area detected — clearly in a developed location (shared coordinates with other schools in this village — reflects general area, not confirmed for this specific school)","Although satellite imagery shows 100% built-up in the surrounding village area, suggesting a clearly developed location, the census-based data analysis shows no boundary wall and no drinking water. The two findings therefore point in different directions: a developed setting makes a physically absent school less likely, yet the recorded indicators remain weak. This discrepancy is worth a follow-up review to determine whether the school is operating as reported.",Village-Level
Real (Census),32110506,GPS BAGH ALI MOLE,D.G. KHAN,D.G. KHAN,Primary,Functional,No,,4.0,,,48.0,,2,1,Yes-Wholly,No,No,Building Is Dangerous,dangerous_classrooms (source field): 1,Oct-2018 (Annual Census),https://opendata.com.pk/dataset/punjab-annual-school-census-report-2017-18 (PMIU/PESRP source),,2,Low - Needs Satellite Verification,Medium,37.5,"No drinking water, moderate toilet non-functionality (only 1 of 2 working) and no electricity",False,,30.550891,70.595535,,,,NoData,,"The census-based data analysis shows no drinking water, moderate toilet non-functionality (only 1 of 2 working) and no electricity. No usable satellite reading is available — the school could only be geocoded to its tehsil centre, and imagery there would not represent its actual location. The data indicators alone warrant a follow-up review.",Tehsil-Level
Real (Census),32320754,GPS THATHI HAMZA NO. 2,MUZAFFARGARH,KOT ADU,Primary,Functional,No,,3.0,,,23.0,,2,0,Yes-Wholly,No,Yes-Wholly,Partial Building is Dangerous,dangerous_classrooms (source field): 1,Oct-2018 (Annual Census),https://opendata.com.pk/dataset/punjab-annual-school-census-report-2017-18 (PMIU/PESRP source),,2,Low - Needs Satellite Verification,Medium,35.0,No functional toilets (0 of 2) and no electricity,False,,30.405512,70.937831,,,,NoData,,"The census-based data analysis shows no functional toilets (0 of 2) and no electricity. No usable satellite reading is available — the school could only be geocoded to its tehsil centre, and imagery there would not represent its actual location. The data indicators alone warrant a follow-up review.",Tehsil-Level
Real (Census),32220564,GMMS AOULAKH NASHEB,LAYYAH,KAROR LALISAN,sMosque,Functional,No,,4.0,,,113.0,,1,1,No,No,Yes-Wholly,Building Is Dangerous,dangerous_classrooms (source field): 1,Oct-2018 (Annual Census),https://opendata.com.pk/dataset/punjab-annual-school-census-report-2017-18 (PMIU/PESRP source),,2,Low - Needs Satellite Verification,Medium,25.0,No boundary wall and no electricity,False,,30.9668944,70.9446465,,,,NoData,,"The census-based data analysis shows no boundary wall and no electricity. No usable satellite reading is available — the school could only be geocoded to its tehsil centre, and imagery there would not represent its actual location. The data indicators alone warrant a follow-up review.",Tehsil-Level
Real (Census),37140013,GHS TARAP,ATTOCK,JAND,High,Functional,No,,17.0,,,407.0,,7,7,No,Yes-Wholly,Yes-Wholly,Partial Building is Dangerous,dangerous_classrooms (source field): 4,Oct-2018 (Annual Census),https://opendata.com.pk/dataset/punjab-annual-school-census-report-2017-18 (PMIU/PESRP source),,2,Low - Needs Satellite Verification,Low,15.0,No boundary wall,False,,33.4317702,72.0196309,100.0,100.0,100.0,High_Density,"Village-area shows 100% built-up area detected — clearly in a developed location (shared coordinates with other schools in this village — reflects general area, not confirmed for this specific school)","Although satellite imagery shows 100% built-up in the surrounding village area, suggesting a clearly developed location, the census-based data analysis shows no boundary wall. The two findings therefore point in different directions: a developed setting makes a physically absent school less likely, yet the recorded indicators remain weak. On its own this discrepancy is not a strong ghost-school signal, though it merits routine monitoring.",Village-Level
Real (Census),32430052,GPS HAFEEZ ABAD,RAJANPUR,ROJHAN,Primary,Functional,No,,5.0,,,170.0,,2,2,Yes-Wholly,No,Yes-Wholly,Building Is Dangerous,dangerous_classrooms (source field): 4,Oct-2018 (Annual Census),https://opendata.com.pk/dataset/punjab-annual-school-census-report-2017-18 (PMIU/PESRP source),,2,Low - Needs Satellite Verification,Low,10.0,No electricity,False,,28.78785,70.00177,67.19,70.31,70.31,High_Density,"Village-area shows 70.3% built-up area detected — clearly in a developed location (shared coordinates with other schools in this village — reflects general area, not confirmed for this specific school)","Although satellite imagery shows 70.3% built-up in the surrounding village area, suggesting a clearly developed location, the census-based data analysis shows no electricity. The two findings therefore point in different directions: a developed setting makes a physically absent school less likely, yet the recorded indicators remain weak. On its own this discrepancy is not a strong ghost-school signal, though it merits routine monitoring.",Village-Level
Real (Census),37350027,GES OJANA,RAWALPINDI,KOTLI SATTIAN,Middle,Functional,No,,5.0,,,68.0,,4,4,No,Yes-Wholly,Yes-Wholly,Partial Building is Dangerous,dangerous_classrooms (source field): 4,Oct-2018 (Annual Census),https://opendata.com.pk/dataset/punjab-annual-school-census-report-2017-18 (PMIU/PESRP source),,2,Low - Needs Satellite Verification,Low,15.0,No boundary wall,False,,33.8058076,73.5237431,100.0,100.0,100.0,High_Density,"Village-area shows 100% built-up area detected — clearly in a developed location (shared coordinates with other schools in this village — reflects general area, not confirmed for this specific school)","Although satellite imagery shows 100% built-up in the surrounding village area, suggesting a clearly developed location, the census-based data analysis shows no boundary wall. The two findings therefore point in different directions: a developed setting makes a physically absent school less likely, yet the recorded indicators remain weak. On its own this discrepancy is not a strong ghost-school signal, though it merits routine monitoring.",Village-Level
Real (Census),39320043,GHS CHAK NO.12/1-R,OKARA,OKARA,High,Functional,No,,11.0,,,303.0,,6,6,No,Yes-Wholly,Yes-Wholly,Partial Building is Dangerous,dangerous_classrooms (source field): 4,Oct-2018 (Annual Census),https://opendata.com.pk/dataset/punjab-annual-school-census-report-2017-18 (PMIU/PESRP source),,2,Low - Needs Satellite Verification,Low,15.0,No boundary wall,False,,30.80528,73.4442836,100.0,100.0,100.0,High_Density,"Village-area shows 100% built-up area detected — clearly in a developed location (shared coordinates with other schools in this village — reflects general area, not confirmed for this specific school)","Although satellite imagery shows 100% built-up in the surrounding village area, suggesting a clearly developed location, the census-based data analysis shows no boundary wall. The two findings therefore point in different directions: a developed setting makes a physically absent school less likely, yet the recorded indicators remain weak. On its own this discrepancy is not a strong ghost-school signal, though it merits routine monitoring.",Village-Level
Real (Census),36120106,GPS TERI WALA VILLAGE GANWEN SHUJABAD,MULTAN,SHUJA ABAD,Primary,Functional,No,,5.0,,,267.0,,2,2,No,Yes-Wholly,Yes-Wholly,Building Is Dangerous,dangerous_classrooms (source field): 4,Oct-2018 (Annual Census),https://opendata.com.pk/dataset/punjab-annual-school-census-report-2017-18 (PMIU/PESRP source),,2,Low - Needs Satellite Verification,Low,15.0,No boundary wall,False,,29.678265,71.252432,100.0,100.0,100.0,High_Density,"Village-area shows 100% built-up area detected — clearly in a developed location (shared coordinates with other schools in this village — reflects general area, not confirmed for this specific school)","Although satellite imagery shows 100% built-up in the surrounding village area, suggesting a clearly developed location, the census-based data analysis shows no boundary wall. The two findings therefore point in different directions: a developed setting makes a physically absent school less likely, yet the recorded indicators remain weak. On its own this discrepancy is not a strong ghost-school signal, though it merits routine monitoring.",Village-Level
Real (Census),31150399,GMMS SAMOO WALI,BAHAWALNAGAR,MINCHINABAD,sMosque,Functional,No,,2.0,,,88.0,,0,0,No,No,Yes-Wholly,Partial Building is Dangerous,,Oct-2018 (Annual Census),https://opendata.com.pk/dataset/punjab-annual-school-census-report-2017-18 (PMIU/PESRP source),,2,Low - Needs Satellite Verification,Medium,37.5,"No boundary wall, no toilets on premises and no electricity",False,,30.0061639,73.2661567,100.0,100.0,100.0,High_Density,"Village-area shows 100% built-up area detected — clearly in a developed location (shared coordinates with other schools in this village — reflects general area, not confirmed for this specific school)","Although satellite imagery shows 100% built-up in the surrounding village area, suggesting a clearly developed location, the census-based data analysis shows no boundary wall, no toilets on premises and no electricity. The two findings therefore point in different directions: a developed setting makes a physically absent school less likely, yet the recorded indicators remain weak. This discrepancy is worth a follow-up review to determine whether the school is operating as reported.",Village-Level
Real (Census),31150407,GMMS MANASIRY RAM,BAHAWALNAGAR,MINCHINABAD,sMosque,Functional,No,,1.0,,,48.0,,0,0,No,No,Yes-Wholly,Building Is Dangerous,,Oct-2018 (Annual Census),https://opendata.com.pk/dataset/punjab-annual-school-census-report-2017-18 (PMIU/PESRP source),,2,Low - Needs Satellite Verification,Medium,37.5,"No boundary wall, no toilets on premises and no electricity",False,,30.0061639,73.2661567,100.0,100.0,100.0,High_Density,"Village-area shows 100% built-up area detected — clearly in a developed location (shared coordinates with other schools in this village — reflects general area, not confirmed for this specific school)","Although satellite imagery shows 100% built-up in the surrounding village area, suggesting a clearly developed location, the census-based data analysis shows no boundary wall, no toilets on premises and no electricity. The two findings therefore point in different directions: a developed setting makes a physically absent school less likely, yet the recorded indicators remain weak. This discrepancy is worth a follow-up review to determine whether the school is operating as reported.",Village-Level
Real (Census),31320431,GGPS BASTI HAFIZ GHULAM QADIR,RAHIMYAR KHAN,LIAQATPUR,Primary,Functional,No,,4.0,,,41.0,,2,0,Yes-Wholly,No,Yes-Wholly,Partial Building is Dangerous,,Oct-2018 (Annual Census),https://opendata.com.pk/dataset/punjab-annual-school-census-report-2017-18 (PMIU/PESRP source),,2,Low - Needs Satellite Verification,Medium,35.0,No functional toilets (0 of 2) and no electricity,False,,28.6764261,70.7270481,100.0,100.0,100.0,High_Density, 100% built-up area detected — clearly in a developed location,"Although satellite imagery shows 100% built-up around the school's exact location, suggesting a clearly developed location, the census-based data analysis shows no functional toilets (0 of 2) and no electricity. The two findings therefore point in different directions: a developed setting makes a physically absent school less likely, yet the recorded indicators remain weak. This discrepancy is worth a follow-up review to determine whether the school is operating as reported.",School-Level
Real (Census),37350144,GGES CHOWKI WAGHAL,RAWALPINDI,KOTLI SATTIAN,Middle,Functional,No,,9.0,,,227.0,,3,3,No,Yes-Wholly,No,Partial Building is Dangerous,,Oct-2018 (Annual Census),https://opendata.com.pk/dataset/punjab-annual-school-census-report-2017-18 (PMIU/PESRP source),,2,Low - Needs Satellite Verification,Medium,30.0,No boundary wall and no drinking water,False,,33.8058076,73.5237431,100.0,100.0,100.0,High_Density,"Village-area shows 100% built-up area detected — clearly in a developed location (shared coordinates with other schools in this village — reflects general area, not confirmed for this specific school)","Although satellite imagery shows 100% built-up in the surrounding village area, suggesting a clearly developed location, the census-based data analysis shows no boundary wall and no drinking water. The two findings therefore point in different directions: a developed setting makes a physically absent school less likely, yet the recorded indicators remain weak. This discrepancy is worth a follow-up review to determine whether the school is operating as reported.",Village-Level
Real (Census),34120401,GMPS OUJLA KALAN,GUJRANWALA,WAZIRABAD,Primary,Functional,No,,6.0,,,179.0,,4,2,Yes-Wholly,Yes-Wholly,Yes-Wholly,Satisfying,,Oct-2018 (Annual Census),https://opendata.com.pk/dataset/punjab-annual-school-census-report-2017-18 (PMIU/PESRP source),,2,Low - Needs Satellite Verification,Low,12.5,Moderate toilet non-functionality (only 2 of 4 working),False,,32.0346163,74.3438688,100.0,100.0,100.0,High_Density,"Village-area shows 100% built-up area detected — clearly in a developed location (shared coordinates with other schools in this village — reflects general area, not confirmed for this specific school)","Although satellite imagery shows 100% built-up in the surrounding village area, suggesting a clearly developed location, the census-based data analysis shows moderate toilet non-functionality (only 2 of 4 working). The two findings therefore point in different directions: a developed setting makes a physically absent school less likely, yet the recorded indicators remain weak. On its own this discrepancy is not a strong ghost-school signal, though it merits routine monitoring.",Village-Level
Real (Census),34140427,GGHS MURALI WALA,GUJRANWALA,NOSHERA VIRKAN,High,Functional,No,,23.0,,,1245.0,,21,21,Yes-Wholly,Yes-Wholly,Yes-Wholly,Satisfying,,Oct-2018 (Annual Census),https://opendata.com.pk/dataset/punjab-annual-school-census-report-2017-18 (PMIU/PESRP source),,2,Low - Needs Satellite Verification,Low,0.0,All monitored infrastructure indicators within normal range,False,,32.066431,74.142221,100.0,100.0,100.0,High_Density, 100% built-up area detected — clearly in a developed location,"The census-based data analysis shows all monitored infrastructure indicators within normal range, and satellite imagery shows 100% built-up around the school's exact location, suggesting a clearly developed location. The two findings agree and are consistent with a functioning school; no ghost-school signal is present.",School-Level
Real (Census),34120345,GMPS CHAK SITTIA,GUJRANWALA,WAZIRABAD,Primary,Functional,No,,3.0,,,151.0,,4,4,Yes-Wholly,Yes-Wholly,Yes-Wholly,Satisfying,,Oct-2018 (Annual Census),https://opendata.com.pk/dataset/punjab-annual-school-census-report-2017-18 (PMIU/PESRP source),,2,Low - Needs Satellite Verification,Low,0.0,All monitored infrastructure indicators within normal range,False,,32.0346163,74.3438688,100.0,100.0,100.0,High_Density,"Village-area shows 100% built-up area detected — clearly in a developed location (shared coordinates with other schools in this village — reflects general area, not confirmed for this specific school)","The census-based data analysis shows all monitored infrastructure indicators within normal range, and satellite imagery shows 100% built-up in the surrounding village area, suggesting a clearly developed location. The two findings agree and are consistent with a functioning school; no ghost-school signal is present.",Village-Level
Real (Census),34140293,GGPS DEEPAY PUR,GUJRANWALA,NOSHERA VIRKAN,Primary,Functional,No,,2.0,,,33.0,,2,2,Yes-Wholly,Yes-Wholly,Yes-Wholly,Satisfying,,Oct-2018 (Annual Census),https://opendata.com.pk/dataset/punjab-annual-school-census-report-2017-18 (PMIU/PESRP source),,2,Low - Needs Satellite Verification,Low,0.0,All monitored infrastructure indicators within normal range,False,,32.0168855,74.05604550000001,,,,NoData,,The census-based data analysis shows all monitored infrastructure indicators within normal range. No usable satellite reading is available — the school could only be geocoded to its tehsil centre — so this assessment rests on the data indicators alone.,Tehsil-Level
Real (Census),34120250,GPS KALAY WALA,GUJRANWALA,WAZIRABAD,Primary,Functional,No,,3.0,,,137.0,,5,5,Yes-Wholly,Yes-Wholly,Yes-Wholly,Satisfying,,Oct-2018 (Annual Census),https://opendata.com.pk/dataset/punjab-annual-school-census-report-2017-18 (PMIU/PESRP source),,2,Low - Needs Satellite Verification,Low,0.0,All monitored infrastructure indicators within normal range,False,,32.0346163,74.3438688,100.0,100.0,100.0,High_Density,"Village-area shows 100% built-up area detected — clearly in a developed location (shared coordinates with other schools in this village — reflects general area, not confirmed for this specific school)","The census-based data analysis shows all monitored infrastructure indicators within normal range, and satellite imagery shows 100% built-up in the surrounding village area, suggesting a clearly developed location. The two findings agree and are consistent with a functioning school; no ghost-school signal is present.",Village-Level
Real (Census),31250141,GGPS BONGA YARANI,BAHAWALPUR,KHAIRPUR TAMEWALI,Primary,Functional,No,,,,,109.0,,2,2,Yes-Wholly,Yes-Wholly,Yes-Wholly,Satisfying,,Oct-2018 (Annual Census),https://opendata.com.pk/dataset/punjab-annual-school-census-report-2017-18 (PMIU/PESRP source),,2,Low - Needs Satellite Verification,Low,0.0,All monitored infrastructure indicators within normal range,False,,29.579302,72.2453333,100.0,100.0,100.0,High_Density, 100% built-up area detected — clearly in a developed location,"The census-based data analysis shows all monitored infrastructure indicators within normal range, and satellite imagery shows 100% built-up around the school's exact location, suggesting a clearly developed location. The two findings agree and are consistent with a functioning school; no ghost-school signal is present.",School-Level
Real (Census),31210371,GGPS BASTI SULEMAN,BAHAWALPUR,AHMADPUR EAST,Primary,Functional,No,,,,,367.0,,5,5,Yes-Wholly,Yes-Wholly,Yes-Wholly,Satisfying,,Oct-2018 (Annual Census),https://opendata.com.pk/dataset/punjab-annual-school-census-report-2017-18 (PMIU/PESRP source),,2,Low - Needs Satellite Verification,Low,0.0,All monitored infrastructure indicators within normal range,False,,29.2059591,71.4002392,98.44,98.44,98.44,High_Density,"Village-area shows 98.4% built-up area detected — clearly in a developed location (shared coordinates with other schools in this village — reflects general area, not confirmed for this specific school)","The census-based data analysis shows all monitored infrastructure indicators within normal range, and satellite imagery shows 98.4% built-up in the surrounding village area, suggesting a clearly developed location. The two findings agree and are consistent with a functioning school; no ghost-school signal is present.",Village-Level
Real (Census),31240172,GPS CHAK NO.20/DNB (W),BAHAWALPUR,YAZMAN,Primary,Functional,No,,5.0,,,91.0,,4,4,Yes-Wholly,Yes-Wholly,Yes-Wholly,Partial Building is Dangerous,,Oct-2018 (Annual Census),https://opendata.com.pk/dataset/punjab-annual-school-census-report-2017-18 (PMIU/PESRP source),,2,Low - Needs Satellite Verification,Low,0.0,All monitored infrastructure indicators within normal range,False,,29.3483637,71.6954115,100.0,100.0,100.0,High_Density,"Village-area shows 100% built-up area detected — clearly in a developed location (shared coordinates with other schools in this village — reflects general area, not confirmed for this specific school)","The census-based data analysis shows all monitored infrastructure indicators within normal range, and satellite imagery shows 100% built-up in the surrounding village area, suggesting a clearly developed location. The two findings agree and are consistent with a functioning school; no ghost-school signal is present.",Village-Level
Real (Census),31230405,GGPS Riaz Khan Basti Chouhn,BAHAWALPUR,HASILPUR,Primary,Functional,No,,3.0,,,53.0,,2,2,Yes-Wholly,No,Yes-Wholly,Satisfying,,Oct-2018 (Annual Census),https://opendata.com.pk/dataset/punjab-annual-school-census-report-2017-18 (PMIU/PESRP source),,2,Low - Needs Satellite Verification,Medium,25.0,No electricity,False,,29.401877,71.8123884,92.19,17.19,17.19,Low_Density,Only 17.2% built-up area detected around the school's exact coordinates — sparse development; verify the school exists at its geocoded location (location-verification floor: at least Medium priority),"Both findings point in the same direction: the census-based data analysis shows no electricity, and satellite imagery shows only 17.2% built-up around the school's exact location (down from 92.2% in the 2017 imagery), indicating a sparsely developed area. Sparse built-up at the school's exact coordinates leaves its presence at the recorded location unverified, so the two findings reinforce each other and an on-site verification is warranted.",School-Level
Real (Census),31260023,GHS HAKRA,BAHAWALPUR,BAHAWALPUR SADAR,High,Functional,No,,13.0,,,420.0,,4,4,Yes-Wholly,Yes-Wholly,Yes-Wholly,Needed Minor Repairing,,Oct-2018 (Annual Census),https://opendata.com.pk/dataset/punjab-annual-school-census-report-2017-18 (PMIU/PESRP source),,2,Low - Needs Satellite Verification,Low,0.0,All monitored infrastructure indicators within normal range,False,,29.37512035,71.75389995,,,,NoData,,The census-based data analysis shows all monitored infrastructure indicators within normal range. No usable satellite reading is available — the school could only be geocoded to its tehsil centre — so this assessment rests on the data indicators alone.,Tehsil-Level
Real (Census),34410357,GGPS TOTEWALI,NAROWAL,NAROWAL,Primary,Functional,No,,6.0,,,116.0,,4,4,Yes-Wholly,Yes-Wholly,Yes-Wholly,Satisfying,,Oct-2018 (Annual Census),https://opendata.com.pk/dataset/punjab-annual-school-census-report-2017-18 (PMIU/PESRP source),,2,Low - Needs Satellite Verification,Low,0.0,All monitored infrastructure indicators within normal range,False,,32.1712427,74.9087862,100.0,100.0,100.0,High_Density, 100% built-up area detected — clearly in a developed location,"The census-based data analysis shows all monitored infrastructure indicators within normal range, and satellite imagery shows 100% built-up around the school's exact location, suggesting a clearly developed location. The two findings agree and are consistent with a functioning school; no ghost-school signal is present.",School-Level
Real (Census),34420044,GGHS GUNGRAN,NAROWAL,SHAKARGARH,High,Functional,No,,13.0,,,349.0,,6,4,Yes-Wholly,Yes-Wholly,Yes-Wholly,Needed Minor Repairing,dangerous_classrooms (source field): 1,Oct-2018 (Annual Census),https://opendata.com.pk/dataset/punjab-annual-school-census-report-2017-18 (PMIU/PESRP source),,2,Low - Needs Satellite Verification,Low,8.33,Moderate toilet non-functionality (only 4 of 6 working),False,,32.2631481,75.1604548,100.0,100.0,100.0,High_Density,"Village-area shows 100% built-up area detected — clearly in a developed location (shared coordinates with other schools in this village — reflects general area, not confirmed for this specific school)","Although satellite imagery shows 100% built-up in the surrounding village area, suggesting a clearly developed location, the census-based data analysis shows moderate toilet non-functionality (only 4 of 6 working). The two findings therefore point in different directions: a developed setting makes a physically absent school less likely, yet the recorded indicators remain weak. On its own this discrepancy is not a strong ghost-school signal, though it merits routine monitoring.",Village-Level
Real (Census),34430575,GGMPS BORI,NAROWAL,ZAFARWAL,Primary,Functional,No,,6.0,,,94.0,,5,3,Yes-Wholly,Yes-Wholly,Yes-Wholly,Satisfying,,Oct-2018 (Annual Census),https://opendata.com.pk/dataset/punjab-annual-school-census-report-2017-18 (PMIU/PESRP source),,2,Low - Needs Satellite Verification,Low,10.0,Moderate toilet non-functionality (only 3 of 5 working),False,,32.3427221,74.9020032,100.0,100.0,100.0,High_Density, 100% built-up area detected — clearly in a developed location,"Although satellite imagery shows 100% built-up around the school's exact location, suggesting a clearly developed location, the census-based data analysis shows moderate toilet non-functionality (only 3 of 5 working). The two findings therefore point in different directions: a developed setting makes a physically absent school less likely, yet the recorded indicators remain weak. On its own this discrepancy is not a strong ghost-school signal, though it merits routine monitoring.",School-Level
Real (Census),34420506,GGPS JODHEY,NAROWAL,SHAKARGARH,Primary,Functional,No,,6.0,,,152.0,,3,3,Yes-Wholly,Yes-Wholly,Yes-Wholly,Needed Minor Repairing,,Oct-2018 (Annual Census),https://opendata.com.pk/dataset/punjab-annual-school-census-report-2017-18 (PMIU/PESRP source),,2,Low - Needs Satellite Verification,Low,0.0,All monitored infrastructure indicators within normal range,False,,32.2631481,75.1604548,100.0,100.0,100.0,High_Density,"Village-area shows 100% built-up area detected — clearly in a developed location (shared coordinates with other schools in this village — reflects general area, not confirmed for this specific school)","The census-based data analysis shows all monitored infrastructure indicators within normal range, and satellite imagery shows 100% built-up in the surrounding village area, suggesting a clearly developed location. The two findings agree and are consistent with a functioning school; no ghost-school signal is present.",Village-Level
Real (Census),34420203,GPS TONDI,NAROWAL,SHAKARGARH,Primary,Functional,No,,3.0,,,77.0,,4,4,Yes-Wholly,Yes-Wholly,Yes-Wholly,Satisfying,,Oct-2018 (Annual Census),https://opendata.com.pk/dataset/punjab-annual-school-census-report-2017-18 (PMIU/PESRP source),,2,Low - Needs Satellite Verification,Low,0.0,All monitored infrastructure indicators within normal range,False,,32.2631481,75.1604548,100.0,100.0,100.0,High_Density,"Village-area shows 100% built-up area detected — clearly in a developed location (shared coordinates with other schools in this village — reflects general area, not confirmed for this specific school)","The census-based data analysis shows all monitored infrastructure indicators within normal range, and satellite imagery shows 100% built-up in the surrounding village area, suggesting a clearly developed location. The two findings agree and are consistent with a functioning school; no ghost-school signal is present.",Village-Level
Real (Census),34310578,GMPS JANDUKAY GORAYA,SIALKOT,DASKA,Primary,Functional,No,,5.0,,,141.0,,6,4,Yes-Wholly,Yes-Wholly,Yes-Wholly,Needed Minor Repairing,dangerous_classrooms (source field): 1,Oct-2018 (Annual Census),https://opendata.com.pk/dataset/punjab-annual-school-census-report-2017-18 (PMIU/PESRP source),,2,Low - Needs Satellite Verification,Low,8.33,Moderate toilet non-functionality (only 4 of 6 working),False,,32.3322279,74.3512339,100.0,100.0,100.0,High_Density,"Village-area shows 100% built-up area detected — clearly in a developed location (shared coordinates with other schools in this village — reflects general area, not confirmed for this specific school)","Although satellite imagery shows 100% built-up in the surrounding village area, suggesting a clearly developed location, the census-based data analysis shows moderate toilet non-functionality (only 4 of 6 working). The two findings therefore point in different directions: a developed setting makes a physically absent school less likely, yet the recorded indicators remain weak. On its own this discrepancy is not a strong ghost-school signal, though it merits routine monitoring.",Village-Level
Real (Census),34310564,GGES CHAK GILLAN SHARQI,SIALKOT,DASKA,Middle,Functional,No,,7.0,,,264.0,,6,6,Yes-Wholly,Yes-Wholly,Yes-Wholly,Satisfying,,Oct-2018 (Annual Census),https://opendata.com.pk/dataset/punjab-annual-school-census-report-2017-18 (PMIU/PESRP source),,2,Low - Needs Satellite Verification,Low,0.0,All monitored infrastructure indicators within normal range,False,,32.3322279,74.3512339,100.0,100.0,100.0,High_Density,"Village-area shows 100% built-up area detected — clearly in a developed location (shared coordinates with other schools in this village — reflects general area, not confirmed for this specific school)","The census-based data analysis shows all monitored infrastructure indicators within normal range, and satellite imagery shows 100% built-up in the surrounding village area, suggesting a clearly developed location. The two findings agree and are consistent with a functioning school; no ghost-school signal is present.",Village-Level
Real (Census),34320411,GMPS ANOOLA,SIALKOT,PASRUR,Primary,Functional,No,,,,,182.0,,2,2,Yes-Wholly,Yes-Wholly,Yes-Wholly,Satisfying,,Oct-2018 (Annual Census),https://opendata.com.pk/dataset/punjab-annual-school-census-report-2017-18 (PMIU/PESRP source),,2,Low - Needs Satellite Verification,Low,0.0,All monitored infrastructure indicators within normal range,False,,32.4846576,74.5442398,100.0,100.0,100.0,High_Density,"Village-area shows 100% built-up area detected — clearly in a developed location (shared coordinates with other schools in this village — reflects general area, not confirmed for this specific school)","The census-based data analysis shows all monitored infrastructure indicators within normal range, and satellite imagery shows 100% built-up in the surrounding village area, suggesting a clearly developed location. The two findings agree and are consistent with a functioning school; no ghost-school signal is present.",Village-Level
Real (Census),34320591,GGPS DATA ZAIDKA,SIALKOT,PASRUR,Primary,Functional,No,,,,,122.0,,2,0,Yes-Wholly,Yes-Wholly,Yes-Wholly,Satisfying,,Oct-2018 (Annual Census),https://opendata.com.pk/dataset/punjab-annual-school-census-report-2017-18 (PMIU/PESRP source),,2,Low - Needs Satellite Verification,Medium,25.0,No functional toilets (0 of 2),False,,32.4846576,74.5442398,100.0,100.0,100.0,High_Density,"Village-area shows 100% built-up area detected — clearly in a developed location (shared coordinates with other schools in this village — reflects general area, not confirmed for this specific school)","Although satellite imagery shows 100% built-up in the surrounding village area, suggesting a clearly developed location, the census-based data analysis shows no functional toilets (0 of 2). The two findings therefore point in different directions: a developed setting makes a physically absent school less likely, yet the recorded indicators remain weak. This discrepancy is worth a follow-up review to determine whether the school is operating as reported.",Village-Level
Real (Census),34340049,GGHS BHOPAL WALA,SIALKOT,SAMBRIAL,High,Functional,No,,32.0,,,1054.0,,16,16,Yes-Wholly,Yes-Wholly,Yes-Wholly,Satisfying,,Oct-2018 (Annual Census),https://opendata.com.pk/dataset/punjab-annual-school-census-report-2017-18 (PMIU/PESRP source),,2,Low - Needs Satellite Verification,Low,0.0,All monitored infrastructure indicators within normal range,False,,32.4756481,74.3529135,100.0,100.0,100.0,High_Density, 100% built-up area detected — clearly in a developed location,"The census-based data analysis shows all monitored infrastructure indicators within normal range, and satellite imagery shows 100% built-up around the school's exact location, suggesting a clearly developed location. The two findings agree and are consistent with a functioning school; no ghost-school signal is present.",School-Level
Real (Census),35110217,GPS JAJJAL,KASUR,CHUNIAN,Primary,Functional,No,,5.0,,,125.0,,4,4,Yes-Wholly,Yes-Wholly,Yes-Wholly,Satisfying,,Oct-2018 (Annual Census),https://opendata.com.pk/dataset/punjab-annual-school-census-report-2017-18 (PMIU/PESRP source),,2,Low - Needs Satellite Verification,Low,0.0,All monitored infrastructure indicators within normal range,False,,30.9631954,73.9807183,100.0,100.0,100.0,High_Density,"Village-area shows 100% built-up area detected — clearly in a developed location (shared coordinates with other schools in this village — reflects general area, not confirmed for this specific school)","The census-based data analysis shows all monitored infrastructure indicators within normal range, and satellite imagery shows 100% built-up in the surrounding village area, suggesting a clearly developed location. The two findings agree and are consistent with a functioning school; no ghost-school signal is present.",Village-Level
Real (Census),35130241,GPS ALPA SADHARI,KASUR,PATTOKI,Primary,Functional,No,,4.0,,,73.0,,2,2,Yes-Wholly,Yes-Wholly,Yes-Wholly,Satisfying,,Oct-2018 (Annual Census),https://opendata.com.pk/dataset/punjab-annual-school-census-report-2017-18 (PMIU/PESRP source),,2,Low - Needs Satellite Verification,Low,0.0,All monitored infrastructure indicators within normal range,False,,31.0211712,73.8529652,100.0,100.0,100.0,High_Density,"Village-area shows 100% built-up area detected — clearly in a developed location (shared coordinates with other schools in this village — reflects general area, not confirmed for this specific school)","The census-based data analysis shows all monitored infrastructure indicators within normal range, and satellite imagery shows 100% built-up in the surrounding village area, suggesting a clearly developed location. The two findings agree and are consistent with a functioning school; no ghost-school signal is present.",Village-Level
Real (Census),35120754,GGPS CHAH KANDLAN WALA,KASUR,KASUR,Primary,Functional,No,,3.0,,,120.0,,4,4,Yes-Wholly,Yes-Wholly,Yes-Wholly,Satisfying,,Oct-2018 (Annual Census),https://opendata.com.pk/dataset/punjab-annual-school-census-report-2017-18 (PMIU/PESRP source),,2,Low - Needs Satellite Verification,Low,0.0,All monitored infrastructure indicators within normal range,False,,31.1178863,74.442669,100.0,100.0,100.0,High_Density, 100% built-up area detected — clearly in a developed location,"The census-based data analysis shows all monitored infrastructure indicators within normal range, and satellite imagery shows 100% built-up around the school's exact location, suggesting a clearly developed location. The two findings agree and are consistent with a functioning school; no ghost-school signal is present.",School-Level
Real (Census),35110260,GPS FATEH MUHAMMAD KALAN,KASUR,CHUNIAN,Primary,Functional,No,,,,,217.0,,2,2,Yes-Wholly,Yes-Wholly,Yes-Wholly,Satisfying,,Oct-2018 (Annual Census),https://opendata.com.pk/dataset/punjab-annual-school-census-report-2017-18 (PMIU/PESRP source),,2,Low - Needs Satellite Verification,Low,0.0,All monitored infrastructure indicators within normal range,False,,30.9631954,73.9807183,100.0,100.0,100.0,High_Density,"Village-area shows 100% built-up area detected — clearly in a developed location (shared coordinates with other schools in this village — reflects general area, not confirmed for this specific school)","The census-based data analysis shows all monitored infrastructure indicators within normal range, and satellite imagery shows 100% built-up in the surrounding village area, suggesting a clearly developed location. The two findings agree and are consistent with a functioning school; no ghost-school signal is present.",Village-Level
Real (Census),35130178,GPS KANVEEN BLAQA SING,KASUR,PATTOKI,Primary,Functional,No,,3.0,,,120.0,,5,5,Yes-Wholly,Yes-Wholly,Yes-Wholly,Satisfying,,Oct-2018 (Annual Census),https://opendata.com.pk/dataset/punjab-annual-school-census-report-2017-18 (PMIU/PESRP source),,2,Low - Needs Satellite Verification,Low,0.0,All monitored infrastructure indicators within normal range,False,,31.0211712,73.8529652,100.0,100.0,100.0,High_Density,"Village-area shows 100% built-up area detected — clearly in a developed location (shared coordinates with other schools in this village — reflects general area, not confirmed for this specific school)","The census-based data analysis shows all monitored infrastructure indicators within normal range, and satellite imagery shows 100% built-up in the surrounding village area, suggesting a clearly developed location. The two findings agree and are consistent with a functioning school; no ghost-school signal is present.",Village-Level
Real (Census),38330793,GGES TIBBA MEHRBAN SHAH,MIANWALI,PIPLAN,Middle,Functional,No,,8.0,,,182.0,,4,4,Yes-Wholly,Yes-Wholly,Yes-Wholly,Satisfying,,Oct-2018 (Annual Census),https://opendata.com.pk/dataset/punjab-annual-school-census-report-2017-18 (PMIU/PESRP source),,2,Low - Needs Satellite Verification,Low,0.0,All monitored infrastructure indicators within normal range,False,,32.2923004,71.3687782,100.0,100.0,100.0,High_Density,"Village-area shows 100% built-up area detected — clearly in a developed location (shared coordinates with other schools in this village — reflects general area, not confirmed for this specific school)","The census-based data analysis shows all monitored infrastructure indicators within normal range, and satellite imagery shows 100% built-up in the surrounding village area, suggesting a clearly developed location. The two findings agree and are consistent with a functioning school; no ghost-school signal is present.",Village-Level
Real (Census),38331081,GGCMS CHAK NO.4 DB,MIANWALI,PIPLAN,Primary,Functional,No,,6.0,,,194.0,,6,6,Yes-Wholly,Yes-Wholly,Yes-Wholly,Satisfying,,Oct-2018 (Annual Census),https://opendata.com.pk/dataset/punjab-annual-school-census-report-2017-18 (PMIU/PESRP source),,2,Low - Needs Satellite Verification,Low,0.0,All monitored infrastructure indicators within normal range,False,,32.2923004,71.3687782,100.0,100.0,100.0,High_Density,"Village-area shows 100% built-up area detected — clearly in a developed location (shared coordinates with other schools in this village — reflects general area, not confirmed for this specific school)","The census-based data analysis shows all monitored infrastructure indicators within normal range, and satellite imagery shows 100% built-up in the surrounding village area, suggesting a clearly developed location. The two findings agree and are consistent with a functioning school; no ghost-school signal is present.",Village-Level
Real (Census),38310049,GHS DALLA MIR WALA,MIANWALI,ISA KHEL,High,Functional,No,,13.0,,,406.0,,11,11,Yes-Wholly,Yes-Wholly,Yes-Wholly,Satisfying,,Oct-2018 (Annual Census),https://opendata.com.pk/dataset/punjab-annual-school-census-report-2017-18 (PMIU/PESRP source),,2,Low - Needs Satellite Verification,Low,0.0,All monitored infrastructure indicators within normal range,False,,32.6750144,71.2761153,100.0,100.0,100.0,High_Density, 100% built-up area detected — clearly in a developed location,"The census-based data analysis shows all monitored infrastructure indicators within normal range, and satellite imagery shows 100% built-up around the school's exact location, suggesting a clearly developed location. The two findings agree and are consistent with a functioning school; no ghost-school signal is present.",School-Level
Real (Census),38320408,GPS SHEIKHAN WALA,MIANWALI,MIANWALI,Primary,Functional,No,,5.0,,,68.0,,4,2,Yes-Wholly,Yes-Wholly,Yes-Wholly,Needed Minor Repairing,,Oct-2018 (Annual Census),https://opendata.com.pk/dataset/punjab-annual-school-census-report-2017-18 (PMIU/PESRP source),,2,Low - Needs Satellite Verification,Low,12.5,Moderate toilet non-functionality (only 2 of 4 working),False,,32.5793897,71.5353168,100.0,100.0,100.0,High_Density,"Village-area shows 100% built-up area detected — clearly in a developed location (shared coordinates with other schools in this village — reflects general area, not confirmed for this specific school)","Although satellite imagery shows 100% built-up in the surrounding village area, suggesting a clearly developed location, the census-based data analysis shows moderate toilet non-functionality (only 2 of 4 working). The two findings therefore point in different directions: a developed setting makes a physically absent school less likely, yet the recorded indicators remain weak. On its own this discrepancy is not a strong ghost-school signal, though it merits routine monitoring.",Village-Level
Real (Census),38320291,GPS MOUZA BAZAR,MIANWALI,MIANWALI,Primary,Functional,No,,5.0,,,127.0,,2,2,Yes-Wholly,Yes-Wholly,Yes-Wholly,Satisfying,,Oct-2018 (Annual Census),https://opendata.com.pk/dataset/punjab-annual-school-census-report-2017-18 (PMIU/PESRP source),,2,Low - Needs Satellite Verification,Low,0.0,All monitored infrastructure indicators within normal range,False,,32.5793897,71.5353168,100.0,100.0,100.0,High_Density,"Village-area shows 100% built-up area detected — clearly in a developed location (shared coordinates with other schools in this village — reflects general area, not confirmed for this specific school)","The census-based data analysis shows all monitored infrastructure indicators within normal range, and satellite imagery shows 100% built-up in the surrounding village area, suggesting a clearly developed location. The two findings agree and are consistent with a functioning school; no ghost-school signal is present.",Village-Level
Real (Census),37140182,GGPS JAND NO.1,ATTOCK,JAND,Primary,Functional,No,,8.0,,,257.0,,6,6,Yes-Wholly,Yes-Wholly,Yes-Wholly,Satisfying,,Oct-2018 (Annual Census),https://opendata.com.pk/dataset/punjab-annual-school-census-report-2017-18 (PMIU/PESRP source),,2,Low - Needs Satellite Verification,Low,0.0,All monitored infrastructure indicators within normal range,False,,33.4317702,72.0196309,100.0,100.0,100.0,High_Density,"Village-area shows 100% built-up area detected — clearly in a developed location (shared coordinates with other schools in this village — reflects general area, not confirmed for this specific school)","The census-based data analysis shows all monitored infrastructure indicators within normal range, and satellite imagery shows 100% built-up in the surrounding village area, suggesting a clearly developed location. The two findings agree and are consistent with a functioning school; no ghost-school signal is present.",Village-Level
Real (Census),37130189,GGES SARWAYA,ATTOCK,PINDI GHEB,Middle,Functional,No,,11.0,,,229.0,,5,5,Yes-Wholly,Yes-Wholly,Yes-Wholly,Satisfying,,Oct-2018 (Annual Census),https://opendata.com.pk/dataset/punjab-annual-school-census-report-2017-18 (PMIU/PESRP source),,2,Low - Needs Satellite Verification,Low,0.0,All monitored infrastructure indicators within normal range,False,,33.2437103,72.2686198,100.0,100.0,100.0,High_Density,"Village-area shows 100% built-up area detected — clearly in a developed location (shared coordinates with other schools in this village — reflects general area, not confirmed for this specific school)","The census-based data analysis shows all monitored infrastructure indicators within normal range, and satellite imagery shows 100% built-up in the surrounding village area, suggesting a clearly developed location. The two findings agree and are consistent with a functioning school; no ghost-school signal is present.",Village-Level
Real (Census),37110078,GGHS SALAR,ATTOCK,ATTOCK,High,Functional,No,,18.0,,,404.0,,9,9,Yes-Wholly,Yes-Wholly,Yes-Wholly,Satisfying,,Oct-2018 (Annual Census),https://opendata.com.pk/dataset/punjab-annual-school-census-report-2017-18 (PMIU/PESRP source),,2,Low - Needs Satellite Verification,Medium,15.0,All monitored infrastructure indicators within normal range,False,,33.77451,72.3516178,0.0,0.0,0.0,Low_Density,Only 0% built-up area detected around the school's exact coordinates — sparse development; verify the school exists at its geocoded location (location-verification floor: at least Medium priority),"The census-based data analysis shows all monitored infrastructure indicators within normal range, but satellite imagery shows only 0% built-up around the school's exact location, indicating a sparsely developed area. The findings disagree: a functioning school would normally sit within a settled area, so the school's presence at its recorded coordinates remains unverified — imagery alone cannot distinguish a geocoding error from an absent school. A verification visit is recommended to confirm the school exists at its recorded location.",School-Level
Real (Census),37150029,GPS CHUKRA,ATTOCK,HASSANABDAL,Primary,Functional,No,,4.0,,,125.0,,4,4,Yes-Wholly,Yes-Wholly,Yes-Wholly,Satisfying,,Oct-2018 (Annual Census),https://opendata.com.pk/dataset/punjab-annual-school-census-report-2017-18 (PMIU/PESRP source),,2,Low - Needs Satellite Verification,Low,2.0,All monitored infrastructure indicators within normal range,False,,33.8150627,72.7030379,0.0,37.5,37.5,Mixed_Density,"Village-area shows 37.5% built-up area detected around coordinates — partially developed surroundings, satellite signal inconclusive (shared coordinates with other schools in this village — reflects general area, not confirmed for this specific school)","The census-based data analysis shows all monitored infrastructure indicators within normal range, while satellite imagery shows 37.5% built-up in the surrounding village area (up from 0% in the 2017 imagery) — partially developed surroundings, an inconclusive signal on its own. Neither source provides a strong ghost-school signal.",Village-Level
Real (Census),37130200,GGHS DHOK DHERA,ATTOCK,PINDI GHEB,High,Functional,No,,12.0,,,422.0,,6,6,Yes-Wholly,Yes-Wholly,Yes-Wholly,Satisfying,,Oct-2018 (Annual Census),https://opendata.com.pk/dataset/punjab-annual-school-census-report-2017-18 (PMIU/PESRP source),,2,Low - Needs Satellite Verification,Low,0.0,All monitored infrastructure indicators within normal range,False,,33.2437103,72.2686198,100.0,100.0,100.0,High_Density,"Village-area shows 100% built-up area detected — clearly in a developed location (shared coordinates with other schools in this village — reflects general area, not confirmed for this specific school)","The census-based data analysis shows all monitored infrastructure indicators within normal range, and satellite imagery shows 100% built-up in the surrounding village area, suggesting a clearly developed location. The two findings agree and are consistent with a functioning school; no ghost-school signal is present.",Village-Level
Real (Census),38130070,GPS BORING AMAN ULLAH,BHAKKAR,MANKERA,Primary,Functional,No,,4.0,,,51.0,,2,2,Yes-Wholly,Yes-Wholly,Yes-Wholly,Satisfying,,Oct-2018 (Annual Census),https://opendata.com.pk/dataset/punjab-annual-school-census-report-2017-18 (PMIU/PESRP source),,2,Low - Needs Satellite Verification,Low,0.0,All monitored infrastructure indicators within normal range,False,,31.3871859,71.4392176,100.0,100.0,100.0,High_Density,"Village-area shows 100% built-up area detected — clearly in a developed location (shared coordinates with other schools in this village — reflects general area, not confirmed for this specific school)","The census-based data analysis shows all monitored infrastructure indicators within normal range, and satellite imagery shows 100% built-up in the surrounding village area, suggesting a clearly developed location. The two findings agree and are consistent with a functioning school; no ghost-school signal is present.",Village-Level
Real (Census),38140867,GPS JHOKE HAJI,BHAKKAR,DARYA KHAN,Primary,Functional,No,,3.0,,,102.0,,4,4,Yes-Wholly,Yes-Wholly,Yes-Wholly,Needed Minor Repairing,,Oct-2018 (Annual Census),https://opendata.com.pk/dataset/punjab-annual-school-census-report-2017-18 (PMIU/PESRP source),,2,Low - Needs Satellite Verification,Low,0.0,All monitored infrastructure indicators within normal range,False,,31.7855908,71.1088112,57.81,100.0,100.0,High_Density, 100% built-up area detected — clearly in a developed location,"The census-based data analysis shows all monitored infrastructure indicators within normal range, and satellite imagery shows 100% built-up around the school's exact location (up from 57.8% in the 2017 imagery), suggesting a clearly developed location. The two findings agree and are consistent with a functioning school; no ghost-school signal is present.",School-Level
Real (Census),38110068,GGES PIR ASHAB,BHAKKAR,BHAKKAR,Middle,Functional,No,,12.0,,,586.0,,6,6,Yes-Wholly,Yes-Wholly,Yes-Wholly,Satisfying,,Oct-2018 (Annual Census),https://opendata.com.pk/dataset/punjab-annual-school-census-report-2017-18 (PMIU/PESRP source),,2,Low - Needs Satellite Verification,Low,0.0,All monitored infrastructure indicators within normal range,False,,31.6221111,71.0650584,100.0,100.0,100.0,High_Density,"Village-area shows 100% built-up area detected — clearly in a developed location (shared coordinates with other schools in this village — reflects general area, not confirmed for this specific school)","The census-based data analysis shows all monitored infrastructure indicators within normal range, and satellite imagery shows 100% built-up in the surrounding village area, suggesting a clearly developed location. The two findings agree and are consistent with a functioning school; no ghost-school signal is present.",Village-Level
Real (Census),38110902,GPS MIAN ISA,BHAKKAR,BHAKKAR,Primary,Functional,No,,4.0,,,135.0,,4,4,Yes-Wholly,Yes-Wholly,Yes-Wholly,Satisfying,,Oct-2018 (Annual Census),https://opendata.com.pk/dataset/punjab-annual-school-census-report-2017-18 (PMIU/PESRP source),,2,Low - Needs Satellite Verification,Low,0.0,All monitored infrastructure indicators within normal range,False,,31.6221111,71.0650584,100.0,100.0,100.0,High_Density,"Village-area shows 100% built-up area detected — clearly in a developed location (shared coordinates with other schools in this village — reflects general area, not confirmed for this specific school)","The census-based data analysis shows all monitored infrastructure indicators within normal range, and satellite imagery shows 100% built-up in the surrounding village area, suggesting a clearly developed location. The two findings agree and are consistent with a functioning school; no ghost-school signal is present.",Village-Level
Real (Census),38130099,GPS SHAHI,BHAKKAR,MANKERA,Primary,Functional,No,,4.0,,,133.0,,4,4,Yes-Wholly,Yes-Wholly,Yes-Wholly,Satisfying,,Oct-2018 (Annual Census),https://opendata.com.pk/dataset/punjab-annual-school-census-report-2017-18 (PMIU/PESRP source),,2,Low - Needs Satellite Verification,Low,0.0,All monitored infrastructure indicators within normal range,False,,31.3871859,71.4392176,100.0,100.0,100.0,High_Density,"Village-area shows 100% built-up area detected — clearly in a developed location (shared coordinates with other schools in this village — reflects general area, not confirmed for this specific school)","The census-based data analysis shows all monitored infrastructure indicators within normal range, and satellite imagery shows 100% built-up in the surrounding village area, suggesting a clearly developed location. The two findings agree and are consistent with a functioning school; no ghost-school signal is present.",Village-Level
Real (Census),37340027,GES ANWAR ABAD,RAWALPINDI,TAXILA,Middle,Functional,No,,17.0,,,531.0,,6,6,Yes-Wholly,Yes-Wholly,Yes-Wholly,Satisfying,,Oct-2018 (Annual Census),https://opendata.com.pk/dataset/punjab-annual-school-census-report-2017-18 (PMIU/PESRP source),,2,Low - Needs Satellite Verification,Low,0.0,All monitored infrastructure indicators within normal range,False,,33.7422793,72.8145203,100.0,100.0,100.0,High_Density,"Village-area shows 100% built-up area detected — clearly in a developed location (shared coordinates with other schools in this village — reflects general area, not confirmed for this specific school)","The census-based data analysis shows all monitored infrastructure indicators within normal range, and satellite imagery shows 100% built-up in the surrounding village area, suggesting a clearly developed location. The two findings agree and are consistent with a functioning school; no ghost-school signal is present.",Village-Level
Real (Census),37370224,GPS TAREEL,RAWALPINDI,KALLAR SYEDAN,Primary,Functional,No,,5.0,,,105.0,,2,2,Yes-Wholly,Yes-Wholly,Yes-Wholly,Satisfying,,Oct-2018 (Annual Census),https://opendata.com.pk/dataset/punjab-annual-school-census-report-2017-18 (PMIU/PESRP source),,2,Low - Needs Satellite Verification,Low,0.0,All monitored infrastructure indicators within normal range,False,,33.4145534,73.3782841,100.0,100.0,100.0,High_Density,"Village-area shows 100% built-up area detected — clearly in a developed location (shared coordinates with other schools in this village — reflects general area, not confirmed for this specific school)","The census-based data analysis shows all monitored infrastructure indicators within normal range, and satellite imagery shows 100% built-up in the surrounding village area, suggesting a clearly developed location. The two findings agree and are consistent with a functioning school; no ghost-school signal is present.",Village-Level
Real (Census),37330191,GGHS ADHWAL,RAWALPINDI,RAWALPINDI,High,Functional,No,,12.0,,,354.0,,6,4,Yes-Wholly,Yes-Wholly,Yes-Wholly,Needed Minor Repairing,dangerous_classrooms (source field): 2,Oct-2018 (Annual Census),https://opendata.com.pk/dataset/punjab-annual-school-census-report-2017-18 (PMIU/PESRP source),,2,Low - Needs Satellite Verification,Low,8.33,Moderate toilet non-functionality (only 4 of 6 working),False,,33.6040754,73.0483807,100.0,100.0,100.0,High_Density,"Village-area shows 100% built-up area detected — clearly in a developed location (shared coordinates with other schools in this village — reflects general area, not confirmed for this specific school)","Although satellite imagery shows 100% built-up in the surrounding village area, suggesting a clearly developed location, the census-based data analysis shows moderate toilet non-functionality (only 4 of 6 working). The two findings therefore point in different directions: a developed setting makes a physically absent school less likely, yet the recorded indicators remain weak. On its own this discrepancy is not a strong ghost-school signal, though it merits routine monitoring.",Village-Level
Real (Census),37370486,GPS MANMORE,RAWALPINDI,KALLAR SYEDAN,Primary,Functional,No,,4.0,,,61.0,,2,2,Yes-Wholly,Yes-Wholly,Yes-Wholly,Satisfying,,Oct-2018 (Annual Census),https://opendata.com.pk/dataset/punjab-annual-school-census-report-2017-18 (PMIU/PESRP source),,2,Low - Needs Satellite Verification,Low,0.0,All monitored infrastructure indicators within normal range,False,,33.4145534,73.3782841,100.0,100.0,100.0,High_Density,"Village-area shows 100% built-up area detected — clearly in a developed location (shared coordinates with other schools in this village — reflects general area, not confirmed for this specific school)","The census-based data analysis shows all monitored infrastructure indicators within normal range, and satellite imagery shows 100% built-up in the surrounding village area, suggesting a clearly developed location. The two findings agree and are consistent with a functioning school; no ghost-school signal is present.",Village-Level
Real (Census),37360304,GPS KURI DOLAL P.O KURI DOLAL,RAWALPINDI,GUJAR KHAN,Primary,Functional,No,,4.0,,,52.0,,2,2,Yes-Wholly,Yes-Wholly,Yes-Wholly,Satisfying,,Oct-2018 (Annual Census),https://opendata.com.pk/dataset/punjab-annual-school-census-report-2017-18 (PMIU/PESRP source),,2,Low - Needs Satellite Verification,Low,0.0,All monitored infrastructure indicators within normal range,False,,33.2590018,73.3076163,100.0,100.0,100.0,High_Density,"Village-area shows 100% built-up area detected — clearly in a developed location (shared coordinates with other schools in this village — reflects general area, not confirmed for this specific school)","The census-based data analysis shows all monitored infrastructure indicators within normal range, and satellite imagery shows 100% built-up in the surrounding village area, suggesting a clearly developed location. The two findings agree and are consistent with a functioning school; no ghost-school signal is present.",Village-Level
Real (Census),37420373,GGPS NAKA REHAN,CHAKWAL,TALAGANG,Primary,Functional,No,,4.0,,,51.0,,2,2,Yes-Wholly,Yes-Wholly,Yes-Wholly,Satisfying,,Oct-2018 (Annual Census),https://opendata.com.pk/dataset/punjab-annual-school-census-report-2017-18 (PMIU/PESRP source),,2,Low - Needs Satellite Verification,Low,0.0,All monitored infrastructure indicators within normal range,False,,32.9320074,72.8308888,100.0,100.0,100.0,High_Density,"Village-area shows 100% built-up area detected — clearly in a developed location (shared coordinates with other schools in this village — reflects general area, not confirmed for this specific school)","The census-based data analysis shows all monitored infrastructure indicators within normal range, and satellite imagery shows 100% built-up in the surrounding village area, suggesting a clearly developed location. The two findings agree and are consistent with a functioning school; no ghost-school signal is present.",Village-Level
Real (Census),37410001,GHSS PADSHAHAN,CHAKWAL,CHAKWAL,H.Sec.,Functional,No,,22.0,,,550.0,,6,6,Yes-Wholly,Yes-Wholly,Yes-Wholly,Satisfying,,Oct-2018 (Annual Census),https://opendata.com.pk/dataset/punjab-annual-school-census-report-2017-18 (PMIU/PESRP source),,2,Low - Needs Satellite Verification,Low,0.0,All monitored infrastructure indicators within normal range,False,,32.932827,72.8629763,100.0,100.0,100.0,High_Density,"Village-area shows 100% built-up area detected — clearly in a developed location (shared coordinates with other schools in this village — reflects general area, not confirmed for this specific school)","The census-based data analysis shows all monitored infrastructure indicators within normal range, and satellite imagery shows 100% built-up in the surrounding village area, suggesting a clearly developed location. The two findings agree and are consistent with a functioning school; no ghost-school signal is present.",Village-Level
Real (Census),37410518,GGPS REHRA,CHAKWAL,CHAKWAL,Primary,Functional,No,,4.0,,,21.0,,2,2,Yes-Wholly,Yes-Wholly,Yes-Wholly,Satisfying,,Oct-2018 (Annual Census),https://opendata.com.pk/dataset/punjab-annual-school-census-report-2017-18 (PMIU/PESRP source),,2,Low - Needs Satellite Verification,Low,0.0,All monitored infrastructure indicators within normal range,False,,32.932827,72.8629763,100.0,100.0,100.0,High_Density,"Village-area shows 100% built-up area detected — clearly in a developed location (shared coordinates with other schools in this village — reflects general area, not confirmed for this specific school)","The census-based data analysis shows all monitored infrastructure indicators within normal range, and satellite imagery shows 100% built-up in the surrounding village area, suggesting a clearly developed location. The two findings agree and are consistent with a functioning school; no ghost-school signal is present.",Village-Level
Real (Census),37420431,GMMS MOHALLAH SAGRAL MULTAN KHURD,CHAKWAL,TALAGANG,sMosque,Functional,No,,1.0,,,6.0,,2,2,Yes-Wholly,Yes-Wholly,Yes-Wholly,Satisfying,,Oct-2018 (Annual Census),https://opendata.com.pk/dataset/punjab-annual-school-census-report-2017-18 (PMIU/PESRP source),,2,Low - Needs Satellite Verification,Low,0.0,All monitored infrastructure indicators within normal range,False,,32.9320074,72.8308888,100.0,100.0,100.0,High_Density,"Village-area shows 100% built-up area detected — clearly in a developed location (shared coordinates with other schools in this village — reflects general area, not confirmed for this specific school)","The census-based data analysis shows all monitored infrastructure indicators within normal range, and satellite imagery shows 100% built-up in the surrounding village area, suggesting a clearly developed location. The two findings agree and are consistent with a functioning school; no ghost-school signal is present.",Village-Level
Real (Census),37410488,GGPS MURID BALLA,CHAKWAL,CHAKWAL,Primary,Functional,No,,4.0,,,39.0,,2,2,Yes-Wholly,Yes-Wholly,Yes-Wholly,Satisfying,,Oct-2018 (Annual Census),https://opendata.com.pk/dataset/punjab-annual-school-census-report-2017-18 (PMIU/PESRP source),,2,Low - Needs Satellite Verification,Low,0.0,All monitored infrastructure indicators within normal range,False,,32.932827,72.8629763,100.0,100.0,100.0,High_Density,"Village-area shows 100% built-up area detected — clearly in a developed location (shared coordinates with other schools in this village — reflects general area, not confirmed for this specific school)","The census-based data analysis shows all monitored infrastructure indicators within normal range, and satellite imagery shows 100% built-up in the surrounding village area, suggesting a clearly developed location. The two findings agree and are consistent with a functioning school; no ghost-school signal is present.",Village-Level
Real (Census),33140283,GGES CHAK 66 JB-II ISLAM PURA,FAISALABAD,FAISALABAD SADDAR,Middle,Functional,No,,14.0,,,608.0,,4,4,Yes-Wholly,Yes-Wholly,Yes-Wholly,Satisfying,,Oct-2018 (Annual Census),https://opendata.com.pk/dataset/punjab-annual-school-census-report-2017-18 (PMIU/PESRP source),,2,Low - Needs Satellite Verification,Low,0.0,All monitored infrastructure indicators within normal range,False,,31.3711401,73.0706582,100.0,100.0,100.0,High_Density,"Village-area shows 100% built-up area detected — clearly in a developed location (shared coordinates with other schools in this village — reflects general area, not confirmed for this specific school)","The census-based data analysis shows all monitored infrastructure indicators within normal range, and satellite imagery shows 100% built-up in the surrounding village area, suggesting a clearly developed location. The two findings agree and are consistent with a functioning school; no ghost-school signal is present.",Village-Level
Real (Census),33140422,GHS CHAK 199 RB,FAISALABAD,FAISALABAD SADDAR,High,Functional,No,,16.0,,,511.0,,12,12,Yes-Wholly,Yes-Wholly,Yes-Wholly,Satisfying,dangerous_classrooms (source field): 4,Oct-2018 (Annual Census),https://opendata.com.pk/dataset/punjab-annual-school-census-report-2017-18 (PMIU/PESRP source),,2,Low - Needs Satellite Verification,Low,0.0,All monitored infrastructure indicators within normal range,False,,31.259546,72.9367562,93.75,98.44,98.44,High_Density, 98.4% built-up area detected — clearly in a developed location,"The census-based data analysis shows all monitored infrastructure indicators within normal range, and satellite imagery shows 98.4% built-up around the school's exact location, suggesting a clearly developed location. The two findings agree and are consistent with a functioning school; no ghost-school signal is present.",School-Level
Real (Census),33110139,GGPS CHAK NO 217 RB ACHKERA,FAISALABAD,FAISALABAD CITY,Primary,Functional,No,,4.0,,,351.0,,3,3,Yes-Wholly,Yes-Wholly,Yes-Wholly,Satisfying,,Oct-2018 (Annual Census),https://opendata.com.pk/dataset/punjab-annual-school-census-report-2017-18 (PMIU/PESRP source),,2,Low - Needs Satellite Verification,Low,0.0,All monitored infrastructure indicators within normal range,False,,31.386296,73.0676444,100.0,100.0,100.0,High_Density,"Village-area shows 100% built-up area detected — clearly in a developed location (shared coordinates with other schools in this village — reflects general area, not confirmed for this specific school)","The census-based data analysis shows all monitored infrastructure indicators within normal range, and satellite imagery shows 100% built-up in the surrounding village area, suggesting a clearly developed location. The two findings agree and are consistent with a functioning school; no ghost-school signal is present.",Village-Level
Real (Census),33130285,GES 205/GB,FAISALABAD,SAMUNDARI,Middle,Functional,No,,9.0,,,217.0,,5,2,Yes-Wholly,Yes-Wholly,Yes-Wholly,Satisfying,,Oct-2018 (Annual Census),https://opendata.com.pk/dataset/punjab-annual-school-census-report-2017-18 (PMIU/PESRP source),,2,Low - Needs Satellite Verification,Low,15.0,Moderate toilet non-functionality (only 2 of 5 working),False,,31.4103462,73.0936494,100.0,100.0,100.0,High_Density,"Village-area shows 100% built-up area detected — clearly in a developed location (shared coordinates with other schools in this village — reflects general area, not confirmed for this specific school)","Although satellite imagery shows 100% built-up in the surrounding village area, suggesting a clearly developed location, the census-based data analysis shows moderate toilet non-functionality (only 2 of 5 working). The two findings therefore point in different directions: a developed setting makes a physically absent school less likely, yet the recorded indicators remain weak. On its own this discrepancy is not a strong ghost-school signal, though it merits routine monitoring.",Village-Level
Real (Census),33130355,GHS CHAK NO. 530/GB FSD,FAISALABAD,SAMUNDARI,High,Functional,No,,14.0,,,519.0,,8,8,Yes-Wholly,Yes-Wholly,Yes-Wholly,Needed Minor Repairing,,Oct-2018 (Annual Census),https://opendata.com.pk/dataset/punjab-annual-school-census-report-2017-18 (PMIU/PESRP source),,2,Low - Needs Satellite Verification,Low,0.0,All monitored infrastructure indicators within normal range,False,,31.4103462,73.0936494,100.0,100.0,100.0,High_Density,"Village-area shows 100% built-up area detected — clearly in a developed location (shared coordinates with other schools in this village — reflects general area, not confirmed for this specific school)","The census-based data analysis shows all monitored infrastructure indicators within normal range, and satellite imagery shows 100% built-up in the surrounding village area, suggesting a clearly developed location. The two findings agree and are consistent with a functioning school; no ghost-school signal is present.",Village-Level
Real (Census),36310105,GGES CHAK NO.106 EB,VEHARI,BUREWALA,Middle,Functional,No,,7.0,,,167.0,,6,4,Yes-Wholly,Yes-Wholly,Yes-Wholly,Satisfying,,Oct-2018 (Annual Census),https://opendata.com.pk/dataset/punjab-annual-school-census-report-2017-18 (PMIU/PESRP source),,2,Low - Needs Satellite Verification,Low,8.33,Moderate toilet non-functionality (only 4 of 6 working),False,,30.1553358,72.6815187,100.0,100.0,100.0,High_Density,"Village-area shows 100% built-up area detected — clearly in a developed location (shared coordinates with other schools in this village — reflects general area, not confirmed for this specific school)","Although satellite imagery shows 100% built-up in the surrounding village area, suggesting a clearly developed location, the census-based data analysis shows moderate toilet non-functionality (only 4 of 6 working). The two findings therefore point in different directions: a developed setting makes a physically absent school less likely, yet the recorded indicators remain weak. On its own this discrepancy is not a strong ghost-school signal, though it merits routine monitoring.",Village-Level
Real (Census),36310201,GES CHAK NO.261/EB,VEHARI,BUREWALA,Middle,Functional,No,,12.0,,,507.0,,8,6,Yes-Wholly,Yes-Wholly,Yes-Wholly,Needed Minor Repairing,,Oct-2018 (Annual Census),https://opendata.com.pk/dataset/punjab-annual-school-census-report-2017-18 (PMIU/PESRP source),,2,Low - Needs Satellite Verification,Low,6.25,Moderate toilet non-functionality (only 6 of 8 working),False,,30.1553358,72.6815187,100.0,100.0,100.0,High_Density,"Village-area shows 100% built-up area detected — clearly in a developed location (shared coordinates with other schools in this village — reflects general area, not confirmed for this specific school)","Although satellite imagery shows 100% built-up in the surrounding village area, suggesting a clearly developed location, the census-based data analysis shows moderate toilet non-functionality (only 6 of 8 working). The two findings therefore point in different directions: a developed setting makes a physically absent school less likely, yet the recorded indicators remain weak. On its own this discrepancy is not a strong ghost-school signal, though it merits routine monitoring.",Village-Level
Real (Census),36310054,GHS CHAK NO.181 EB,VEHARI,BUREWALA,High,Functional,No,,17.0,,,486.0,,10,10,Yes-Wholly,Yes-Wholly,Yes-Wholly,Satisfying,,Oct-2018 (Annual Census),https://opendata.com.pk/dataset/punjab-annual-school-census-report-2017-18 (PMIU/PESRP source),,2,Low - Needs Satellite Verification,Low,0.0,All monitored infrastructure indicators within normal range,False,,30.1553358,72.6815187,100.0,100.0,100.0,High_Density,"Village-area shows 100% built-up area detected — clearly in a developed location (shared coordinates with other schools in this village — reflects general area, not confirmed for this specific school)","The census-based data analysis shows all monitored infrastructure indicators within normal range, and satellite imagery shows 100% built-up in the surrounding village area, suggesting a clearly developed location. The two findings agree and are consistent with a functioning school; no ghost-school signal is present.",Village-Level
Real (Census),36320664,GGPS ARY PUR,VEHARI,MAILSI,Primary,Functional,No,,3.0,,,95.0,,2,2,Yes-Wholly,Yes-Wholly,Yes-Wholly,Satisfying,,Oct-2018 (Annual Census),https://opendata.com.pk/dataset/punjab-annual-school-census-report-2017-18 (PMIU/PESRP source),,2,Low - Needs Satellite Verification,Low,0.0,All monitored infrastructure indicators within normal range,False,,29.8073001,72.1769109,100.0,100.0,100.0,High_Density, 100% built-up area detected — clearly in a developed location,"The census-based data analysis shows all monitored infrastructure indicators within normal range, and satellite imagery shows 100% built-up around the school's exact location, suggesting a clearly developed location. The two findings agree and are consistent with a functioning school; no ghost-school signal is present.",School-Level
Real (Census),36310268,GPS 365 EB,VEHARI,BUREWALA,Primary,Functional,No,,4.0,,,149.0,,5,5,Yes-Wholly,Yes-Wholly,Yes-Wholly,Satisfying,,Oct-2018 (Annual Census),https://opendata.com.pk/dataset/punjab-annual-school-census-report-2017-18 (PMIU/PESRP source),,2,Low - Needs Satellite Verification,Low,0.0,All monitored infrastructure indicators within normal range,False,,30.1553358,72.6815187,100.0,100.0,100.0,High_Density,"Village-area shows 100% built-up area detected — clearly in a developed location (shared coordinates with other schools in this village — reflects general area, not confirmed for this specific school)","The census-based data analysis shows all monitored infrastructure indicators within normal range, and satellite imagery shows 100% built-up in the surrounding village area, suggesting a clearly developed location. The two findings agree and are consistent with a functioning school; no ghost-school signal is present.",Village-Level
Real (Census),39330085,GES CHAK NO. 16/1-AL,OKARA,RENALA KHURD,Middle,Functional,No,,11.0,,,445.0,,6,6,Yes-Wholly,Yes-Wholly,Yes-Wholly,Satisfying,,Oct-2018 (Annual Census),https://opendata.com.pk/dataset/punjab-annual-school-census-report-2017-18 (PMIU/PESRP source),,2,Low - Needs Satellite Verification,Low,0.0,All monitored infrastructure indicators within normal range,False,,30.8782508,73.5998771,100.0,100.0,100.0,High_Density,"Village-area shows 100% built-up area detected — clearly in a developed location (shared coordinates with other schools in this village — reflects general area, not confirmed for this specific school)","The census-based data analysis shows all monitored infrastructure indicators within normal range, and satellite imagery shows 100% built-up in the surrounding village area, suggesting a clearly developed location. The two findings agree and are consistent with a functioning school; no ghost-school signal is present.",Village-Level
Real (Census),39310403,GPS CHISHTI MOLIA,OKARA,DEPALPUR,Primary,Functional,No,,3.0,,,168.0,,4,4,Yes-Wholly,Yes-Wholly,Yes-Wholly,Satisfying,,Oct-2018 (Annual Census),https://opendata.com.pk/dataset/punjab-annual-school-census-report-2017-18 (PMIU/PESRP source),,2,Low - Needs Satellite Verification,Low,0.0,All monitored infrastructure indicators within normal range,False,,30.6691771,73.6513733,100.0,100.0,100.0,High_Density,"Village-area shows 100% built-up area detected — clearly in a developed location (shared coordinates with other schools in this village — reflects general area, not confirmed for this specific school)","The census-based data analysis shows all monitored infrastructure indicators within normal range, and satellite imagery shows 100% built-up in the surrounding village area, suggesting a clearly developed location. The two findings agree and are consistent with a functioning school; no ghost-school signal is present.",Village-Level
Real (Census),39320147,GGES SOBAY WALA,OKARA,OKARA,Middle,Functional,No,,9.0,,,204.0,,6,6,Yes-Wholly,Yes-Wholly,Yes-Wholly,Satisfying,,Oct-2018 (Annual Census),https://opendata.com.pk/dataset/punjab-annual-school-census-report-2017-18 (PMIU/PESRP source),,2,Low - Needs Satellite Verification,Low,0.0,All monitored infrastructure indicators within normal range,False,,30.80528,73.4442836,100.0,100.0,100.0,High_Density,"Village-area shows 100% built-up area detected — clearly in a developed location (shared coordinates with other schools in this village — reflects general area, not confirmed for this specific school)","The census-based data analysis shows all monitored infrastructure indicators within normal range, and satellite imagery shows 100% built-up in the surrounding village area, suggesting a clearly developed location. The two findings agree and are consistent with a functioning school; no ghost-school signal is present.",Village-Level
Real (Census),39320499,GGPS 36-A/G.D,OKARA,OKARA,Primary,Functional,No,,5.0,,,164.0,,4,4,Yes-Wholly,Yes-Wholly,Yes-Wholly,Needed Minor Repairing,,Oct-2018 (Annual Census),https://opendata.com.pk/dataset/punjab-annual-school-census-report-2017-18 (PMIU/PESRP source),,2,Low - Needs Satellite Verification,Low,0.0,All monitored infrastructure indicators within normal range,False,,30.80528,73.4442836,100.0,100.0,100.0,High_Density,"Village-area shows 100% built-up area detected — clearly in a developed location (shared coordinates with other schools in this village — reflects general area, not confirmed for this specific school)","The census-based data analysis shows all monitored infrastructure indicators within normal range, and satellite imagery shows 100% built-up in the surrounding village area, suggesting a clearly developed location. The two findings agree and are consistent with a functioning school; no ghost-school signal is present.",Village-Level
Real (Census),39330731,GGPS KALLI JAMAL SINGH (PSSP),OKARA,RENALA KHURD,Primary,Functional,No,,,,,195.0,,1,1,Yes-Wholly,Yes-Wholly,Yes-Wholly,Needed Minor Repairing,,Oct-2018 (Annual Census),https://opendata.com.pk/dataset/punjab-annual-school-census-report-2017-18 (PMIU/PESRP source),,2,Low - Needs Satellite Verification,Low,0.0,All monitored infrastructure indicators within normal range,False,,30.8782508,73.5998771,100.0,100.0,100.0,High_Density,"Village-area shows 100% built-up area detected — clearly in a developed location (shared coordinates with other schools in this village — reflects general area, not confirmed for this specific school)","The census-based data analysis shows all monitored infrastructure indicators within normal range, and satellite imagery shows 100% built-up in the surrounding village area, suggesting a clearly developed location. The two findings agree and are consistent with a functioning school; no ghost-school signal is present.",Village-Level
Real (Census),35450436,GPS DONGAY,SHEIKHUPURA,SAFDARABAD,Primary,Functional,No,,,,,65.0,,2,2,Yes-Wholly,No,Yes-Wholly,Needed Minor Repairing,,Oct-2018 (Annual Census),https://opendata.com.pk/dataset/punjab-annual-school-census-report-2017-18 (PMIU/PESRP source),,2,Low - Needs Satellite Verification,Low,10.0,No electricity,False,,31.7313228,73.577162,100.0,100.0,100.0,High_Density,"Village-area shows 100% built-up area detected — clearly in a developed location (shared coordinates with other schools in this village — reflects general area, not confirmed for this specific school)","Although satellite imagery shows 100% built-up in the surrounding village area, suggesting a clearly developed location, the census-based data analysis shows no electricity. The two findings therefore point in different directions: a developed setting makes a physically absent school less likely, yet the recorded indicators remain weak. On its own this discrepancy is not a strong ghost-school signal, though it merits routine monitoring.",Village-Level
Real (Census),35620213,GGES RAHMAN ABAD,SHEIKHUPURA,SAFDARABAD,Middle,Functional,No,,8.0,,,328.0,,6,6,Yes-Wholly,Yes-Wholly,Yes-Wholly,Satisfying,,Oct-2018 (Annual Census),https://opendata.com.pk/dataset/punjab-annual-school-census-report-2017-18 (PMIU/PESRP source),,2,Low - Needs Satellite Verification,Low,0.0,All monitored infrastructure indicators within normal range,False,,31.7313228,73.577162,100.0,100.0,100.0,High_Density,"Village-area shows 100% built-up area detected — clearly in a developed location (shared coordinates with other schools in this village — reflects general area, not confirmed for this specific school)","The census-based data analysis shows all monitored infrastructure indicators within normal range, and satellite imagery shows 100% built-up in the surrounding village area, suggesting a clearly developed location. The two findings agree and are consistent with a functioning school; no ghost-school signal is present.",Village-Level
Real (Census),35420720,GPS KAMBOH COLONY,SHEIKHUPURA,MURIDKE,Primary,Functional,No,,,,,364.0,,2,2,Yes-Wholly,Yes-Wholly,Yes-Wholly,Satisfying,,Oct-2018 (Annual Census),https://opendata.com.pk/dataset/punjab-annual-school-census-report-2017-18 (PMIU/PESRP source),,2,Low - Needs Satellite Verification,Low,0.0,All monitored infrastructure indicators within normal range,False,,31.8010863,74.2540999,100.0,100.0,100.0,High_Density,"Village-area shows 100% built-up area detected — clearly in a developed location (shared coordinates with other schools in this village — reflects general area, not confirmed for this specific school)","The census-based data analysis shows all monitored infrastructure indicators within normal range, and satellite imagery shows 100% built-up in the surrounding village area, suggesting a clearly developed location. The two findings agree and are consistent with a functioning school; no ghost-school signal is present.",Village-Level
Real (Census),35620614,GPS CHAK JAID 16 JAID,SHEIKHUPURA,SAFDARABAD,Primary,Functional,No,,8.0,,,344.0,,5,5,Yes-Wholly,Yes-Wholly,Yes-Wholly,Satisfying,,Oct-2018 (Annual Census),https://opendata.com.pk/dataset/punjab-annual-school-census-report-2017-18 (PMIU/PESRP source),,2,Low - Needs Satellite Verification,Low,0.0,All monitored infrastructure indicators within normal range,False,,31.7313228,73.577162,100.0,100.0,100.0,High_Density,"Village-area shows 100% built-up area detected — clearly in a developed location (shared coordinates with other schools in this village — reflects general area, not confirmed for this specific school)","The census-based data analysis shows all monitored infrastructure indicators within normal range, and satellite imagery shows 100% built-up in the surrounding village area, suggesting a clearly developed location. The two findings agree and are consistent with a functioning school; no ghost-school signal is present.",Village-Level
Real (Census),35420117,GGES HERDO SEHOLE MUSLIM,SHEIKHUPURA,MURIDKE,Middle,Functional,No,,10.0,,,104.0,,4,4,Yes-Wholly,Yes-Wholly,Yes-Wholly,Needed Minor Repairing,,Oct-2018 (Annual Census),https://opendata.com.pk/dataset/punjab-annual-school-census-report-2017-18 (PMIU/PESRP source),,2,Low - Needs Satellite Verification,Low,0.0,All monitored infrastructure indicators within normal range,False,,31.8010863,74.2540999,100.0,100.0,100.0,High_Density,"Village-area shows 100% built-up area detected — clearly in a developed location (shared coordinates with other schools in this village — reflects general area, not confirmed for this specific school)","The census-based data analysis shows all monitored infrastructure indicators within normal range, and satellite imagery shows 100% built-up in the surrounding village area, suggesting a clearly developed location. The two findings agree and are consistent with a functioning school; no ghost-school signal is present.",Village-Level
Real (Census),33340199,GES CHAK 319 GB I,T.T.SINGH,PIR MAHAL,Middle,Functional,No,,16.0,,,550.0,,6,6,Yes-Wholly,Yes-Wholly,Yes-Wholly,Satisfying,,Oct-2018 (Annual Census),https://opendata.com.pk/dataset/punjab-annual-school-census-report-2017-18 (PMIU/PESRP source),,2,Low - Needs Satellite Verification,Low,0.0,All monitored infrastructure indicators within normal range,False,,30.6478,72.51244,98.44,100.0,100.0,High_Density,"Village-area shows 100% built-up area detected — clearly in a developed location (shared coordinates with other schools in this village — reflects general area, not confirmed for this specific school)","The census-based data analysis shows all monitored infrastructure indicators within normal range, and satellite imagery shows 100% built-up in the surrounding village area, suggesting a clearly developed location. The two findings agree and are consistent with a functioning school; no ghost-school signal is present.",Village-Level
Real (Census),33320089,GGES CHAK 706 GB,T.T.SINGH,KAMALIA,Middle,Functional,No,,7.0,,,205.0,,4,4,Yes-Wholly,Yes-Wholly,Yes-Wholly,Satisfying,,Oct-2018 (Annual Census),https://opendata.com.pk/dataset/punjab-annual-school-census-report-2017-18 (PMIU/PESRP source),,2,Low - Needs Satellite Verification,Low,0.0,All monitored infrastructure indicators within normal range,False,,30.779289,72.5462965,,,,NoData,,The census-based data analysis shows all monitored infrastructure indicators within normal range. No usable satellite reading is available — the school could only be geocoded to its tehsil centre — so this assessment rests on the data indicators alone.,Tehsil-Level
Real (Census),33310319,GMPS CHAK 161 GB I,T.T.SINGH,GOJRA,Primary,Functional,No,,6.0,,,180.0,,6,6,Yes-Wholly,Yes-Wholly,Yes-Wholly,Satisfying,,Oct-2018 (Annual Census),https://opendata.com.pk/dataset/punjab-annual-school-census-report-2017-18 (PMIU/PESRP source),,2,Low - Needs Satellite Verification,Low,0.0,All monitored infrastructure indicators within normal range,False,,30.910778,72.580153,,,,NoData,,The census-based data analysis shows all monitored infrastructure indicators within normal range. No usable satellite reading is available — the school could only be geocoded to its tehsil centre — so this assessment rests on the data indicators alone.,Tehsil-Level
Real (Census),33310170,GHS CHAK 361 JB,T.T.SINGH,GOJRA,High,Functional,No,,18.0,,,438.0,,12,12,Yes-Wholly,Yes-Wholly,Yes-Wholly,Complete Building Needs Repairing,,Oct-2018 (Annual Census),https://opendata.com.pk/dataset/punjab-annual-school-census-report-2017-18 (PMIU/PESRP source),,2,Low - Needs Satellite Verification,Low,0.0,All monitored infrastructure indicators within normal range,False,,30.910778,72.580153,100.0,100.0,100.0,High_Density,"Village-area shows 100% built-up area detected — clearly in a developed location (shared coordinates with other schools in this village — reflects general area, not confirmed for this specific school)","The census-based data analysis shows all monitored infrastructure indicators within normal range, and satellite imagery shows 100% built-up in the surrounding village area, suggesting a clearly developed location. The two findings agree and are consistent with a functioning school; no ghost-school signal is present.",Village-Level
Real (Census),33340414,GGPS CHAK 752 GB,T.T.SINGH,PIR MAHAL,Primary,Functional,No,,4.0,,,155.0,,4,4,Yes-Wholly,Yes-Wholly,Yes-Wholly,Satisfying,,Oct-2018 (Annual Census),https://opendata.com.pk/dataset/punjab-annual-school-census-report-2017-18 (PMIU/PESRP source),,2,Low - Needs Satellite Verification,Low,0.0,All monitored infrastructure indicators within normal range,False,,30.6478,72.51244,,,,NoData,,The census-based data analysis shows all monitored infrastructure indicators within normal range. No usable satellite reading is available — the school could only be geocoded to its tehsil centre — so this assessment rests on the data indicators alone.,Tehsil-Level
Real (Census),38420606,GGES CHAK NO.29 NB,SARGODHA,SARGODHA,Middle,Functional,No,,9.0,,,193.0,,7,7,Yes-Wholly,Yes-Wholly,Yes-Wholly,Needed Minor Repairing,,Oct-2018 (Annual Census),https://opendata.com.pk/dataset/punjab-annual-school-census-report-2017-18 (PMIU/PESRP source),,2,Low - Needs Satellite Verification,Low,0.0,All monitored infrastructure indicators within normal range,False,,32.0836514,72.676461,100.0,100.0,100.0,High_Density,"Village-area shows 100% built-up area detected — clearly in a developed location (shared coordinates with other schools in this village — reflects general area, not confirmed for this specific school)","The census-based data analysis shows all monitored infrastructure indicators within normal range, and satellite imagery shows 100% built-up in the surrounding village area, suggesting a clearly developed location. The two findings agree and are consistent with a functioning school; no ghost-school signal is present.",Village-Level
Real (Census),38430251,GMPS BUSLANA,SARGODHA,SHAHPUR,Primary,Functional,No,,,,,102.0,,2,2,Yes-Wholly,Yes-Wholly,Yes-Wholly,Satisfying,,Oct-2018 (Annual Census),https://opendata.com.pk/dataset/punjab-annual-school-census-report-2017-18 (PMIU/PESRP source),,2,Low - Needs Satellite Verification,Low,0.0,All monitored infrastructure indicators within normal range,False,,32.2691358,72.4717312,100.0,100.0,100.0,High_Density, 100% built-up area detected — clearly in a developed location,"The census-based data analysis shows all monitored infrastructure indicators within normal range, and satellite imagery shows 100% built-up around the school's exact location, suggesting a clearly developed location. The two findings agree and are consistent with a functioning school; no ghost-school signal is present.",School-Level
Real (Census),38450476,GMPS BOHLRI WALA,SARGODHA,SAHIWAL,Primary,Functional,No,,5.0,,,168.0,,5,5,Yes-Wholly,Yes-Wholly,Yes-Wholly,Satisfying,,Oct-2018 (Annual Census),https://opendata.com.pk/dataset/punjab-annual-school-census-report-2017-18 (PMIU/PESRP source),,2,Low - Needs Satellite Verification,Low,0.0,All monitored infrastructure indicators within normal range,False,,31.9729496,72.3296061,100.0,100.0,100.0,High_Density,"Village-area shows 100% built-up area detected — clearly in a developed location (shared coordinates with other schools in this village — reflects general area, not confirmed for this specific school)","The census-based data analysis shows all monitored infrastructure indicators within normal range, and satellite imagery shows 100% built-up in the surrounding village area, suggesting a clearly developed location. The two findings agree and are consistent with a functioning school; no ghost-school signal is present.",Village-Level
Real (Census),38420348,GPS CHAK NO.93 SB,SARGODHA,SARGODHA,Primary,Functional,No,,4.0,,,112.0,,4,4,No,Yes-Wholly,Yes-Wholly,Satisfying,,Oct-2018 (Annual Census),https://opendata.com.pk/dataset/punjab-annual-school-census-report-2017-18 (PMIU/PESRP source),,2,Low - Needs Satellite Verification,Low,15.0,No boundary wall,False,,32.0836514,72.676461,100.0,100.0,100.0,High_Density,"Village-area shows 100% built-up area detected — clearly in a developed location (shared coordinates with other schools in this village — reflects general area, not confirmed for this specific school)","Although satellite imagery shows 100% built-up in the surrounding village area, suggesting a clearly developed location, the census-based data analysis shows no boundary wall. The two findings therefore point in different directions: a developed setting makes a physically absent school less likely, yet the recorded indicators remain weak. On its own this discrepancy is not a strong ghost-school signal, though it merits routine monitoring.",Village-Level
Real (Census),38450058,GES PUBLIC SAHIWAL,SARGODHA,SAHIWAL,Middle,Functional,No,,12.0,,,319.0,,6,6,Yes-Wholly,Yes-Wholly,Yes-Wholly,Satisfying,,Oct-2018 (Annual Census),https://opendata.com.pk/dataset/punjab-annual-school-census-report-2017-18 (PMIU/PESRP source),,2,Low - Needs Satellite Verification,Low,0.0,All monitored infrastructure indicators within normal range,False,,31.9729496,72.3296061,100.0,100.0,100.0,High_Density,"Village-area shows 100% built-up area detected — clearly in a developed location (shared coordinates with other schools in this village — reflects general area, not confirmed for this specific school)","The census-based data analysis shows all monitored infrastructure indicators within normal range, and satellite imagery shows 100% built-up in the surrounding village area, suggesting a clearly developed location. The two findings agree and are consistent with a functioning school; no ghost-school signal is present.",Village-Level
Real (Census),37240376,GGPS RAMDIAL,JHELUM,DINA,Primary,Functional,No,,4.0,,,66.0,,2,2,Yes-Wholly,Yes-Wholly,Yes-Wholly,Satisfying,,Oct-2018 (Annual Census),https://opendata.com.pk/dataset/punjab-annual-school-census-report-2017-18 (PMIU/PESRP source),,2,Low - Needs Satellite Verification,Low,0.0,All monitored infrastructure indicators within normal range,False,,33.0279237,73.6010809,100.0,100.0,100.0,High_Density,"Village-area shows 100% built-up area detected — clearly in a developed location (shared coordinates with other schools in this village — reflects general area, not confirmed for this specific school)","The census-based data analysis shows all monitored infrastructure indicators within normal range, and satellite imagery shows 100% built-up in the surrounding village area, suggesting a clearly developed location. The two findings agree and are consistent with a functioning school; no ghost-school signal is present.",Village-Level
Real (Census),37220251,GGMPS ESSAWAL,JHELUM,PIND DADAN KHAN,Primary,Functional,No,,5.0,,,87.0,,5,5,Yes-Wholly,Yes-Wholly,Yes-Wholly,Partial Building is Dangerous,dangerous_classrooms (source field): 3,Oct-2018 (Annual Census),https://opendata.com.pk/dataset/punjab-annual-school-census-report-2017-18 (PMIU/PESRP source),,2,Low - Needs Satellite Verification,Low,2.0,All monitored infrastructure indicators within normal range,False,,32.5939485,73.0459834,48.44,39.06,39.06,Mixed_Density,"Village-area shows 39.1% built-up area detected around coordinates — partially developed surroundings, satellite signal inconclusive (shared coordinates with other schools in this village — reflects general area, not confirmed for this specific school)","The census-based data analysis shows all monitored infrastructure indicators within normal range, while satellite imagery shows 39.1% built-up in the surrounding village area — partially developed surroundings, an inconclusive signal on its own. Neither source provides a strong ghost-school signal.",Village-Level
Real (Census),37240038,GGHS ROHTAS,JHELUM,DINA,High,Functional,No,,12.0,,,243.0,,9,9,Yes-Wholly,Yes-Wholly,Yes-Wholly,Satisfying,dangerous_classrooms (source field): 2,Oct-2018 (Annual Census),https://opendata.com.pk/dataset/punjab-annual-school-census-report-2017-18 (PMIU/PESRP source),,2,Low - Needs Satellite Verification,Low,0.0,All monitored infrastructure indicators within normal range,False,,33.0279237,73.6010809,100.0,100.0,100.0,High_Density,"Village-area shows 100% built-up area detected — clearly in a developed location (shared coordinates with other schools in this village — reflects general area, not confirmed for this specific school)","The census-based data analysis shows all monitored infrastructure indicators within normal range, and satellite imagery shows 100% built-up in the surrounding village area, suggesting a clearly developed location. The two findings agree and are consistent with a functioning school; no ghost-school signal is present.",Village-Level
Real (Census),37220189,GGMPS SHER PUR,JHELUM,PIND DADAN KHAN,Primary,Functional,No,,7.0,,,175.0,,5,5,Yes-Wholly,Yes-Wholly,Yes-Wholly,Needed Minor Repairing,dangerous_classrooms (source field): 4,Oct-2018 (Annual Census),https://opendata.com.pk/dataset/punjab-annual-school-census-report-2017-18 (PMIU/PESRP source),,2,Low - Needs Satellite Verification,Low,2.0,All monitored infrastructure indicators within normal range,False,,32.5939485,73.0459834,48.44,39.06,39.06,Mixed_Density,"Village-area shows 39.1% built-up area detected around coordinates — partially developed surroundings, satellite signal inconclusive (shared coordinates with other schools in this village — reflects general area, not confirmed for this specific school)","The census-based data analysis shows all monitored infrastructure indicators within normal range, while satellite imagery shows 39.1% built-up in the surrounding village area — partially developed surroundings, an inconclusive signal on its own. Neither source provides a strong ghost-school signal.",Village-Level
Real (Census),37230252,GGPS CHABBER SYEDAN,JHELUM,SOHAWA,Primary,Functional,No,,3.0,,,30.0,,2,2,Yes-Wholly,Yes-Wholly,Yes-Wholly,Satisfying,dangerous_classrooms (source field): 3,Oct-2018 (Annual Census),https://opendata.com.pk/dataset/punjab-annual-school-census-report-2017-18 (PMIU/PESRP source),,2,Low - Needs Satellite Verification,Low,0.0,All monitored infrastructure indicators within normal range,False,,33.132055,73.4180866,100.0,100.0,100.0,High_Density,"Village-area shows 100% built-up area detected — clearly in a developed location (shared coordinates with other schools in this village — reflects general area, not confirmed for this specific school)","The census-based data analysis shows all monitored infrastructure indicators within normal range, and satellite imagery shows 100% built-up in the surrounding village area, suggesting a clearly developed location. The two findings agree and are consistent with a functioning school; no ghost-school signal is present.",Village-Level
Real (Census),35220419,GGES MODEL BAGH MUNSHI LADHA.,LAHORE,CITY,Middle,Functional,No,,9.0,,,683.0,,9,9,Yes-Wholly,Yes-Wholly,Yes-Wholly,Satisfying,,Oct-2018 (Annual Census),https://opendata.com.pk/dataset/punjab-annual-school-census-report-2017-18 (PMIU/PESRP source),,2,Low - Needs Satellite Verification,Low,0.0,All monitored infrastructure indicators within normal range,False,,31.5831841,74.3184836,100.0,100.0,100.0,High_Density,"Village-area shows 100% built-up area detected — clearly in a developed location (shared coordinates with other schools in this village — reflects general area, not confirmed for this specific school)","The census-based data analysis shows all monitored infrastructure indicators within normal range, and satellite imagery shows 100% built-up in the surrounding village area, suggesting a clearly developed location. The two findings agree and are consistent with a functioning school; no ghost-school signal is present.",Village-Level
Real (Census),35210018,GHS AWAMI COLONY CHUNGI AMER SIDHU LAHORE,LAHORE,MODEL TOWN,High,Functional,No,,14.0,,,421.0,,7,4,Yes-Wholly,Yes-Wholly,Yes-Wholly,Satisfying,,Oct-2018 (Annual Census),https://opendata.com.pk/dataset/punjab-annual-school-census-report-2017-18 (PMIU/PESRP source),,2,Low - Needs Satellite Verification,Low,10.71,Moderate toilet non-functionality (only 4 of 7 working),False,,31.4729999,74.3108542,100.0,100.0,100.0,High_Density,"Village-area shows 100% built-up area detected — clearly in a developed location (shared coordinates with other schools in this village — reflects general area, not confirmed for this specific school)","Although satellite imagery shows 100% built-up in the surrounding village area, suggesting a clearly developed location, the census-based data analysis shows moderate toilet non-functionality (only 4 of 7 working). The two findings therefore point in different directions: a developed setting makes a physically absent school less likely, yet the recorded indicators remain weak. On its own this discrepancy is not a strong ghost-school signal, though it merits routine monitoring.",Village-Level
Real (Census),35220514,GMMS PARACHA COLONY,LAHORE,CITY,Primary,Functional,No,,2.0,,,91.0,,1,1,Yes-Wholly,Yes-Wholly,Yes-Wholly,Satisfying,,Oct-2018 (Annual Census),https://opendata.com.pk/dataset/punjab-annual-school-census-report-2017-18 (PMIU/PESRP source),,2,Low - Needs Satellite Verification,Low,0.0,All monitored infrastructure indicators within normal range,False,,31.5831841,74.3184836,100.0,100.0,100.0,High_Density,"Village-area shows 100% built-up area detected — clearly in a developed location (shared coordinates with other schools in this village — reflects general area, not confirmed for this specific school)","The census-based data analysis shows all monitored infrastructure indicators within normal range, and satellite imagery shows 100% built-up in the surrounding village area, suggesting a clearly developed location. The two findings agree and are consistent with a functioning school; no ghost-school signal is present.",Village-Level
Real (Census),35220117,GES MUGHLIA PARK SHAHDARA LAHORE,LAHORE,CITY,Middle,Functional,No,,24.0,,,1080.0,,12,12,Yes-Wholly,Yes-Wholly,Yes-Wholly,Satisfying,dangerous_classrooms (source field): 2,Oct-2018 (Annual Census),https://opendata.com.pk/dataset/punjab-annual-school-census-report-2017-18 (PMIU/PESRP source),,2,Low - Needs Satellite Verification,Low,0.0,All monitored infrastructure indicators within normal range,False,,31.5831841,74.3184836,100.0,100.0,100.0,High_Density,"Village-area shows 100% built-up area detected — clearly in a developed location (shared coordinates with other schools in this village — reflects general area, not confirmed for this specific school)","The census-based data analysis shows all monitored infrastructure indicators within normal range, and satellite imagery shows 100% built-up in the surrounding village area, suggesting a clearly developed location. The two findings agree and are consistent with a functioning school; no ghost-school signal is present.",Village-Level
Real (Census),35210242,GES ITTEHAD TOWN DOGACH,LAHORE,CANTT,Middle,Functional,No,,38.0,,,1515.0,,15,13,Yes-Wholly,Yes-Wholly,Yes-Wholly,Needed Minor Repairing,,Oct-2018 (Annual Census),https://opendata.com.pk/dataset/punjab-annual-school-census-report-2017-18 (PMIU/PESRP source),,2,Low - Needs Satellite Verification,Low,3.33,All monitored infrastructure indicators within normal range,False,,31.5221005,74.3790353,100.0,100.0,100.0,High_Density,"Village-area shows 100% built-up area detected — clearly in a developed location (shared coordinates with other schools in this village — reflects general area, not confirmed for this specific school)","The census-based data analysis shows all monitored infrastructure indicators within normal range, and satellite imagery shows 100% built-up in the surrounding village area, suggesting a clearly developed location. The two findings agree and are consistent with a functioning school; no ghost-school signal is present.",Village-Level
Real (Census),36110191,GPS MC AWAN PURA,MULTAN,MULTAN CITY,Primary,Functional,No,,5.0,,,106.0,,4,4,Yes-Wholly,Yes-Wholly,Yes-Wholly,Satisfying,,Oct-2018 (Annual Census),https://opendata.com.pk/dataset/punjab-annual-school-census-report-2017-18 (PMIU/PESRP source),,2,Low - Needs Satellite Verification,Low,0.0,All monitored infrastructure indicators within normal range,False,,30.1823296,71.4654311,100.0,100.0,100.0,High_Density,"Village-area shows 100% built-up area detected — clearly in a developed location (shared coordinates with other schools in this village — reflects general area, not confirmed for this specific school)","The census-based data analysis shows all monitored infrastructure indicators within normal range, and satellite imagery shows 100% built-up in the surrounding village area, suggesting a clearly developed location. The two findings agree and are consistent with a functioning school; no ghost-school signal is present.",Village-Level
Real (Census),36130129,GGES BASTI JALIL MULTAN P/O BASTI JALIL,MULTAN,MULTAN SADAR,Middle,Functional,No,,10.0,,,165.0,,4,4,Yes-Wholly,Yes-Wholly,Yes-Wholly,Needed Minor Repairing,,Oct-2018 (Annual Census),https://opendata.com.pk/dataset/punjab-annual-school-census-report-2017-18 (PMIU/PESRP source),,2,Low - Needs Satellite Verification,Low,0.0,All monitored infrastructure indicators within normal range,False,,29.9302973,71.35893155,,,,NoData,,The census-based data analysis shows all monitored infrastructure indicators within normal range. No usable satellite reading is available — the school could only be geocoded to its tehsil centre — so this assessment rests on the data indicators alone.,Tehsil-Level
Real (Census),36120213,GGPS NAWAN SHER SHUJABAD DISTT. MULTAN,MULTAN,SHUJA ABAD,Primary,Functional,No,,6.0,,,185.0,,4,4,Yes-Wholly,Yes-Wholly,Yes-Wholly,Satisfying,,Oct-2018 (Annual Census),https://opendata.com.pk/dataset/punjab-annual-school-census-report-2017-18 (PMIU/PESRP source),,2,Low - Needs Satellite Verification,Low,0.0,All monitored infrastructure indicators within normal range,False,,29.678265,71.252432,,,,NoData,,The census-based data analysis shows all monitored infrastructure indicators within normal range. No usable satellite reading is available — the school could only be geocoded to its tehsil centre — so this assessment rests on the data indicators alone.,Tehsil-Level
Real (Census),36110319,GGPS RAILWAY COLONY NO: 2,MULTAN,MULTAN CITY,Primary,Functional,No,,4.0,,,200.0,,3,3,Yes-Wholly,Yes-Wholly,Yes-Wholly,Needed Minor Repairing,,Oct-2018 (Annual Census),https://opendata.com.pk/dataset/punjab-annual-school-census-report-2017-18 (PMIU/PESRP source),,2,Low - Needs Satellite Verification,Low,0.0,All monitored infrastructure indicators within normal range,False,,30.1823296,71.4654311,100.0,100.0,100.0,High_Density,"Village-area shows 100% built-up area detected — clearly in a developed location (shared coordinates with other schools in this village — reflects general area, not confirmed for this specific school)","The census-based data analysis shows all monitored infrastructure indicators within normal range, and satellite imagery shows 100% built-up in the surrounding village area, suggesting a clearly developed location. The two findings agree and are consistent with a functioning school; no ghost-school signal is present.",Village-Level
Real (Census),36130150,GPS KOTLA SADAT,MULTAN,MULTAN SADAR,Primary,Functional,No,,4.0,,,127.0,,4,4,Yes-Wholly,Yes-Wholly,Yes-Wholly,Satisfying,,Oct-2018 (Annual Census),https://opendata.com.pk/dataset/punjab-annual-school-census-report-2017-18 (PMIU/PESRP source),,2,Low - Needs Satellite Verification,Low,0.0,All monitored infrastructure indicators within normal range,False,,29.9302973,71.35893155,,,,NoData,,The census-based data analysis shows all monitored infrastructure indicators within normal range. No usable satellite reading is available — the school could only be geocoded to its tehsil centre — so this assessment rests on the data indicators alone.,Tehsil-Level
Real (Census),38240666,GGPS DHOK PHATIAL,KHUSHAB,NAUSHERA,Primary,Functional,No,,,,,4.0,,1,1,Yes-Wholly,Yes-Wholly,Yes-Wholly,Satisfying,,Oct-2018 (Annual Census),https://opendata.com.pk/dataset/punjab-annual-school-census-report-2017-18 (PMIU/PESRP source),,2,Low - Needs Satellite Verification,Low,0.0,All monitored infrastructure indicators within normal range,False,,32.2903666,71.9012116,,,,NoData,,The census-based data analysis shows all monitored infrastructure indicators within normal range. No usable satellite reading is available — the school could only be geocoded to its tehsil centre — so this assessment rests on the data indicators alone.,Tehsil-Level
Real (Census),38210737,GGPS MOHALLAH MASTIAL PADHRAR,KHUSHAB,KHUSHAB,Primary,Functional,No,,3.0,,,76.0,,1,1,Yes-Wholly,Yes-Wholly,Yes-Wholly,Satisfying,,Oct-2018 (Annual Census),https://opendata.com.pk/dataset/punjab-annual-school-census-report-2017-18 (PMIU/PESRP source),,2,Low - Needs Satellite Verification,Low,0.0,All monitored infrastructure indicators within normal range,False,,32.2903666,72.3515792,100.0,100.0,100.0,High_Density,"Village-area shows 100% built-up area detected — clearly in a developed location (shared coordinates with other schools in this village — reflects general area, not confirmed for this specific school)","The census-based data analysis shows all monitored infrastructure indicators within normal range, and satellite imagery shows 100% built-up in the surrounding village area, suggesting a clearly developed location. The two findings agree and are consistent with a functioning school; no ghost-school signal is present.",Village-Level
Real (Census),38220306,GPS CHAK NO. 34 MB,KHUSHAB,NOORPUR THAL,Primary,Functional,No,,3.0,,,23.0,,2,2,Yes-Wholly,Yes-Wholly,Yes-Wholly,Needed Minor Repairing,,Oct-2018 (Annual Census),https://opendata.com.pk/dataset/punjab-annual-school-census-report-2017-18 (PMIU/PESRP source),,2,Low - Needs Satellite Verification,Low,0.0,All monitored infrastructure indicators within normal range,False,,31.8800081,71.9012116,100.0,100.0,100.0,High_Density, 100% built-up area detected — clearly in a developed location,"The census-based data analysis shows all monitored infrastructure indicators within normal range, and satellite imagery shows 100% built-up around the school's exact location, suggesting a clearly developed location. The two findings agree and are consistent with a functioning school; no ghost-school signal is present.",School-Level
Real (Census),38230581,GGES SHAH WALA SHUMALI,KHUSHAB,QUAIDABAD,Middle,Functional,No,,6.0,,,188.0,,5,5,Yes-Wholly,Yes-Wholly,Yes-Wholly,Satisfying,,Oct-2018 (Annual Census),https://opendata.com.pk/dataset/punjab-annual-school-census-report-2017-18 (PMIU/PESRP source),,2,Low - Needs Satellite Verification,Low,0.0,All monitored infrastructure indicators within normal range,False,,32.3390586,71.8817521,100.0,100.0,100.0,High_Density, 100% built-up area detected — clearly in a developed location,"The census-based data analysis shows all monitored infrastructure indicators within normal range, and satellite imagery shows 100% built-up around the school's exact location, suggesting a clearly developed location. The two findings agree and are consistent with a functioning school; no ghost-school signal is present.",School-Level
Real (Census),38210266,GMPS CHAK NO 60 MB,KHUSHAB,KHUSHAB,Primary,Functional,No,,4.0,,,103.0,,4,4,Yes-Wholly,Yes-Wholly,Yes-Wholly,Needed Minor Repairing,,Oct-2018 (Annual Census),https://opendata.com.pk/dataset/punjab-annual-school-census-report-2017-18 (PMIU/PESRP source),,2,Low - Needs Satellite Verification,Low,0.0,All monitored infrastructure indicators within normal range,False,,32.2903666,72.3515792,100.0,100.0,100.0,High_Density,"Village-area shows 100% built-up area detected — clearly in a developed location (shared coordinates with other schools in this village — reflects general area, not confirmed for this specific school)","The census-based data analysis shows all monitored infrastructure indicators within normal range, and satellite imagery shows 100% built-up in the surrounding village area, suggesting a clearly developed location. The two findings agree and are consistent with a functioning school; no ghost-school signal is present.",Village-Level
Real (Census),34220811,GHSS BAGIRAN WALA,GUJRAT,KHARIAN,H.Sec.,Functional,No,,23.0,,,456.0,,14,14,Yes-Wholly,Yes-Wholly,Yes-Wholly,Satisfying,,Oct-2018 (Annual Census),https://opendata.com.pk/dataset/punjab-annual-school-census-report-2017-18 (PMIU/PESRP source),,2,Low - Needs Satellite Verification,Low,0.0,All monitored infrastructure indicators within normal range,False,,32.8100237,73.8663245,100.0,100.0,100.0,High_Density,"Village-area shows 100% built-up area detected — clearly in a developed location (shared coordinates with other schools in this village — reflects general area, not confirmed for this specific school)","The census-based data analysis shows all monitored infrastructure indicators within normal range, and satellite imagery shows 100% built-up in the surrounding village area, suggesting a clearly developed location. The two findings agree and are consistent with a functioning school; no ghost-school signal is present.",Village-Level
Real (Census),34210207,GPS KALARA KHASA,GUJRAT,GUJRAT,Primary,Functional,No,,5.0,,,144.0,,3,3,Yes-Wholly,Yes-Wholly,Yes-Wholly,Satisfying,,Oct-2018 (Annual Census),https://opendata.com.pk/dataset/punjab-annual-school-census-report-2017-18 (PMIU/PESRP source),,2,Low - Needs Satellite Verification,Low,0.0,All monitored infrastructure indicators within normal range,False,,32.5627852,74.064535,100.0,100.0,100.0,High_Density,"Village-area shows 100% built-up area detected — clearly in a developed location (shared coordinates with other schools in this village — reflects general area, not confirmed for this specific school)","The census-based data analysis shows all monitored infrastructure indicators within normal range, and satellite imagery shows 100% built-up in the surrounding village area, suggesting a clearly developed location. The two findings agree and are consistent with a functioning school; no ghost-school signal is present.",Village-Level
Real (Census),34210069,GGHS KUNJAH,GUJRAT,GUJRAT,High,Functional,No,,43.0,,,1633.0,,16,16,Yes-Wholly,Yes-Wholly,Yes-Wholly,Satisfying,,Oct-2018 (Annual Census),https://opendata.com.pk/dataset/punjab-annual-school-census-report-2017-18 (PMIU/PESRP source),,2,Low - Needs Satellite Verification,Low,0.0,All monitored infrastructure indicators within normal range,False,,32.5627852,74.064535,100.0,100.0,100.0,High_Density,"Village-area shows 100% built-up area detected — clearly in a developed location (shared coordinates with other schools in this village — reflects general area, not confirmed for this specific school)","The census-based data analysis shows all monitored infrastructure indicators within normal range, and satellite imagery shows 100% built-up in the surrounding village area, suggesting a clearly developed location. The two findings agree and are consistent with a functioning school; no ghost-school signal is present.",Village-Level
Real (Census),34210184,GGHS GILLAN WALA,GUJRAT,GUJRAT,High,Functional,No,,15.0,,,381.0,,5,5,Yes-Wholly,Yes-Wholly,Yes-Wholly,Needed Minor Repairing,dangerous_classrooms (source field): 3,Oct-2018 (Annual Census),https://opendata.com.pk/dataset/punjab-annual-school-census-report-2017-18 (PMIU/PESRP source),,2,Low - Needs Satellite Verification,Low,0.0,All monitored infrastructure indicators within normal range,False,,32.5627852,74.064535,100.0,100.0,100.0,High_Density,"Village-area shows 100% built-up area detected — clearly in a developed location (shared coordinates with other schools in this village — reflects general area, not confirmed for this specific school)","The census-based data analysis shows all monitored infrastructure indicators within normal range, and satellite imagery shows 100% built-up in the surrounding village area, suggesting a clearly developed location. The two findings agree and are consistent with a functioning school; no ghost-school signal is present.",Village-Level
Real (Census),34220439,GGPS KHAIR GHANSAR,GUJRAT,KHARIAN,Primary,Functional,No,,4.0,,,52.0,,2,2,Yes-Wholly,Yes-Wholly,Yes-Wholly,Complete Building Needs Repairing,,Oct-2018 (Annual Census),https://opendata.com.pk/dataset/punjab-annual-school-census-report-2017-18 (PMIU/PESRP source),,2,Low - Needs Satellite Verification,Low,0.0,All monitored infrastructure indicators within normal range,False,,32.8100237,73.8663245,100.0,100.0,100.0,High_Density,"Village-area shows 100% built-up area detected — clearly in a developed location (shared coordinates with other schools in this village — reflects general area, not confirmed for this specific school)","The census-based data analysis shows all monitored infrastructure indicators within normal range, and satellite imagery shows 100% built-up in the surrounding village area, suggesting a clearly developed location. The two findings agree and are consistent with a functioning school; no ghost-school signal is present.",Village-Level
Real (Census),35610189,GPS KOT MUHAMMAD HUSSAIN,NANKANA SAHIB,NANKANA SAHIB,Primary,Functional,No,,4.0,,,131.0,,3,3,Yes-Wholly,Yes-Wholly,Yes-Wholly,Satisfying,,Oct-2018 (Annual Census),https://opendata.com.pk/dataset/punjab-annual-school-census-report-2017-18 (PMIU/PESRP source),,2,Low - Needs Satellite Verification,Low,0.0,All monitored infrastructure indicators within normal range,False,,31.4548712,73.7090967,100.0,100.0,100.0,High_Density,"Village-area shows 100% built-up area detected — clearly in a developed location (shared coordinates with other schools in this village — reflects general area, not confirmed for this specific school)","The census-based data analysis shows all monitored infrastructure indicators within normal range, and satellite imagery shows 100% built-up in the surrounding village area, suggesting a clearly developed location. The two findings agree and are consistent with a functioning school; no ghost-school signal is present.",Village-Level
Real (Census),35641050,GGPS DERA SHAHBAZ KHAN,NANKANA SAHIB,SANGLA HILL,Primary,Functional,No,,6.0,,,177.0,,5,5,Yes-Wholly,Yes-Wholly,Yes-Wholly,Satisfying,,Oct-2018 (Annual Census),https://opendata.com.pk/dataset/punjab-annual-school-census-report-2017-18 (PMIU/PESRP source),,2,Low - Needs Satellite Verification,Low,0.0,All monitored infrastructure indicators within normal range,False,,31.7169296,73.3760623,100.0,100.0,100.0,High_Density,"Village-area shows 100% built-up area detected — clearly in a developed location (shared coordinates with other schools in this village — reflects general area, not confirmed for this specific school)","The census-based data analysis shows all monitored infrastructure indicators within normal range, and satellite imagery shows 100% built-up in the surrounding village area, suggesting a clearly developed location. The two findings agree and are consistent with a functioning school; no ghost-school signal is present.",Village-Level
Real (Census),35640650,GPS SULTAN ABAD,NANKANA SAHIB,SANGLA HILL,Primary,Functional,No,,,,,59.0,,3,3,Yes-Wholly,Yes-Wholly,Yes-Wholly,Satisfying,,Oct-2018 (Annual Census),https://opendata.com.pk/dataset/punjab-annual-school-census-report-2017-18 (PMIU/PESRP source),,2,Low - Needs Satellite Verification,Low,0.0,All monitored infrastructure indicators within normal range,False,,31.7169296,73.3760623,100.0,100.0,100.0,High_Density,"Village-area shows 100% built-up area detected — clearly in a developed location (shared coordinates with other schools in this village — reflects general area, not confirmed for this specific school)","The census-based data analysis shows all monitored infrastructure indicators within normal range, and satellite imagery shows 100% built-up in the surrounding village area, suggesting a clearly developed location. The two findings agree and are consistent with a functioning school; no ghost-school signal is present.",Village-Level
Real (Census),35610539,GGPS KOT BENIDAS,NANKANA SAHIB,NANKANA SAHIB,Primary,Functional,No,,6.0,,,207.0,,4,4,Yes-Wholly,Yes-Wholly,Yes-Wholly,Satisfying,,Oct-2018 (Annual Census),https://opendata.com.pk/dataset/punjab-annual-school-census-report-2017-18 (PMIU/PESRP source),,2,Low - Needs Satellite Verification,Low,0.0,All monitored infrastructure indicators within normal range,False,,31.4548712,73.7090967,100.0,100.0,100.0,High_Density,"Village-area shows 100% built-up area detected — clearly in a developed location (shared coordinates with other schools in this village — reflects general area, not confirmed for this specific school)","The census-based data analysis shows all monitored infrastructure indicators within normal range, and satellite imagery shows 100% built-up in the surrounding village area, suggesting a clearly developed location. The two findings agree and are consistent with a functioning school; no ghost-school signal is present.",Village-Level
Real (Census),35610336,GPS WARA LAHIB SINGH,NANKANA SAHIB,NANKANA SAHIB,Primary,Functional,No,,4.0,,,113.0,,2,2,Yes-Wholly,Yes-Wholly,Yes-Wholly,Satisfying,,Oct-2018 (Annual Census),https://opendata.com.pk/dataset/punjab-annual-school-census-report-2017-18 (PMIU/PESRP source),,2,Low - Needs Satellite Verification,Low,0.0,All monitored infrastructure indicators within normal range,False,,31.4548712,73.7090967,100.0,100.0,100.0,High_Density,"Village-area shows 100% built-up area detected — clearly in a developed location (shared coordinates with other schools in this village — reflects general area, not confirmed for this specific school)","The census-based data analysis shows all monitored infrastructure indicators within normal range, and satellite imagery shows 100% built-up in the surrounding village area, suggesting a clearly developed location. The two findings agree and are consistent with a functioning school; no ghost-school signal is present.",Village-Level
Real (Census),31310562,GGES CHAK NO. 94/NP,RAHIMYAR KHAN,KHANPUR,Middle,Functional,No,,9.0,,,230.0,,7,5,Yes-Wholly,Yes-Wholly,Yes-Wholly,Satisfying,,Oct-2018 (Annual Census),https://opendata.com.pk/dataset/punjab-annual-school-census-report-2017-18 (PMIU/PESRP source),,2,Low - Needs Satellite Verification,Low,7.14,Moderate toilet non-functionality (only 5 of 7 working),False,,28.4285056,70.3257913,100.0,100.0,100.0,High_Density,"Village-area shows 100% built-up area detected — clearly in a developed location (shared coordinates with other schools in this village — reflects general area, not confirmed for this specific school)","Although satellite imagery shows 100% built-up in the surrounding village area, suggesting a clearly developed location, the census-based data analysis shows moderate toilet non-functionality (only 5 of 7 working). The two findings therefore point in different directions: a developed setting makes a physically absent school less likely, yet the recorded indicators remain weak. On its own this discrepancy is not a strong ghost-school signal, though it merits routine monitoring.",Village-Level
Real (Census),31330241,GPS CHAK 49/P (PSSP),RAHIMYAR KHAN,RAHIMYAR KHAN,Primary,Functional,No,,,,,17.0,,2,2,Yes-Wholly,Yes-Wholly,Yes-Wholly,Needed Minor Repairing,,Oct-2018 (Annual Census),https://opendata.com.pk/dataset/punjab-annual-school-census-report-2017-18 (PMIU/PESRP source),,2,Low - Needs Satellite Verification,Low,0.0,All monitored infrastructure indicators within normal range,False,,28.4237165,70.3108196,100.0,100.0,100.0,High_Density, 100% built-up area detected — clearly in a developed location,"The census-based data analysis shows all monitored infrastructure indicators within normal range, and satellite imagery shows 100% built-up around the school's exact location, suggesting a clearly developed location. The two findings agree and are consistent with a functioning school; no ghost-school signal is present.",School-Level
Real (Census),31340354,GPS MALIK KHAIR MUHAMMAD,RAHIMYAR KHAN,SADIQABAD,Primary,Functional,No,,4.0,,,199.0,,4,4,Yes-Wholly,Yes-Wholly,Yes-Wholly,Satisfying,,Oct-2018 (Annual Census),https://opendata.com.pk/dataset/punjab-annual-school-census-report-2017-18 (PMIU/PESRP source),,2,Low - Needs Satellite Verification,Low,0.0,All monitored infrastructure indicators within normal range,False,,28.4285056,70.3257913,,,,NoData,,The census-based data analysis shows all monitored infrastructure indicators within normal range. No usable satellite reading is available — the school could only be geocoded to its tehsil centre — so this assessment rests on the data indicators alone.,Tehsil-Level
Real (Census),31320695,GGPS BASTI RAEES USMAN,RAHIMYAR KHAN,LIAQATPUR,Primary,Functional,No,,4.0,,,97.0,,2,2,Yes-Wholly,Yes-Wholly,Yes-Wholly,Needed Minor Repairing,,Oct-2018 (Annual Census),https://opendata.com.pk/dataset/punjab-annual-school-census-report-2017-18 (PMIU/PESRP source),,2,Low - Needs Satellite Verification,Low,0.0,All monitored infrastructure indicators within normal range,False,,28.760002,70.820985,,,,NoData,,The census-based data analysis shows all monitored infrastructure indicators within normal range. No usable satellite reading is available — the school could only be geocoded to its tehsil centre — so this assessment rests on the data indicators alone.,Tehsil-Level
Real (Census),31310075,GGES DIN PUR SHARIF,RAHIMYAR KHAN,KHANPUR,Middle,Functional,No,,11.0,,,351.0,,6,6,Yes-Wholly,Yes-Wholly,Yes-Wholly,Satisfying,,Oct-2018 (Annual Census),https://opendata.com.pk/dataset/punjab-annual-school-census-report-2017-18 (PMIU/PESRP source),,2,Low - Needs Satellite Verification,Low,0.0,All monitored infrastructure indicators within normal range,False,,28.4285056,70.3257913,100.0,100.0,100.0,High_Density,"Village-area shows 100% built-up area detected — clearly in a developed location (shared coordinates with other schools in this village — reflects general area, not confirmed for this specific school)","The census-based data analysis shows all monitored infrastructure indicators within normal range, and satellite imagery shows 100% built-up in the surrounding village area, suggesting a clearly developed location. The two findings agree and are consistent with a functioning school; no ghost-school signal is present.",Village-Level
Real (Census),31130398,GGPS CHAK NO 188/7-R E,BAHAWALNAGAR,FORT ABBAS,Primary,Functional,No,,4.0,,,132.0,,4,4,Yes-Wholly,Yes-Wholly,Yes-Wholly,Needed Minor Repairing,,Oct-2018 (Annual Census),https://opendata.com.pk/dataset/punjab-annual-school-census-report-2017-18 (PMIU/PESRP source),,2,Low - Needs Satellite Verification,Low,5.0,All monitored infrastructure indicators within normal range,False,,29.190482,72.8553692,0.0,0.0,0.0,Low_Density,"Village-area shows 0% built-up area detected around coordinates — sparse development, potential ghost-school indicator (shared coordinates with other schools in this village — reflects general area, not confirmed for this specific school)","The census-based data analysis shows all monitored infrastructure indicators within normal range, but satellite imagery shows only 0% built-up in the surrounding village area, indicating a sparsely developed area. Because the reading reflects the general village area rather than the school's exact site, it is weak evidence on its own; with no data indicators of concern either, no strong ghost-school signal is present.",Village-Level
Real (Census),31130369,GGPS CHAK NO 291 HR,BAHAWALNAGAR,FORT ABBAS,Primary,Functional,No,,4.0,,,112.0,,2,2,Yes-Wholly,Yes-Wholly,Yes-Wholly,Needed Minor Repairing,,Oct-2018 (Annual Census),https://opendata.com.pk/dataset/punjab-annual-school-census-report-2017-18 (PMIU/PESRP source),,2,Low - Needs Satellite Verification,Low,5.0,All monitored infrastructure indicators within normal range,False,,29.190482,72.8553692,0.0,0.0,0.0,Low_Density,"Village-area shows 0% built-up area detected around coordinates — sparse development, potential ghost-school indicator (shared coordinates with other schools in this village — reflects general area, not confirmed for this specific school)","The census-based data analysis shows all monitored infrastructure indicators within normal range, but satellite imagery shows only 0% built-up in the surrounding village area, indicating a sparsely developed area. Because the reading reflects the general village area rather than the school's exact site, it is weak evidence on its own; with no data indicators of concern either, no strong ghost-school signal is present.",Village-Level
Real (Census),31110050,GES FAROOQ ABAD,BAHAWALNAGAR,BAHAWALNAGAR,Middle,Functional,No,,12.0,,,226.0,,6,4,Yes-Wholly,Yes-Wholly,Yes-Wholly,Needed Minor Repairing,,Oct-2018 (Annual Census),https://opendata.com.pk/dataset/punjab-annual-school-census-report-2017-18 (PMIU/PESRP source),,2,Low - Needs Satellite Verification,Low,8.33,Moderate toilet non-functionality (only 4 of 6 working),False,,29.9935922,73.2527621,100.0,100.0,100.0,High_Density, 100% built-up area detected — clearly in a developed location,"Although satellite imagery shows 100% built-up around the school's exact location, suggesting a clearly developed location, the census-based data analysis shows moderate toilet non-functionality (only 4 of 6 working). The two findings therefore point in different directions: a developed setting makes a physically absent school less likely, yet the recorded indicators remain weak. On its own this discrepancy is not a strong ghost-school signal, though it merits routine monitoring.",School-Level
Real (Census),31130278,GGPS 195 HB,BAHAWALNAGAR,FORT ABBAS,Primary,Functional,No,,4.0,,,118.0,,2,2,Yes-Wholly,Yes-Wholly,Yes-Wholly,Satisfying,,Oct-2018 (Annual Census),https://opendata.com.pk/dataset/punjab-annual-school-census-report-2017-18 (PMIU/PESRP source),,2,Low - Needs Satellite Verification,Low,5.0,All monitored infrastructure indicators within normal range,False,,29.190482,72.8553692,0.0,0.0,0.0,Low_Density,"Village-area shows 0% built-up area detected around coordinates — sparse development, potential ghost-school indicator (shared coordinates with other schools in this village — reflects general area, not confirmed for this specific school)","The census-based data analysis shows all monitored infrastructure indicators within normal range, but satellite imagery shows only 0% built-up in the surrounding village area, indicating a sparsely developed area. Because the reading reflects the general village area rather than the school's exact site, it is weak evidence on its own; with no data indicators of concern either, no strong ghost-school signal is present.",Village-Level
Real (Census),31140259,GPS CHAK NO.32/3-R,BAHAWALNAGAR,HAROONABAD,Primary,Functional,No,,3.0,,,85.0,,4,4,Yes-Wholly,Yes-Wholly,Yes-Wholly,Complete Building Needs Repairing,,Oct-2018 (Annual Census),https://opendata.com.pk/dataset/punjab-annual-school-census-report-2017-18 (PMIU/PESRP source),,2,Low - Needs Satellite Verification,Low,0.0,All monitored infrastructure indicators within normal range,False,,29.9603051,73.2533515,100.0,100.0,100.0,High_Density, 100% built-up area detected — clearly in a developed location,"The census-based data analysis shows all monitored infrastructure indicators within normal range, and satellite imagery shows 100% built-up around the school's exact location, suggesting a clearly developed location. The two findings agree and are consistent with a functioning school; no ghost-school signal is present.",School-Level
Real (Census),33230515,GGPS SHORKOT CANTT NO. 1,JHANG,SHORKOT,Primary,Functional,No,,7.0,,,150.0,,3,3,Yes-Wholly,Yes-Wholly,Yes-Wholly,Satisfying,,Oct-2018 (Annual Census),https://opendata.com.pk/dataset/punjab-annual-school-census-report-2017-18 (PMIU/PESRP source),,2,Low - Needs Satellite Verification,Low,0.0,All monitored infrastructure indicators within normal range,False,,30.8349067,72.0764093,100.0,100.0,100.0,High_Density,"Village-area shows 100% built-up area detected — clearly in a developed location (shared coordinates with other schools in this village — reflects general area, not confirmed for this specific school)","The census-based data analysis shows all monitored infrastructure indicators within normal range, and satellite imagery shows 100% built-up in the surrounding village area, suggesting a clearly developed location. The two findings agree and are consistent with a functioning school; no ghost-school signal is present.",Village-Level
Real (Census),33220691,GGPS KULKURAI NO. 2,JHANG,JHANG,Primary,Functional,No,,6.0,,,120.0,,4,4,Yes-Wholly,No,Yes-Wholly,Satisfying,,Oct-2018 (Annual Census),https://opendata.com.pk/dataset/punjab-annual-school-census-report-2017-18 (PMIU/PESRP source),,2,Low - Needs Satellite Verification,Low,10.0,No electricity,False,,31.2777606,72.3213727,100.0,100.0,100.0,High_Density,"Village-area shows 100% built-up area detected — clearly in a developed location (shared coordinates with other schools in this village — reflects general area, not confirmed for this specific school)","Although satellite imagery shows 100% built-up in the surrounding village area, suggesting a clearly developed location, the census-based data analysis shows no electricity. The two findings therefore point in different directions: a developed setting makes a physically absent school less likely, yet the recorded indicators remain weak. On its own this discrepancy is not a strong ghost-school signal, though it merits routine monitoring.",Village-Level
Real (Census),33230065,GES MIRAK SIAL,JHANG,SHORKOT,Middle,Functional,No,,15.0,,,769.0,,8,8,Yes-Wholly,Yes-Wholly,Yes-Wholly,Satisfying,,Oct-2018 (Annual Census),https://opendata.com.pk/dataset/punjab-annual-school-census-report-2017-18 (PMIU/PESRP source),,2,Low - Needs Satellite Verification,Low,0.0,All monitored infrastructure indicators within normal range,False,,30.8349067,72.0764093,100.0,100.0,100.0,High_Density,"Village-area shows 100% built-up area detected — clearly in a developed location (shared coordinates with other schools in this village — reflects general area, not confirmed for this specific school)","The census-based data analysis shows all monitored infrastructure indicators within normal range, and satellite imagery shows 100% built-up in the surrounding village area, suggesting a clearly developed location. The two findings agree and are consistent with a functioning school; no ghost-school signal is present.",Village-Level
Real (Census),33220019,GHS PAKKAY WALA,JHANG,JHANG,High,Functional,No,,19.0,,,640.0,,8,8,Yes-Wholly,Yes-Wholly,Yes-Wholly,Satisfying,,Oct-2018 (Annual Census),https://opendata.com.pk/dataset/punjab-annual-school-census-report-2017-18 (PMIU/PESRP source),,2,Low - Needs Satellite Verification,Low,0.0,All monitored infrastructure indicators within normal range,False,,31.2777606,72.3213727,100.0,100.0,100.0,High_Density,"Village-area shows 100% built-up area detected — clearly in a developed location (shared coordinates with other schools in this village — reflects general area, not confirmed for this specific school)","The census-based data analysis shows all monitored infrastructure indicators within normal range, and satellite imagery shows 100% built-up in the surrounding village area, suggesting a clearly developed location. The two findings agree and are consistent with a functioning school; no ghost-school signal is present.",Village-Level
Real (Census),33250398,GPS DOSA,JHANG,18-HAZARI,Primary,Functional,No,,5.0,,,182.0,,4,4,Yes-Wholly,Yes-Wholly,Yes-Wholly,Needed Minor Repairing,,Oct-2018 (Annual Census),https://opendata.com.pk/dataset/punjab-annual-school-census-report-2017-18 (PMIU/PESRP source),,2,Low - Needs Satellite Verification,Medium,15.0,All monitored infrastructure indicators within normal range,False,,31.1445463,71.8576839,0.0,0.0,0.0,Low_Density,Only 0% built-up area detected around the school's exact coordinates — sparse development; verify the school exists at its geocoded location (location-verification floor: at least Medium priority),"The census-based data analysis shows all monitored infrastructure indicators within normal range, but satellite imagery shows only 0% built-up around the school's exact location, indicating a sparsely developed area. The findings disagree: a functioning school would normally sit within a settled area, so the school's presence at its recorded coordinates remains unverified — imagery alone cannot distinguish a geocoding error from an absent school. A verification visit is recommended to confirm the school exists at its recorded location.",School-Level
Real (Census),34630333,GGPS GADGOR,MANDI BAHA UD DIN,PHALIA,Primary,Functional,No,,4.0,,,91.0,,3,3,Yes-Wholly,Yes-Wholly,Yes-Wholly,Satisfying,,Oct-2018 (Annual Census),https://opendata.com.pk/dataset/punjab-annual-school-census-report-2017-18 (PMIU/PESRP source),,2,Low - Needs Satellite Verification,Low,0.0,All monitored infrastructure indicators within normal range,False,,32.578007,73.4796617,100.0,100.0,100.0,High_Density,"Village-area shows 100% built-up area detected — clearly in a developed location (shared coordinates with other schools in this village — reflects general area, not confirmed for this specific school)","The census-based data analysis shows all monitored infrastructure indicators within normal range, and satellite imagery shows 100% built-up in the surrounding village area, suggesting a clearly developed location. The two findings agree and are consistent with a functioning school; no ghost-school signal is present.",Village-Level
Real (Census),34630071,GGHS BHOA HASAN,MANDI BAHA UD DIN,PHALIA,High,Functional,No,,12.0,,,466.0,,9,9,Yes-Wholly,Yes-Wholly,Yes-Wholly,Satisfying,,Oct-2018 (Annual Census),https://opendata.com.pk/dataset/punjab-annual-school-census-report-2017-18 (PMIU/PESRP source),,2,Low - Needs Satellite Verification,Low,0.0,All monitored infrastructure indicators within normal range,False,,32.578007,73.4796617,100.0,100.0,100.0,High_Density,"Village-area shows 100% built-up area detected — clearly in a developed location (shared coordinates with other schools in this village — reflects general area, not confirmed for this specific school)","The census-based data analysis shows all monitored infrastructure indicators within normal range, and satellite imagery shows 100% built-up in the surrounding village area, suggesting a clearly developed location. The two findings agree and are consistent with a functioning school; no ghost-school signal is present.",Village-Level
Real (Census),34620292,GGPS MC DERA ROSHAN MBDIN,MANDI BAHA UD DIN,MANDI BAHUDDIN,Primary,Functional,No,,5.0,,,249.0,,2,2,Yes-Wholly,Yes-Wholly,Yes-Wholly,Needed Minor Repairing,,Oct-2018 (Annual Census),https://opendata.com.pk/dataset/punjab-annual-school-census-report-2017-18 (PMIU/PESRP source),,2,Low - Needs Satellite Verification,Low,0.0,All monitored infrastructure indicators within normal range,False,,32.578007,73.4796617,,,,NoData,,The census-based data analysis shows all monitored infrastructure indicators within normal range. No usable satellite reading is available — the school could only be geocoded to its tehsil centre — so this assessment rests on the data indicators alone.,Tehsil-Level
Real (Census),34620216,GGPS KOT AHMAD SHAH,MANDI BAHA UD DIN,MANDI BAHUDDIN,Primary,Functional,No,,6.0,,,136.0,,2,2,Yes-Wholly,Yes-Wholly,Yes-Wholly,Needed Minor Repairing,,Oct-2018 (Annual Census),https://opendata.com.pk/dataset/punjab-annual-school-census-report-2017-18 (PMIU/PESRP source),,2,Low - Needs Satellite Verification,Low,0.0,All monitored infrastructure indicators within normal range,False,,32.578007,73.4796617,,,,NoData,,The census-based data analysis shows all monitored infrastructure indicators within normal range. No usable satellite reading is available — the school could only be geocoded to its tehsil centre — so this assessment rests on the data indicators alone.,Tehsil-Level
Real (Census),34620121,GPS BHACHER,MANDI BAHA UD DIN,MANDI BAHUDDIN,Primary,Functional,No,,6.0,,,136.0,,3,3,Yes-Wholly,Yes-Wholly,Yes-Wholly,Needed Minor Repairing,,Oct-2018 (Annual Census),https://opendata.com.pk/dataset/punjab-annual-school-census-report-2017-18 (PMIU/PESRP source),,2,Low - Needs Satellite Verification,Low,0.0,All monitored infrastructure indicators within normal range,False,,32.578007,73.4796617,,,,NoData,,The census-based data analysis shows all monitored infrastructure indicators within normal range. No usable satellite reading is available — the school could only be geocoded to its tehsil centre — so this assessment rests on the data indicators alone.,Tehsil-Level
Real (Census),33410296,GPS RAZA NAGAR,CHINIOT,BHOWANA,Primary,Functional,No,,4.0,,,160.0,,4,4,Yes-Wholly,Yes-Wholly,Yes-Wholly,Satisfying,,Oct-2018 (Annual Census),https://opendata.com.pk/dataset/punjab-annual-school-census-report-2017-18 (PMIU/PESRP source),,2,Low - Needs Satellite Verification,Low,0.0,All monitored infrastructure indicators within normal range,False,,31.7772683,72.8911669,,,,NoData,,The census-based data analysis shows all monitored infrastructure indicators within normal range. No usable satellite reading is available — the school could only be geocoded to its tehsil centre — so this assessment rests on the data indicators alone.,Tehsil-Level
Real (Census),33410240,GPS CHAK NO 466 JB DEPUTY WALA,CHINIOT,BHOWANA,Primary,Functional,No,,4.0,,,135.0,,4,4,Yes-Wholly,Yes-Wholly,Yes-Wholly,Satisfying,,Oct-2018 (Annual Census),https://opendata.com.pk/dataset/punjab-annual-school-census-report-2017-18 (PMIU/PESRP source),,2,Low - Needs Satellite Verification,Low,0.0,All monitored infrastructure indicators within normal range,False,,31.7772683,72.8911669,,,,NoData,,The census-based data analysis shows all monitored infrastructure indicators within normal range. No usable satellite reading is available — the school could only be geocoded to its tehsil centre — so this assessment rests on the data indicators alone.,Tehsil-Level
Real (Census),33430143,GPS BASTI WALA,CHINIOT,LALIAN,Primary,Functional,No,,4.0,,,256.0,,4,4,Yes-Wholly,Yes-Wholly,Yes-Wholly,Satisfying,,Oct-2018 (Annual Census),https://opendata.com.pk/dataset/punjab-annual-school-census-report-2017-18 (PMIU/PESRP source),,2,Low - Needs Satellite Verification,Low,0.0,All monitored infrastructure indicators within normal range,False,,31.8235842,72.7989125,100.0,100.0,100.0,High_Density, 100% built-up area detected — clearly in a developed location,"The census-based data analysis shows all monitored infrastructure indicators within normal range, and satellite imagery shows 100% built-up around the school's exact location, suggesting a clearly developed location. The two findings agree and are consistent with a functioning school; no ghost-school signal is present.",School-Level
Real (Census),33420119,GGES BUKHARIAN,CHINIOT,CHINIOT,Middle,Functional,No,,12.0,,,340.0,,7,7,Yes-Wholly,Yes-Wholly,Yes-Wholly,Satisfying,,Oct-2018 (Annual Census),https://opendata.com.pk/dataset/punjab-annual-school-census-report-2017-18 (PMIU/PESRP source),,2,Low - Needs Satellite Verification,Low,0.0,All monitored infrastructure indicators within normal range,False,,31.7309524,72.9834213,100.0,100.0,100.0,High_Density,"Village-area shows 100% built-up area detected — clearly in a developed location (shared coordinates with other schools in this village — reflects general area, not confirmed for this specific school)","The census-based data analysis shows all monitored infrastructure indicators within normal range, and satellite imagery shows 100% built-up in the surrounding village area, suggesting a clearly developed location. The two findings agree and are consistent with a functioning school; no ghost-school signal is present.",Village-Level
Real (Census),33420110,GGES EID GAH NO. 1 CHINIOT,CHINIOT,CHINIOT,Middle,Functional,No,,18.0,,,761.0,,12,12,Yes-Wholly,Yes-Wholly,Yes-Wholly,Complete Building Needs Repairing,,Oct-2018 (Annual Census),https://opendata.com.pk/dataset/punjab-annual-school-census-report-2017-18 (PMIU/PESRP source),,2,Low - Needs Satellite Verification,Low,0.0,All monitored infrastructure indicators within normal range,False,,31.7309524,72.9834213,100.0,100.0,100.0,High_Density,"Village-area shows 100% built-up area detected — clearly in a developed location (shared coordinates with other schools in this village — reflects general area, not confirmed for this specific school)","The census-based data analysis shows all monitored infrastructure indicators within normal range, and satellite imagery shows 100% built-up in the surrounding village area, suggesting a clearly developed location. The two findings agree and are consistent with a functioning school; no ghost-school signal is present.",Village-Level
Real (Census),32230667,GPS CHAK NO. 125-A/TDA,LAYYAH,LAYYAH,Primary,Functional,No,,4.0,,,109.0,,4,4,Yes-Wholly,Yes-Wholly,Yes-Wholly,Satisfying,,Oct-2018 (Annual Census),https://opendata.com.pk/dataset/punjab-annual-school-census-report-2017-18 (PMIU/PESRP source),,2,Low - Needs Satellite Verification,Low,0.0,All monitored infrastructure indicators within normal range,False,,30.9681007,70.9433836,100.0,100.0,100.0,High_Density,"Village-area shows 100% built-up area detected — clearly in a developed location (shared coordinates with other schools in this village — reflects general area, not confirmed for this specific school)","The census-based data analysis shows all monitored infrastructure indicators within normal range, and satellite imagery shows 100% built-up in the surrounding village area, suggesting a clearly developed location. The two findings agree and are consistent with a functioning school; no ghost-school signal is present.",Village-Level
Real (Census),32220320,GGES BASTI PITAFI,LAYYAH,KAROR LALISAN,Middle,Functional,No,,8.0,,,211.0,,4,4,Yes-Wholly,Yes-Wholly,Yes-Wholly,Satisfying,,Oct-2018 (Annual Census),https://opendata.com.pk/dataset/punjab-annual-school-census-report-2017-18 (PMIU/PESRP source),,2,Low - Needs Satellite Verification,Low,0.0,All monitored infrastructure indicators within normal range,False,,30.9668944,70.9446465,,,,NoData,,The census-based data analysis shows all monitored infrastructure indicators within normal range. No usable satellite reading is available — the school could only be geocoded to its tehsil centre — so this assessment rests on the data indicators alone.,Tehsil-Level
Real (Census),32230109,GGHS CHAK NO.162/TDA,LAYYAH,LAYYAH,High,Functional,No,,16.0,,,680.0,,10,10,Yes-Wholly,Yes-Wholly,Yes-Wholly,Satisfying,,Oct-2018 (Annual Census),https://opendata.com.pk/dataset/punjab-annual-school-census-report-2017-18 (PMIU/PESRP source),,2,Low - Needs Satellite Verification,Low,0.0,All monitored infrastructure indicators within normal range,False,,30.9681007,70.9433836,100.0,100.0,100.0,High_Density,"Village-area shows 100% built-up area detected — clearly in a developed location (shared coordinates with other schools in this village — reflects general area, not confirmed for this specific school)","The census-based data analysis shows all monitored infrastructure indicators within normal range, and satellite imagery shows 100% built-up in the surrounding village area, suggesting a clearly developed location. The two findings agree and are consistent with a functioning school; no ghost-school signal is present.",Village-Level
Real (Census),32210111,GPS HAFIZ ABAD,LAYYAH,CHAUBARA,Primary,Functional,No,,4.0,,,101.0,,2,2,Yes-Wholly,Yes-Wholly,Yes-Wholly,Satisfying,,Oct-2018 (Annual Census),https://opendata.com.pk/dataset/punjab-annual-school-census-report-2017-18 (PMIU/PESRP source),,2,Low - Needs Satellite Verification,Low,0.0,All monitored infrastructure indicators within normal range,False,,30.9656881,70.9459094,100.0,100.0,100.0,High_Density,"Village-area shows 100% built-up area detected — clearly in a developed location (shared coordinates with other schools in this village — reflects general area, not confirmed for this specific school)","The census-based data analysis shows all monitored infrastructure indicators within normal range, and satellite imagery shows 100% built-up in the surrounding village area, suggesting a clearly developed location. The two findings agree and are consistent with a functioning school; no ghost-school signal is present.",Village-Level
Real (Census),32220247,GGPS GARRAH SHUMALI,LAYYAH,KAROR LALISAN,Primary,Functional,No,,5.0,,,149.0,,4,4,Yes-Wholly,Yes-Wholly,Yes-Wholly,Satisfying,,Oct-2018 (Annual Census),https://opendata.com.pk/dataset/punjab-annual-school-census-report-2017-18 (PMIU/PESRP source),,2,Low - Needs Satellite Verification,Low,0.0,All monitored infrastructure indicators within normal range,False,,30.9668944,70.9446465,,,,NoData,,The census-based data analysis shows all monitored infrastructure indicators within normal range. No usable satellite reading is available — the school could only be geocoded to its tehsil centre — so this assessment rests on the data indicators alone.,Tehsil-Level
Real (Census),32122060,GGPS Hayat Muhammad,D.G. KHAN,TAUNSA,Primary,Functional,No,,3.0,,,39.0,,2,2,Yes-Wholly,Yes-Wholly,Yes-Wholly,Needed Minor Repairing,dangerous_classrooms (source field): 1,Oct-2018 (Annual Census),https://opendata.com.pk/dataset/punjab-annual-school-census-report-2017-18 (PMIU/PESRP source),,2,Low - Needs Satellite Verification,Low,0.0,All monitored infrastructure indicators within normal range,False,,30.550891,70.595535,,,,NoData,,The census-based data analysis shows all monitored infrastructure indicators within normal range. No usable satellite reading is available — the school could only be geocoded to its tehsil centre — so this assessment rests on the data indicators alone.,Tehsil-Level
Real (Census),32130307,GPS BASTI YAQI,D.G. KHAN,KOT CHUTTA,Primary,Functional,No,,5.0,,,225.0,,4,4,Yes-Wholly,Yes-Wholly,Yes-Wholly,Needed Minor Repairing,,Oct-2018 (Annual Census),https://opendata.com.pk/dataset/punjab-annual-school-census-report-2017-18 (PMIU/PESRP source),,2,Low - Needs Satellite Verification,Low,0.0,All monitored infrastructure indicators within normal range,False,,30.550891,70.595535,,,,NoData,,The census-based data analysis shows all monitored infrastructure indicators within normal range. No usable satellite reading is available — the school could only be geocoded to its tehsil centre — so this assessment rests on the data indicators alone.,Tehsil-Level
Real (Census),32130225,GPS MIR NAGAR,D.G. KHAN,KOT CHUTTA,Primary,Functional,No,,4.0,,,168.0,,4,4,Yes-Wholly,Yes-Wholly,No,Satisfying,,Oct-2018 (Annual Census),https://opendata.com.pk/dataset/punjab-annual-school-census-report-2017-18 (PMIU/PESRP source),,2,Low - Needs Satellite Verification,Low,15.0,No drinking water,False,,30.550891,70.595535,,,,NoData,,"The census-based data analysis shows no drinking water. No usable satellite reading is available — the school could only be geocoded to its tehsil centre, and imagery there would not represent its actual location.",Tehsil-Level
Real (Census),32130580,GGPS DR. GHULAM MUHAMMAD,D.G. KHAN,KOT CHUTTA,Primary,Functional,No,,,,,101.0,,4,2,Yes-Wholly,No,Yes-Wholly,Needed Minor Repairing,,Oct-2018 (Annual Census),https://opendata.com.pk/dataset/punjab-annual-school-census-report-2017-18 (PMIU/PESRP source),,2,Low - Needs Satellite Verification,Medium,22.5,Moderate toilet non-functionality (only 2 of 4 working) and no electricity,False,,30.550891,70.595535,,,,NoData,,"The census-based data analysis shows moderate toilet non-functionality (only 2 of 4 working) and no electricity. No usable satellite reading is available — the school could only be geocoded to its tehsil centre, and imagery there would not represent its actual location. The data indicators alone warrant a follow-up review.",Tehsil-Level
Real (Census),32120673,GGPS LAKHIBHIR,D.G. KHAN,TAUNSA,Primary,Functional,No,,3.0,,,110.0,,2,2,Yes-Wholly,Yes-Wholly,Yes-Wholly,Needed Minor Repairing,,Oct-2018 (Annual Census),https://opendata.com.pk/dataset/punjab-annual-school-census-report-2017-18 (PMIU/PESRP source),,2,Low - Needs Satellite Verification,Low,0.0,All monitored infrastructure indicators within normal range,False,,30.550891,70.595535,,,,NoData,,The census-based data analysis shows all monitored infrastructure indicators within normal range. No usable satellite reading is available — the school could only be geocoded to its tehsil centre — so this assessment rests on the data indicators alone.,Tehsil-Level
Real (Census),32320476,GGES MANHAN (ARAIN WALA),MUZAFFARGARH,KOT ADU,Middle,Functional,No,,14.0,,,192.0,,6,5,Yes-Wholly,Yes-Wholly,Yes-Wholly,Needed Minor Repairing,,Oct-2018 (Annual Census),https://opendata.com.pk/dataset/punjab-annual-school-census-report-2017-18 (PMIU/PESRP source),,2,Low - Needs Satellite Verification,Low,4.17,All monitored infrastructure indicators within normal range,False,,30.405512,70.937831,,100.0,100.0,High_Density,"Village-area shows 100% built-up area detected — clearly in a developed location (shared coordinates with other schools in this village — reflects general area, not confirmed for this specific school)","The census-based data analysis shows all monitored infrastructure indicators within normal range, and satellite imagery shows 100% built-up in the surrounding village area, suggesting a clearly developed location. The two findings agree and are consistent with a functioning school; no ghost-school signal is present.",Village-Level
Real (Census),32310166,GGPS BASTI BARA,MUZAFFARGARH,ALIPUR,Primary,Functional,No,,3.0,,,101.0,,4,4,Yes-Wholly,Yes-Wholly,Yes-Wholly,Satisfying,,Oct-2018 (Annual Census),https://opendata.com.pk/dataset/punjab-annual-school-census-report-2017-18 (PMIU/PESRP source),,2,Low - Needs Satellite Verification,Low,0.0,All monitored infrastructure indicators within normal range,False,,30.061283,71.1901326,100.0,100.0,100.0,High_Density, 100% built-up area detected — clearly in a developed location,"The census-based data analysis shows all monitored infrastructure indicators within normal range, and satellite imagery shows 100% built-up around the school's exact location, suggesting a clearly developed location. The two findings agree and are consistent with a functioning school; no ghost-school signal is present.",School-Level
Real (Census),32320579,GGPS CHAK NO. 565/TDA,MUZAFFARGARH,KOT ADU,Primary,Functional,No,,5.0,,,124.0,,4,4,Yes-Wholly,Yes-Wholly,Yes-Wholly,Satisfying,,Oct-2018 (Annual Census),https://opendata.com.pk/dataset/punjab-annual-school-census-report-2017-18 (PMIU/PESRP source),,2,Low - Needs Satellite Verification,Low,0.0,All monitored infrastructure indicators within normal range,False,,30.405512,70.937831,,,,NoData,,The census-based data analysis shows all monitored infrastructure indicators within normal range. No usable satellite reading is available — the school could only be geocoded to its tehsil centre — so this assessment rests on the data indicators alone.,Tehsil-Level
Real (Census),32320475,GGPS BASTI SAIDAN,MUZAFFARGARH,KOT ADU,Primary,Functional,No,,6.0,,,166.0,,4,4,Yes-Wholly,Yes-Wholly,Yes-Wholly,Needed Minor Repairing,,Oct-2018 (Annual Census),https://opendata.com.pk/dataset/punjab-annual-school-census-report-2017-18 (PMIU/PESRP source),,2,Low - Needs Satellite Verification,Low,0.0,All monitored infrastructure indicators within normal range,False,,30.405512,70.937831,,,,NoData,,The census-based data analysis shows all monitored infrastructure indicators within normal range. No usable satellite reading is available — the school could only be geocoded to its tehsil centre — so this assessment rests on the data indicators alone.,Tehsil-Level
Real (Census),32330189,GPS KOTHELA,MUZAFFARGARH,MUZAFFARGARH,Primary,Functional,No,,4.0,,,91.0,,3,3,Yes-Wholly,Yes-Wholly,Yes-Wholly,Satisfying,,Oct-2018 (Annual Census),https://opendata.com.pk/dataset/punjab-annual-school-census-report-2017-18 (PMIU/PESRP source),,2,Low - Needs Satellite Verification,Low,0.0,All monitored infrastructure indicators within normal range,False,,30.084183,71.1939667,100.0,90.62,90.62,High_Density,"Village-area shows 90.6% built-up area detected — clearly in a developed location (shared coordinates with other schools in this village — reflects general area, not confirmed for this specific school)","The census-based data analysis shows all monitored infrastructure indicators within normal range, and satellite imagery shows 90.6% built-up in the surrounding village area, suggesting a clearly developed location. The two findings agree and are consistent with a functioning school; no ghost-school signal is present.",Village-Level
Real (Census),36420223,"GPS 44/10-R JADEED, P/O 44/10-R, JADEED",KHANEWAL,KHANEWAL,Primary,Functional,No,,3.0,,,149.0,,2,2,Yes-Wholly,Yes-Wholly,Yes-Wholly,Satisfying,,Oct-2018 (Annual Census),https://opendata.com.pk/dataset/punjab-annual-school-census-report-2017-18 (PMIU/PESRP source),,2,Low - Needs Satellite Verification,Low,0.0,All monitored infrastructure indicators within normal range,False,,30.3022528,71.9278916,100.0,100.0,100.0,High_Density,"Village-area shows 100% built-up area detected — clearly in a developed location (shared coordinates with other schools in this village — reflects general area, not confirmed for this specific school)","The census-based data analysis shows all monitored infrastructure indicators within normal range, and satellite imagery shows 100% built-up in the surrounding village area, suggesting a clearly developed location. The two findings agree and are consistent with a functioning school; no ghost-school signal is present.",Village-Level
Real (Census),36420019,"GHS 30/10-R, KACHA KHUH",KHANEWAL,KHANEWAL,High,Functional,No,,15.0,,,284.0,,6,6,Yes-Wholly,Yes-Wholly,Yes-Wholly,Needed Minor Repairing,,Oct-2018 (Annual Census),https://opendata.com.pk/dataset/punjab-annual-school-census-report-2017-18 (PMIU/PESRP source),,2,Low - Needs Satellite Verification,Low,0.0,All monitored infrastructure indicators within normal range,False,,30.3022528,71.9278916,100.0,100.0,100.0,High_Density,"Village-area shows 100% built-up area detected — clearly in a developed location (shared coordinates with other schools in this village — reflects general area, not confirmed for this specific school)","The census-based data analysis shows all monitored infrastructure indicators within normal range, and satellite imagery shows 100% built-up in the surrounding village area, suggesting a clearly developed location. The two findings agree and are consistent with a functioning school; no ghost-school signal is present.",Village-Level
Real (Census),36410034,GGHSS JODH PUR KABIRWALA,KHANEWAL,KABIRWALA,H.Sec.,Functional,No,,33.0,,,1347.0,,17,16,Yes-Wholly,Yes-Wholly,Yes-Wholly,Satisfying,,Oct-2018 (Annual Census),https://opendata.com.pk/dataset/punjab-annual-school-census-report-2017-18 (PMIU/PESRP source),,2,Low - Needs Satellite Verification,Low,1.47,All monitored infrastructure indicators within normal range,False,,30.3409282,71.90509,100.0,85.94,85.94,High_Density,"Village-area shows 85.9% built-up area detected — clearly in a developed location (shared coordinates with other schools in this village — reflects general area, not confirmed for this specific school)","The census-based data analysis shows all monitored infrastructure indicators within normal range, and satellite imagery shows 85.9% built-up in the surrounding village area (down from 100% in the 2017 imagery), suggesting a clearly developed location. The two findings agree and are consistent with a functioning school; no ghost-school signal is present.",Village-Level
Real (Census),36430337,"GPS MODEL 113/15-L, P/O 116/15-L, MIAN CHANNU",KHANEWAL,MIAN CHANNU,Primary,Functional,No,,4.0,,,188.0,,4,4,Yes-Wholly,Yes-Wholly,Yes-Wholly,Satisfying,,Oct-2018 (Annual Census),https://opendata.com.pk/dataset/punjab-annual-school-census-report-2017-18 (PMIU/PESRP source),,2,Low - Needs Satellite Verification,Low,0.0,All monitored infrastructure indicators within normal range,False,,30.4389367,72.3550547,100.0,100.0,100.0,High_Density,"Village-area shows 100% built-up area detected — clearly in a developed location (shared coordinates with other schools in this village — reflects general area, not confirmed for this specific school)","The census-based data analysis shows all monitored infrastructure indicators within normal range, and satellite imagery shows 100% built-up in the surrounding village area, suggesting a clearly developed location. The two findings agree and are consistent with a functioning school; no ghost-school signal is present.",Village-Level
Real (Census),36410376,"GMPS BAHADUR WALA, KABIRWALA",KHANEWAL,KABIRWALA,Primary,Functional,No,,3.0,,,151.0,,5,5,Yes-Wholly,Yes-Wholly,Yes-Wholly,Needed Minor Repairing,,Oct-2018 (Annual Census),https://opendata.com.pk/dataset/punjab-annual-school-census-report-2017-18 (PMIU/PESRP source),,2,Low - Needs Satellite Verification,Low,0.0,All monitored infrastructure indicators within normal range,False,,30.3409282,71.90509,100.0,85.94,85.94,High_Density,"Village-area shows 85.9% built-up area detected — clearly in a developed location (shared coordinates with other schools in this village — reflects general area, not confirmed for this specific school)","The census-based data analysis shows all monitored infrastructure indicators within normal range, and satellite imagery shows 85.9% built-up in the surrounding village area (down from 100% in the 2017 imagery), suggesting a clearly developed location. The two findings agree and are consistent with a functioning school; no ghost-school signal is present.",Village-Level
Real (Census),39210362,GGPS 25/SP,PAKPATTAN,PAKPATTAN,Primary,Functional,No,,5.0,,,326.0,,2,2,Yes-Wholly,Yes-Wholly,Yes-Wholly,Satisfying,,Oct-2018 (Annual Census),https://opendata.com.pk/dataset/punjab-annual-school-census-report-2017-18 (PMIU/PESRP source),,2,Low - Needs Satellite Verification,Low,0.0,All monitored infrastructure indicators within normal range,False,,30.3550157,73.3951195,100.0,100.0,100.0,High_Density, 100% built-up area detected — clearly in a developed location,"The census-based data analysis shows all monitored infrastructure indicators within normal range, and satellite imagery shows 100% built-up around the school's exact location, suggesting a clearly developed location. The two findings agree and are consistent with a functioning school; no ghost-school signal is present.",School-Level
Real (Census),39220416,GGPS 79/EB-I ARIFWALA,PAKPATTAN,ARIFWALA,Primary,Functional,No,,3.0,,,169.0,,4,4,Yes-Wholly,Yes-Wholly,Yes-Wholly,Satisfying,,Oct-2018 (Annual Census),https://opendata.com.pk/dataset/punjab-annual-school-census-report-2017-18 (PMIU/PESRP source),,2,Low - Needs Satellite Verification,Low,0.0,All monitored infrastructure indicators within normal range,False,,30.2944504,73.0589418,100.0,100.0,100.0,High_Density,"Village-area shows 100% built-up area detected — clearly in a developed location (shared coordinates with other schools in this village — reflects general area, not confirmed for this specific school)","The census-based data analysis shows all monitored infrastructure indicators within normal range, and satellite imagery shows 100% built-up in the surrounding village area, suggesting a clearly developed location. The two findings agree and are consistent with a functioning school; no ghost-school signal is present.",Village-Level
Real (Census),39220307,GGPS 26 EB,PAKPATTAN,ARIFWALA,Primary,Functional,No,,2.0,,,98.0,,3,3,Yes-Wholly,Yes-Wholly,Yes-Wholly,Satisfying,,Oct-2018 (Annual Census),https://opendata.com.pk/dataset/punjab-annual-school-census-report-2017-18 (PMIU/PESRP source),,2,Low - Needs Satellite Verification,Low,0.0,All monitored infrastructure indicators within normal range,False,,30.2944504,73.0589418,100.0,100.0,100.0,High_Density,"Village-area shows 100% built-up area detected — clearly in a developed location (shared coordinates with other schools in this village — reflects general area, not confirmed for this specific school)","The census-based data analysis shows all monitored infrastructure indicators within normal range, and satellite imagery shows 100% built-up in the surrounding village area, suggesting a clearly developed location. The two findings agree and are consistent with a functioning school; no ghost-school signal is present.",Village-Level
Real (Census),39220400,GGES 52 EB PO 52 EB,PAKPATTAN,ARIFWALA,Middle,Functional,No,,7.0,,,282.0,,6,6,Yes-Wholly,Yes-Wholly,Yes-Wholly,Satisfying,,Oct-2018 (Annual Census),https://opendata.com.pk/dataset/punjab-annual-school-census-report-2017-18 (PMIU/PESRP source),,2,Low - Needs Satellite Verification,Low,0.0,All monitored infrastructure indicators within normal range,False,,30.2944504,73.0589418,100.0,100.0,100.0,High_Density,"Village-area shows 100% built-up area detected — clearly in a developed location (shared coordinates with other schools in this village — reflects general area, not confirmed for this specific school)","The census-based data analysis shows all monitored infrastructure indicators within normal range, and satellite imagery shows 100% built-up in the surrounding village area, suggesting a clearly developed location. The two findings agree and are consistent with a functioning school; no ghost-school signal is present.",Village-Level
Real (Census),39220269,GGPS MC NO. 4 IQBAL NAGAR ARIFWALA,PAKPATTAN,ARIFWALA,Primary,Functional,No,,4.0,,,113.0,,3,3,Yes-Wholly,Yes-Wholly,Yes-Wholly,Satisfying,,Oct-2018 (Annual Census),https://opendata.com.pk/dataset/punjab-annual-school-census-report-2017-18 (PMIU/PESRP source),,2,Low - Needs Satellite Verification,Low,0.0,All monitored infrastructure indicators within normal range,False,,30.2944504,73.0589418,100.0,100.0,100.0,High_Density,"Village-area shows 100% built-up area detected — clearly in a developed location (shared coordinates with other schools in this village — reflects general area, not confirmed for this specific school)","The census-based data analysis shows all monitored infrastructure indicators within normal range, and satellite imagery shows 100% built-up in the surrounding village area, suggesting a clearly developed location. The two findings agree and are consistent with a functioning school; no ghost-school signal is present.",Village-Level
Real (Census),36620075,GPS LAL BAGHALI,LODHRAN,KAROR PACCA,Primary,Functional,No,,6.0,,,214.0,,5,5,Yes-Wholly,Yes-Wholly,Yes-Wholly,Satisfying,,Oct-2018 (Annual Census),https://opendata.com.pk/dataset/punjab-annual-school-census-report-2017-18 (PMIU/PESRP source),,2,Low - Needs Satellite Verification,Low,0.0,All monitored infrastructure indicators within normal range,False,,29.67360735,71.67203475,,,,NoData,,The census-based data analysis shows all monitored infrastructure indicators within normal range. No usable satellite reading is available — the school could only be geocoded to its tehsil centre — so this assessment rests on the data indicators alone.,Tehsil-Level
Real (Census),36630255,GGES 301 WB,LODHRAN,DUNYAPUR,Middle,Functional,No,,10.0,,,324.0,,6,6,Yes-Wholly,Yes-Wholly,Yes-Wholly,Needed Minor Repairing,,Oct-2018 (Annual Census),https://opendata.com.pk/dataset/punjab-annual-school-census-report-2017-18 (PMIU/PESRP source),,2,Low - Needs Satellite Verification,Low,0.0,All monitored infrastructure indicators within normal range,False,,29.8068303,71.7210552,0.0,87.5,87.5,High_Density,"Village-area shows 87.5% built-up area detected — clearly in a developed location (shared coordinates with other schools in this village — reflects general area, not confirmed for this specific school)","The census-based data analysis shows all monitored infrastructure indicators within normal range, and satellite imagery shows 87.5% built-up in the surrounding village area (up from 0% in the 2017 imagery), suggesting a clearly developed location. The two findings agree and are consistent with a functioning school; no ghost-school signal is present.",Village-Level
Real (Census),36610037,GHS CHAMB KULYAR,LODHRAN,LODHRAN,High,Functional,No,,16.0,,,526.0,,14,14,Yes-Wholly,Yes-Wholly,Yes-Wholly,Needed Minor Repairing,dangerous_classrooms (source field): 3,Oct-2018 (Annual Census),https://opendata.com.pk/dataset/punjab-annual-school-census-report-2017-18 (PMIU/PESRP source),,2,Low - Needs Satellite Verification,Low,0.0,All monitored infrastructure indicators within normal range,False,,29.5403844,71.6230143,100.0,100.0,100.0,High_Density,"Village-area shows 100% built-up area detected — clearly in a developed location (shared coordinates with other schools in this village — reflects general area, not confirmed for this specific school)","The census-based data analysis shows all monitored infrastructure indicators within normal range, and satellite imagery shows 100% built-up in the surrounding village area, suggesting a clearly developed location. The two findings agree and are consistent with a functioning school; no ghost-school signal is present.",Village-Level
Real (Census),36610049,GMES JAL WALA,LODHRAN,LODHRAN,Middle,Functional,No,,11.0,,,188.0,,7,7,Yes-Wholly,Yes-Wholly,Yes-Wholly,Satisfying,,Oct-2018 (Annual Census),https://opendata.com.pk/dataset/punjab-annual-school-census-report-2017-18 (PMIU/PESRP source),,2,Low - Needs Satellite Verification,Low,0.0,All monitored infrastructure indicators within normal range,False,,29.5403844,71.6230143,100.0,100.0,100.0,High_Density,"Village-area shows 100% built-up area detected — clearly in a developed location (shared coordinates with other schools in this village — reflects general area, not confirmed for this specific school)","The census-based data analysis shows all monitored infrastructure indicators within normal range, and satellite imagery shows 100% built-up in the surrounding village area, suggesting a clearly developed location. The two findings agree and are consistent with a functioning school; no ghost-school signal is present.",Village-Level
Real (Census),36630155,GPS CHAK NO. 386/WB,LODHRAN,DUNYAPUR,Primary,Functional,No,,3.0,,,70.0,,4,4,Yes-Wholly,Yes-Wholly,Yes-Wholly,Satisfying,,Oct-2018 (Annual Census),https://opendata.com.pk/dataset/punjab-annual-school-census-report-2017-18 (PMIU/PESRP source),,2,Low - Needs Satellite Verification,Low,0.0,All monitored infrastructure indicators within normal range,False,,29.8068303,71.7210552,0.0,87.5,87.5,High_Density,"Village-area shows 87.5% built-up area detected — clearly in a developed location (shared coordinates with other schools in this village — reflects general area, not confirmed for this specific school)","The census-based data analysis shows all monitored infrastructure indicators within normal range, and satellite imagery shows 87.5% built-up in the surrounding village area (up from 0% in the 2017 imagery), suggesting a clearly developed location. The two findings agree and are consistent with a functioning school; no ghost-school signal is present.",Village-Level
Real (Census),32410358,GGPS BASTI SONHARA,RAJANPUR,JAMPUR,Primary,Functional,No,,4.0,,,47.0,,4,4,Yes-Wholly,Yes-Wholly,Yes-Wholly,Satisfying,,Oct-2018 (Annual Census),https://opendata.com.pk/dataset/punjab-annual-school-census-report-2017-18 (PMIU/PESRP source),,2,Low - Needs Satellite Verification,Low,0.0,All monitored infrastructure indicators within normal range,False,,29.6384224,70.5772492,96.88,93.75,93.75,High_Density,"Village-area shows 93.8% built-up area detected — clearly in a developed location (shared coordinates with other schools in this village — reflects general area, not confirmed for this specific school)","The census-based data analysis shows all monitored infrastructure indicators within normal range, and satellite imagery shows 93.8% built-up in the surrounding village area, suggesting a clearly developed location. The two findings agree and are consistent with a functioning school; no ghost-school signal is present.",Village-Level
Real (Census),32420367,GGCMES MUDDASIR ABAD,RAJANPUR,RAJANPUR,Middle,Functional,No,,7.0,,,184.0,,5,5,Yes-Wholly,Yes-Wholly,Yes-Wholly,Satisfying,,Oct-2018 (Annual Census),https://opendata.com.pk/dataset/punjab-annual-school-census-report-2017-18 (PMIU/PESRP source),,2,Low - Needs Satellite Verification,Low,0.0,All monitored infrastructure indicators within normal range,False,,29.1002542,70.3378699,100.0,100.0,100.0,High_Density,"Village-area shows 100% built-up area detected — clearly in a developed location (shared coordinates with other schools in this village — reflects general area, not confirmed for this specific school)","The census-based data analysis shows all monitored infrastructure indicators within normal range, and satellite imagery shows 100% built-up in the surrounding village area, suggesting a clearly developed location. The two findings agree and are consistent with a functioning school; no ghost-school signal is present.",Village-Level
Real (Census),32420389,GGPS FIRDOUSI FARM,RAJANPUR,RAJANPUR,Primary,Functional,No,,,,,30.0,,3,2,Yes-Wholly,No,Yes-Wholly,Satisfying,,Oct-2018 (Annual Census),https://opendata.com.pk/dataset/punjab-annual-school-census-report-2017-18 (PMIU/PESRP source),,2,Low - Needs Satellite Verification,Low,18.33,No electricity and moderate toilet non-functionality (only 2 of 3 working),False,,29.1002542,70.3378699,100.0,100.0,100.0,High_Density,"Village-area shows 100% built-up area detected — clearly in a developed location (shared coordinates with other schools in this village — reflects general area, not confirmed for this specific school)","Although satellite imagery shows 100% built-up in the surrounding village area, suggesting a clearly developed location, the census-based data analysis shows no electricity and moderate toilet non-functionality (only 2 of 3 working). The two findings therefore point in different directions: a developed setting makes a physically absent school less likely, yet the recorded indicators remain weak. On its own this discrepancy is not a strong ghost-school signal, though it merits routine monitoring.",Village-Level
Real (Census),32430225,GPS BASTI WADERA ABDUL RAZZAQ DULLANI,RAJANPUR,ROJHAN,Primary,Functional,No,,4.0,,,40.0,,2,1,No,Yes-Wholly,Yes-Wholly,Satisfying,,Oct-2018 (Annual Census),https://opendata.com.pk/dataset/punjab-annual-school-census-report-2017-18 (PMIU/PESRP source),,2,Low - Needs Satellite Verification,Medium,27.5,No boundary wall and moderate toilet non-functionality (only 1 of 2 working),False,,28.78785,70.00177,67.19,70.31,70.31,High_Density,"Village-area shows 70.3% built-up area detected — clearly in a developed location (shared coordinates with other schools in this village — reflects general area, not confirmed for this specific school)","Although satellite imagery shows 70.3% built-up in the surrounding village area, suggesting a clearly developed location, the census-based data analysis shows no boundary wall and moderate toilet non-functionality (only 1 of 2 working). The two findings therefore point in different directions: a developed setting makes a physically absent school less likely, yet the recorded indicators remain weak. This discrepancy is worth a follow-up review to determine whether the school is operating as reported.",Village-Level
Real (Census),32410347,GGPS BASTI MALKANI,RAJANPUR,JAMPUR,Primary,Functional,No,,4.0,,,128.0,,4,4,Yes-Wholly,Yes-Wholly,Yes-Wholly,Needed Minor Repairing,,Oct-2018 (Annual Census),https://opendata.com.pk/dataset/punjab-annual-school-census-report-2017-18 (PMIU/PESRP source),,2,Low - Needs Satellite Verification,Low,0.0,All monitored infrastructure indicators within normal range,False,,29.6384224,70.5772492,96.88,93.75,93.75,High_Density,"Village-area shows 93.8% built-up area detected — clearly in a developed location (shared coordinates with other schools in this village — reflects general area, not confirmed for this specific school)","The census-based data analysis shows all monitored infrastructure indicators within normal range, and satellite imagery shows 93.8% built-up in the surrounding village area, suggesting a clearly developed location. The two findings agree and are consistent with a functioning school; no ghost-school signal is present.",Village-Level
Real (Census),39110291,GPS 165-A/9-L,SAHIWAL,CHICHAWATANI,Primary,Functional,No,,4.0,,,188.0,,4,4,Yes-Wholly,Yes-Wholly,Yes-Wholly,Needed Minor Repairing,,Oct-2018 (Annual Census),https://opendata.com.pk/dataset/punjab-annual-school-census-report-2017-18 (PMIU/PESRP source),,2,Low - Needs Satellite Verification,Low,0.0,All monitored infrastructure indicators within normal range,False,,30.530163,72.678457,,,,NoData,,The census-based data analysis shows all monitored infrastructure indicators within normal range. No usable satellite reading is available — the school could only be geocoded to its tehsil centre — so this assessment rests on the data indicators alone.,Tehsil-Level
Real (Census),39110439,GGPS 40/12-L,SAHIWAL,CHICHAWATANI,Primary,Functional,No,,4.0,,,238.0,,3,3,Yes-Wholly,Yes-Wholly,Yes-Wholly,Needed Minor Repairing,,Oct-2018 (Annual Census),https://opendata.com.pk/dataset/punjab-annual-school-census-report-2017-18 (PMIU/PESRP source),,2,Low - Needs Satellite Verification,Low,0.0,All monitored infrastructure indicators within normal range,False,,30.530163,72.678457,,,,NoData,,The census-based data analysis shows all monitored infrastructure indicators within normal range. No usable satellite reading is available — the school could only be geocoded to its tehsil centre — so this assessment rests on the data indicators alone.,Tehsil-Level
Real (Census),39120475,GGPS CHENNA KARAMALI,SAHIWAL,SAHIWAL,Primary,Functional,No,,,,,140.0,,2,2,Yes-Wholly,Yes-Wholly,Yes-Wholly,Satisfying,,Oct-2018 (Annual Census),https://opendata.com.pk/dataset/punjab-annual-school-census-report-2017-18 (PMIU/PESRP source),,2,Low - Needs Satellite Verification,Low,0.0,All monitored infrastructure indicators within normal range,False,,30.6483426,73.098434,100.0,100.0,100.0,High_Density,"Village-area shows 100% built-up area detected — clearly in a developed location (shared coordinates with other schools in this village — reflects general area, not confirmed for this specific school)","The census-based data analysis shows all monitored infrastructure indicators within normal range, and satellite imagery shows 100% built-up in the surrounding village area, suggesting a clearly developed location. The two findings agree and are consistent with a functioning school; no ghost-school signal is present.",Village-Level
Real (Census),39110165,GGES 64/12-L,SAHIWAL,CHICHAWATANI,Middle,Functional,No,,8.0,,,107.0,,2,2,Yes-Wholly,Yes-Wholly,Yes-Wholly,Partial Building is Dangerous,,Oct-2018 (Annual Census),https://opendata.com.pk/dataset/punjab-annual-school-census-report-2017-18 (PMIU/PESRP source),,2,Low - Needs Satellite Verification,Low,0.0,All monitored infrastructure indicators within normal range,False,,30.530163,72.678457,,,,NoData,,The census-based data analysis shows all monitored infrastructure indicators within normal range. No usable satellite reading is available — the school could only be geocoded to its tehsil centre — so this assessment rests on the data indicators alone.,Tehsil-Level
Real (Census),39120117,GES 154/9-L,SAHIWAL,SAHIWAL,Middle,Functional,No,,9.0,,,246.0,,6,6,Yes-Wholly,Yes-Wholly,Yes-Wholly,Partial Building is Dangerous,dangerous_classrooms (source field): 4,Oct-2018 (Annual Census),https://opendata.com.pk/dataset/punjab-annual-school-census-report-2017-18 (PMIU/PESRP source),,2,Low - Needs Satellite Verification,Low,0.0,All monitored infrastructure indicators within normal range,False,,30.6483426,73.098434,100.0,100.0,100.0,High_Density,"Village-area shows 100% built-up area detected — clearly in a developed location (shared coordinates with other schools in this village — reflects general area, not confirmed for this specific school)","The census-based data analysis shows all monitored infrastructure indicators within normal range, and satellite imagery shows 100% built-up in the surrounding village area, suggesting a clearly developed location. The two findings agree and are consistent with a functioning school; no ghost-school signal is present.",Village-Level
Real (Census),34520617,GES AMBALTAS,HAFIZABAD,PINDI BHATTIAN,Middle,Functional,No,,11.0,,,100.0,,3,2,Yes-Wholly,Yes-Wholly,Yes-Wholly,Complete Building Needs Repairing,,Oct-2018 (Annual Census),https://opendata.com.pk/dataset/punjab-annual-school-census-report-2017-18 (PMIU/PESRP source),,2,Low - Needs Satellite Verification,Low,8.33,Moderate toilet non-functionality (only 2 of 3 working),False,,31.9000019,73.2713766,100.0,100.0,100.0,High_Density,"Village-area shows 100% built-up area detected — clearly in a developed location (shared coordinates with other schools in this village — reflects general area, not confirmed for this specific school)","Although satellite imagery shows 100% built-up in the surrounding village area, suggesting a clearly developed location, the census-based data analysis shows moderate toilet non-functionality (only 2 of 3 working). The two findings therefore point in different directions: a developed setting makes a physically absent school less likely, yet the recorded indicators remain weak. On its own this discrepancy is not a strong ghost-school signal, though it merits routine monitoring.",Village-Level
Real (Census),34520039,GGHS MADHORA KALAN,HAFIZABAD,PINDI BHATTIAN,High,Functional,No,,8.0,,,279.0,,7,5,Yes-Wholly,Yes-Wholly,Yes-Wholly,Satisfying,,Oct-2018 (Annual Census),https://opendata.com.pk/dataset/punjab-annual-school-census-report-2017-18 (PMIU/PESRP source),,2,Low - Needs Satellite Verification,Low,7.14,Moderate toilet non-functionality (only 5 of 7 working),False,,31.9000019,73.2713766,100.0,100.0,100.0,High_Density,"Village-area shows 100% built-up area detected — clearly in a developed location (shared coordinates with other schools in this village — reflects general area, not confirmed for this specific school)","Although satellite imagery shows 100% built-up in the surrounding village area, suggesting a clearly developed location, the census-based data analysis shows moderate toilet non-functionality (only 5 of 7 working). The two findings therefore point in different directions: a developed setting makes a physically absent school less likely, yet the recorded indicators remain weak. On its own this discrepancy is not a strong ghost-school signal, though it merits routine monitoring.",Village-Level
Real (Census),34520137,GES KOT KHUSHAL,HAFIZABAD,PINDI BHATTIAN,Middle,Functional,No,,6.0,,,155.0,,4,3,Yes-Wholly,Yes-Wholly,Yes-Wholly,Satisfying,,Oct-2018 (Annual Census),https://opendata.com.pk/dataset/punjab-annual-school-census-report-2017-18 (PMIU/PESRP source),,2,Low - Needs Satellite Verification,Low,6.25,Moderate toilet non-functionality (only 3 of 4 working),False,,31.9000019,73.2713766,100.0,100.0,100.0,High_Density,"Village-area shows 100% built-up area detected — clearly in a developed location (shared coordinates with other schools in this village — reflects general area, not confirmed for this specific school)","Although satellite imagery shows 100% built-up in the surrounding village area, suggesting a clearly developed location, the census-based data analysis shows moderate toilet non-functionality (only 3 of 4 working). The two findings therefore point in different directions: a developed setting makes a physically absent school less likely, yet the recorded indicators remain weak. On its own this discrepancy is not a strong ghost-school signal, though it merits routine monitoring.",Village-Level
Real (Census),34510043,GGES MURADIAN,HAFIZABAD,HAFIZABAD,Middle,Functional,No,,11.0,,,201.0,,4,4,Yes-Wholly,Yes-Wholly,Yes-Wholly,Satisfying,,Oct-2018 (Annual Census),https://opendata.com.pk/dataset/punjab-annual-school-census-report-2017-18 (PMIU/PESRP source),,2,Low - Needs Satellite Verification,Low,0.0,All monitored infrastructure indicators within normal range,False,,32.0747092,73.6917073,100.0,100.0,100.0,High_Density,"Village-area shows 100% built-up area detected — clearly in a developed location (shared coordinates with other schools in this village — reflects general area, not confirmed for this specific school)","The census-based data analysis shows all monitored infrastructure indicators within normal range, and satellite imagery shows 100% built-up in the surrounding village area, suggesting a clearly developed location. The two findings agree and are consistent with a functioning school; no ghost-school signal is present.",Village-Level
Real (Census),34520543,GPS NAUTHEEN STATION,HAFIZABAD,PINDI BHATTIAN,Primary,Functional,No,,5.0,,,66.0,,2,2,Yes-Wholly,Yes-Wholly,Yes-Wholly,Satisfying,,Oct-2018 (Annual Census),https://opendata.com.pk/dataset/punjab-annual-school-census-report-2017-18 (PMIU/PESRP source),,2,Low - Needs Satellite Verification,Low,0.0,All monitored infrastructure indicators within normal range,False,,31.9000019,73.2713766,100.0,100.0,100.0,High_Density,"Village-area shows 100% built-up area detected — clearly in a developed location (shared coordinates with other schools in this village — reflects general area, not confirmed for this specific school)","The census-based data analysis shows all monitored infrastructure indicators within normal range, and satellite imagery shows 100% built-up in the surrounding village area, suggesting a clearly developed location. The two findings agree and are consistent with a functioning school; no ghost-school signal is present.",Village-Level
Real (Census),37140021,GGHS KOT CHAJI,ATTOCK,JAND,High,Functional,No,,13.0,,,391.0,,6,6,Yes-Wholly,Yes-Wholly,Yes-Wholly,Satisfying,,Oct-2018 (Annual Census),https://opendata.com.pk/dataset/punjab-annual-school-census-report-2017-18 (PMIU/PESRP source),,2,Low - Needs Satellite Verification,Low,0.0,All monitored infrastructure indicators within normal range,False,,33.4317702,72.0196309,100.0,100.0,100.0,High_Density,"Village-area shows 100% built-up area detected — clearly in a developed location (shared coordinates with other schools in this village — reflects general area, not confirmed for this specific school)","The census-based data analysis shows all monitored infrastructure indicators within normal range, and satellite imagery shows 100% built-up in the surrounding village area, suggesting a clearly developed location. The two findings agree and are consistent with a functioning school; no ghost-school signal is present.",Village-Level
Real (Census),33221214,GGPS CHAK NO 259 PATOANA,JHANG,JHANG,Primary,Functional,No,,4.0,,,92.0,,2,2,Yes-Wholly,Yes-Wholly,Yes-Wholly,Satisfying,,Oct-2018 (Annual Census),https://opendata.com.pk/dataset/punjab-annual-school-census-report-2017-18 (PMIU/PESRP source),,2,Low - Needs Satellite Verification,Low,0.0,All monitored infrastructure indicators within normal range,False,,31.2777606,72.3213727,100.0,100.0,100.0,High_Density,"Village-area shows 100% built-up area detected — clearly in a developed location (shared coordinates with other schools in this village — reflects general area, not confirmed for this specific school)","The census-based data analysis shows all monitored infrastructure indicators within normal range, and satellite imagery shows 100% built-up in the surrounding village area, suggesting a clearly developed location. The two findings agree and are consistent with a functioning school; no ghost-school signal is present.",Village-Level
Real (Census),34220031,GHS BHOTA,GUJRAT,KHARIAN,High,Functional,No,,18.0,,,344.0,,10,10,Yes-Wholly,Yes-Wholly,Yes-Wholly,Satisfying,,Oct-2018 (Annual Census),https://opendata.com.pk/dataset/punjab-annual-school-census-report-2017-18 (PMIU/PESRP source),,2,Low - Needs Satellite Verification,Low,0.0,All monitored infrastructure indicators within normal range,False,,32.8100237,73.8663245,100.0,100.0,100.0,High_Density,"Village-area shows 100% built-up area detected — clearly in a developed location (shared coordinates with other schools in this village — reflects general area, not confirmed for this specific school)","The census-based data analysis shows all monitored infrastructure indicators within normal range, and satellite imagery shows 100% built-up in the surrounding village area, suggesting a clearly developed location. The two findings agree and are consistent with a functioning school; no ghost-school signal is present.",Village-Level
Real (Census),31120113,GGES CHAK NO. 200/M,BAHAWALNAGAR,CHISHTIAN,Middle,Functional,No,,11.0,,,253.0,,3,3,Yes-Wholly,Yes-Wholly,Yes-Wholly,Needed Minor Repairing,,Oct-2018 (Annual Census),https://opendata.com.pk/dataset/punjab-annual-school-census-report-2017-18 (PMIU/PESRP source),,2,Low - Needs Satellite Verification,Low,0.0,All monitored infrastructure indicators within normal range,False,,29.7945611,72.857779,100.0,100.0,100.0,High_Density, 100% built-up area detected — clearly in a developed location,"The census-based data analysis shows all monitored infrastructure indicators within normal range, and satellite imagery shows 100% built-up around the school's exact location, suggesting a clearly developed location. The two findings agree and are consistent with a functioning school; no ghost-school signal is present.",School-Level
Real (Census),36430394,"GMPS 13/8-AR, P/O 20/8-R, TULAMBA",KHANEWAL,MIAN CHANNU,Primary,Functional,No,,10.0,,,313.0,,6,6,Yes-Wholly,Yes-Wholly,Yes-Wholly,Needed Minor Repairing,dangerous_classrooms (source field): 1,Oct-2018 (Annual Census),https://opendata.com.pk/dataset/punjab-annual-school-census-report-2017-18 (PMIU/PESRP source),,2,Low - Needs Satellite Verification,Low,0.0,All monitored infrastructure indicators within normal range,False,,30.4389367,72.3550547,100.0,100.0,100.0,High_Density,"Village-area shows 100% built-up area detected — clearly in a developed location (shared coordinates with other schools in this village — reflects general area, not confirmed for this specific school)","The census-based data analysis shows all monitored infrastructure indicators within normal range, and satellite imagery shows 100% built-up in the surrounding village area, suggesting a clearly developed location. The two findings agree and are consistent with a functioning school; no ghost-school signal is present.",Village-Level
Real (Census),34110497,GPS DERA KULIAN,GUJRANWALA,GUJRANWALA SADAR,Primary,Functional,No,,3.0,,,105.0,,4,4,Yes-Wholly,Yes-Wholly,Yes-Wholly,Satisfying,,Oct-2018 (Annual Census),https://opendata.com.pk/dataset/punjab-annual-school-census-report-2017-18 (PMIU/PESRP source),,2,Low - Needs Satellite Verification,Low,0.0,All monitored infrastructure indicators within normal range,False,,32.0346163,74.1872621,,,,NoData,,The census-based data analysis shows all monitored infrastructure indicators within normal range. No usable satellite reading is available — the school could only be geocoded to its tehsil centre — so this assessment rests on the data indicators alone.,Tehsil-Level
Real (Census),32210064,GPS CHAK NO 447 TDA,LAYYAH,CHAUBARA,Primary,Functional,No,,4.0,,,80.0,,2,2,Yes-Wholly,Yes-Wholly,Yes-Wholly,Satisfying,,Oct-2018 (Annual Census),https://opendata.com.pk/dataset/punjab-annual-school-census-report-2017-18 (PMIU/PESRP source),,2,Low - Needs Satellite Verification,Low,0.0,All monitored infrastructure indicators within normal range,False,,30.9656881,70.9459094,100.0,100.0,100.0,High_Density,"Village-area shows 100% built-up area detected — clearly in a developed location (shared coordinates with other schools in this village — reflects general area, not confirmed for this specific school)","The census-based data analysis shows all monitored infrastructure indicators within normal range, and satellite imagery shows 100% built-up in the surrounding village area, suggesting a clearly developed location. The two findings agree and are consistent with a functioning school; no ghost-school signal is present.",Village-Level
Real (Census),33140491,GGHS CHAK 117 JB,FAISALABAD,FAISALABAD SADDAR,High,Functional,No,,20.0,,,868.0,,8,8,Yes-Wholly,Yes-Wholly,Yes-Wholly,Satisfying,,Oct-2018 (Annual Census),https://opendata.com.pk/dataset/punjab-annual-school-census-report-2017-18 (PMIU/PESRP source),,2,Low - Needs Satellite Verification,Low,0.0,All monitored infrastructure indicators within normal range,False,,31.3711401,73.0706582,100.0,100.0,100.0,High_Density,"Village-area shows 100% built-up area detected — clearly in a developed location (shared coordinates with other schools in this village — reflects general area, not confirmed for this specific school)","The census-based data analysis shows all monitored infrastructure indicators within normal range, and satellite imagery shows 100% built-up in the surrounding village area, suggesting a clearly developed location. The two findings agree and are consistent with a functioning school; no ghost-school signal is present.",Village-Level
Real (Census),36420009,"GHS 93/10-R, KHANEWAL",KHANEWAL,KHANEWAL,High,Functional,No,,20.0,,,701.0,,10,10,Yes-Wholly,Yes-Wholly,Yes-Wholly,Partial Building is Dangerous,dangerous_classrooms (source field): 3,Oct-2018 (Annual Census),https://opendata.com.pk/dataset/punjab-annual-school-census-report-2017-18 (PMIU/PESRP source),,2,Low - Needs Satellite Verification,Low,0.0,All monitored infrastructure indicators within normal range,False,,30.3022528,71.9278916,100.0,100.0,100.0,High_Density,"Village-area shows 100% built-up area detected — clearly in a developed location (shared coordinates with other schools in this village — reflects general area, not confirmed for this specific school)","The census-based data analysis shows all monitored infrastructure indicators within normal range, and satellite imagery shows 100% built-up in the surrounding village area, suggesting a clearly developed location. The two findings agree and are consistent with a functioning school; no ghost-school signal is present.",Village-Level
Real (Census),34510262,GES KARYALA,HAFIZABAD,HAFIZABAD,Middle,Functional,No,,7.0,,,185.0,,3,3,Yes-Wholly,Yes-Wholly,Yes-Wholly,Satisfying,,Oct-2018 (Annual Census),https://opendata.com.pk/dataset/punjab-annual-school-census-report-2017-18 (PMIU/PESRP source),,2,Low - Needs Satellite Verification,Low,0.0,All monitored infrastructure indicators within normal range,False,,32.0747092,73.6917073,100.0,100.0,100.0,High_Density,"Village-area shows 100% built-up area detected — clearly in a developed location (shared coordinates with other schools in this village — reflects general area, not confirmed for this specific school)","The census-based data analysis shows all monitored infrastructure indicators within normal range, and satellite imagery shows 100% built-up in the surrounding village area, suggesting a clearly developed location. The two findings agree and are consistent with a functioning school; no ghost-school signal is present.",Village-Level
Real (Census),39110150,GGHSS 21/11-L,SAHIWAL,CHICHAWATANI,H.Sec.,Functional,No,,10.0,,,336.0,,9,9,Yes-Wholly,Yes-Wholly,Yes-Wholly,Partial Building is Dangerous,dangerous_classrooms (source field): 4,Oct-2018 (Annual Census),https://opendata.com.pk/dataset/punjab-annual-school-census-report-2017-18 (PMIU/PESRP source),,2,Low - Needs Satellite Verification,Low,0.0,All monitored infrastructure indicators within normal range,False,,30.530163,72.678457,100.0,100.0,100.0,High_Density,"Village-area shows 100% built-up area detected — clearly in a developed location (shared coordinates with other schools in this village — reflects general area, not confirmed for this specific school)","The census-based data analysis shows all monitored infrastructure indicators within normal range, and satellite imagery shows 100% built-up in the surrounding village area, suggesting a clearly developed location. The two findings agree and are consistent with a functioning school; no ghost-school signal is present.",Village-Level
