EMIS_Code,School_Name,District,Tehsil,Area_Used,OSM_Type,OSM_ID,OSM_Name,OSM_Latitude,OSM_Longitude,OSM_URL,Distance_km,Distance_Reference,Similarity_Score,Token_Jaccard,Token_Containment,String_Ratio,Confidence_Tier,Reviewer_Decision,Status
31260023,GHS HAKRA,BAHAWALPUR,BAHAWALPUR SADAR,"district bbox (Bahawalpur District, rel 16117646)",node,5271830522,Pakistan public high school,29.153246,71.261139,https://www.openstreetmap.org/node/5271830522,47.4,district sibling median (8 schools),0.462,0.0,0.0,0.462,Possible,,NEEDS MANUAL VERIFICATION - not accepted
31260023,GHS HAKRA,BAHAWALPUR,BAHAWALPUR SADAR,"district bbox (Bahawalpur District, rel 16117646)",node,1925507753,Army Public School,29.37079,71.680083,https://www.openstreetmap.org/node/1925507753,2.9,district sibling median (8 schools),0.444,0.0,0.0,0.444,Possible,,NEEDS MANUAL VERIFICATION - not accepted
31260023,GHS HAKRA,BAHAWALPUR,BAHAWALPUR SADAR,"district bbox (Bahawalpur District, rel 16117646)",way,1347105824,Army Public School,29.38225,71.669158,https://www.openstreetmap.org/way/1347105824,4.5,district sibling median (8 schools),0.444,0.0,0.0,0.444,Possible,,NEEDS MANUAL VERIFICATION - not accepted
31260023,GHS HAKRA,BAHAWALPUR,BAHAWALPUR SADAR,"district bbox (Bahawalpur District, rel 16117646)",node,4998086916,Al Rahman Public School,29.760256,71.065831,https://www.openstreetmap.org/node/4998086916,76.2,district sibling median (8 schools),0.429,0.0,0.0,0.429,Possible,,NEEDS MANUAL VERIFICATION - not accepted
31260023,GHS HAKRA,BAHAWALPUR,BAHAWALPUR SADAR,"district bbox (Bahawalpur District, rel 16117646)",node,5828648488,sirat public school,29.156907,71.245375,https://www.openstreetmap.org/node/5828648488,48.6,district sibling median (8 schools),0.4,0.0,0.0,0.4,Possible,,NEEDS MANUAL VERIFICATION - not accepted
31260023,GHS HAKRA,BAHAWALPUR,BAHAWALPUR SADAR,"district bbox (Bahawalpur District, rel 16117646)",node,6120778286,The Smart School,29.141057,71.247856,https://www.openstreetmap.org/node/6120778286,49.2,district sibling median (8 schools),0.4,0.0,0.0,0.4,Possible,,NEEDS MANUAL VERIFICATION - not accepted
31260023,GHS HAKRA,BAHAWALPUR,BAHAWALPUR SADAR,"district bbox (Bahawalpur District, rel 16117646)",way,301754061,(unnamed amenity=school POI),29.382837,70.90765,https://www.openstreetmap.org/way/301754061,76.4,district sibling median (8 schools),0.0,0.0,0.0,0.0,Unnamed_POI,,NEEDS MANUAL VERIFICATION - not accepted
31260023,GHS HAKRA,BAHAWALPUR,BAHAWALPUR SADAR,"district bbox (Bahawalpur District, rel 16117646)",node,5358860924,(unnamed amenity=school POI),29.692851,72.462923,https://www.openstreetmap.org/node/5358860924,83.6,district sibling median (8 schools),0.0,0.0,0.0,0.0,Unnamed_POI,,NEEDS MANUAL VERIFICATION - not accepted
31260240,GPS HAJI KHAMEESA,BAHAWALPUR,BAHAWALPUR SADAR,"district bbox (Bahawalpur District, rel 16117646)",node,5271830821,Al Sadiq public high school,29.153506,71.261111,https://www.openstreetmap.org/node/5271830821,47.4,district sibling median (8 schools),0.381,0.0,0.0,0.381,Weak,,NEEDS MANUAL VERIFICATION - not accepted
31260240,GPS HAJI KHAMEESA,BAHAWALPUR,BAHAWALPUR SADAR,"district bbox (Bahawalpur District, rel 16117646)",node,4923821630,Allied School Ahmad Campus,29.405794,71.666395,https://www.openstreetmap.org/node/4923821630,7.0,district sibling median (8 schools),0.375,0.0,0.0,0.375,Weak,,NEEDS MANUAL VERIFICATION - not accepted
31260240,GPS HAJI KHAMEESA,BAHAWALPUR,BAHAWALPUR SADAR,"district bbox (Bahawalpur District, rel 16117646)",node,6357932085,Dare Arqam,29.233051,71.06374,https://www.openstreetmap.org/node/6357932085,62.6,district sibling median (8 schools),0.348,0.0,0.0,0.348,Weak,,NEEDS MANUAL VERIFICATION - not accepted
31260240,GPS HAJI KHAMEESA,BAHAWALPUR,BAHAWALPUR SADAR,"district bbox (Bahawalpur District, rel 16117646)",node,1925508144,Tibia College,29.403267,71.674177,https://www.openstreetmap.org/node/1925508144,6.4,district sibling median (8 schools),0.308,0.0,0.0,0.308,Weak,,NEEDS MANUAL VERIFICATION - not accepted
31260240,GPS HAJI KHAMEESA,BAHAWALPUR,BAHAWALPUR SADAR,"district bbox (Bahawalpur District, rel 16117646)",node,5271830522,Pakistan public high school,29.153246,71.261139,https://www.openstreetmap.org/node/5271830522,47.4,district sibling median (8 schools),0.286,0.0,0.0,0.286,Weak,,NEEDS MANUAL VERIFICATION - not accepted
31260240,GPS HAJI KHAMEESA,BAHAWALPUR,BAHAWALPUR SADAR,"district bbox (Bahawalpur District, rel 16117646)",way,182208452,FG inter College,29.382588,71.670344,https://www.openstreetmap.org/way/182208452,4.5,district sibling median (8 schools),0.276,0.0,0.0,0.276,Weak,,NEEDS MANUAL VERIFICATION - not accepted
31260240,GPS HAJI KHAMEESA,BAHAWALPUR,BAHAWALPUR SADAR,"district bbox (Bahawalpur District, rel 16117646)",way,301754061,(unnamed amenity=school POI),29.382837,70.90765,https://www.openstreetmap.org/way/301754061,76.4,district sibling median (8 schools),0.0,0.0,0.0,0.0,Unnamed_POI,,NEEDS MANUAL VERIFICATION - not accepted
31260240,GPS HAJI KHAMEESA,BAHAWALPUR,BAHAWALPUR SADAR,"district bbox (Bahawalpur District, rel 16117646)",node,5358860924,(unnamed amenity=school POI),29.692851,72.462923,https://www.openstreetmap.org/node/5358860924,83.6,district sibling median (8 schools),0.0,0.0,0.0,0.0,Unnamed_POI,,NEEDS MANUAL VERIFICATION - not accepted
31320695,GGPS BASTI RAEES USMAN,RAHIMYAR KHAN,LIAQATPUR,"district bbox (Rahim Yar Khan District, rel 16117645)",way,1321653766,Tameer e Milat,28.298155,70.129898,https://www.openstreetmap.org/way/1321653766,84.8,tehsil sibling median (3 schools),0.387,0.0,0.0,0.387,Weak,,NEEDS MANUAL VERIFICATION - not accepted
31320695,GGPS BASTI RAEES USMAN,RAHIMYAR KHAN,LIAQATPUR,"district bbox (Rahim Yar Khan District, rel 16117645)",node,6357932085,Dare Arqam,29.233051,71.06374,https://www.openstreetmap.org/node/6357932085,57.7,tehsil sibling median (3 schools),0.37,0.0,0.0,0.37,Weak,,NEEDS MANUAL VERIFICATION - not accepted
31320695,GGPS BASTI RAEES USMAN,RAHIMYAR KHAN,LIAQATPUR,"district bbox (Rahim Yar Khan District, rel 16117645)",node,7244237289,GCT - TEVTA Rahim Yar Khan,28.424751,70.256403,https://www.openstreetmap.org/node/7244237289,66.5,tehsil sibling median (3 schools),0.341,0.0,0.0,0.341,Weak,,NEEDS MANUAL VERIFICATION - not accepted
31320695,GGPS BASTI RAEES USMAN,RAHIMYAR KHAN,LIAQATPUR,"district bbox (Rahim Yar Khan District, rel 16117645)",node,5502032222,Government Primary School Yaran Khan Chandiya,28.633285,70.209572,https://www.openstreetmap.org/node/5502032222,61.3,tehsil sibling median (3 schools),0.333,0.0,0.0,0.333,Weak,,NEEDS MANUAL VERIFICATION - not accepted
31320695,GGPS BASTI RAEES USMAN,RAHIMYAR KHAN,LIAQATPUR,"district bbox (Rahim Yar Khan District, rel 16117645)",way,760494993,BeaconHouse School Systems,28.379809,70.335721,https://www.openstreetmap.org/way/760494993,63.5,tehsil sibling median (3 schools),0.333,0.0,0.0,0.333,Weak,,NEEDS MANUAL VERIFICATION - not accepted
31320695,GGPS BASTI RAEES USMAN,RAHIMYAR KHAN,LIAQATPUR,"district bbox (Rahim Yar Khan District, rel 16117645)",way,770436888,Army Public School & College,28.409082,70.318077,https://www.openstreetmap.org/way/770436888,62.7,tehsil sibling median (3 schools),0.276,0.0,0.0,0.276,Weak,,NEEDS MANUAL VERIFICATION - not accepted
31320695,GGPS BASTI RAEES USMAN,RAHIMYAR KHAN,LIAQATPUR,"district bbox (Rahim Yar Khan District, rel 16117645)",way,1291259222,(unnamed amenity=school POI),28.771607,70.81356,https://www.openstreetmap.org/way/1291259222,1.5,tehsil sibling median (3 schools),0.0,0.0,0.0,0.0,Unnamed_POI,,NEEDS MANUAL VERIFICATION - not accepted
31320695,GGPS BASTI RAEES USMAN,RAHIMYAR KHAN,LIAQATPUR,"district bbox (Rahim Yar Khan District, rel 16117645)",way,1291250874,(unnamed amenity=school POI),28.875024,70.456399,https://www.openstreetmap.org/way/1291250874,37.8,tehsil sibling median (3 schools),0.0,0.0,0.0,0.0,Unnamed_POI,,NEEDS MANUAL VERIFICATION - not accepted
31320695,GGPS BASTI RAEES USMAN,RAHIMYAR KHAN,LIAQATPUR,"district bbox (Rahim Yar Khan District, rel 16117645)",way,327889680,(unnamed amenity=school POI),28.424511,70.317029,https://www.openstreetmap.org/way/327889680,61.7,tehsil sibling median (3 schools),0.0,0.0,0.0,0.0,Unnamed_POI,,NEEDS MANUAL VERIFICATION - not accepted
31321031,GGHS 158/7-R,RAHIMYAR KHAN,LIAQATPUR,"district bbox (Rahim Yar Khan District, rel 16117645)",node,4520352290,Chak 99/P,28.445519,70.383089,https://www.openstreetmap.org/node/4520352290,55.2,tehsil sibling median (3 schools),0.25,0.0,0.0,0.25,Weak,,NEEDS MANUAL VERIFICATION - not accepted
31321031,GGHS 158/7-R,RAHIMYAR KHAN,LIAQATPUR,"district bbox (Rahim Yar Khan District, rel 16117645)",node,6357932085,Dare Arqam,29.233051,71.06374,https://www.openstreetmap.org/node/6357932085,57.7,tehsil sibling median (3 schools),0.235,0.0,0.0,0.235,Weak,,NEEDS MANUAL VERIFICATION - not accepted
31321031,GGHS 158/7-R,RAHIMYAR KHAN,LIAQATPUR,"district bbox (Rahim Yar Khan District, rel 16117645)",node,7244237289,GCT - TEVTA Rahim Yar Khan,28.424751,70.256403,https://www.openstreetmap.org/node/7244237289,66.5,tehsil sibling median (3 schools),0.194,0.0,0.0,0.194,Weak,,NEEDS MANUAL VERIFICATION - not accepted
31321031,GGHS 158/7-R,RAHIMYAR KHAN,LIAQATPUR,"district bbox (Rahim Yar Khan District, rel 16117645)",way,1321653766,Tameer e Milat,28.298155,70.129898,https://www.openstreetmap.org/way/1321653766,84.8,tehsil sibling median (3 schools),0.19,0.0,0.0,0.19,Weak,,NEEDS MANUAL VERIFICATION - not accepted
31321031,GGHS 158/7-R,RAHIMYAR KHAN,LIAQATPUR,"district bbox (Rahim Yar Khan District, rel 16117645)",way,840895942,Govt Boys Lower Secondary School Malook Wali,28.134679,69.536804,https://www.openstreetmap.org/way/840895942,143.5,tehsil sibling median (3 schools),0.167,0.0,0.0,0.167,Weak,,NEEDS MANUAL VERIFICATION - not accepted
31321031,GGHS 158/7-R,RAHIMYAR KHAN,LIAQATPUR,"district bbox (Rahim Yar Khan District, rel 16117645)",node,5502032222,Government Primary School Yaran Khan Chandiya,28.633285,70.209572,https://www.openstreetmap.org/node/5502032222,61.3,tehsil sibling median (3 schools),0.154,0.0,0.0,0.154,Weak,,NEEDS MANUAL VERIFICATION - not accepted
31321031,GGHS 158/7-R,RAHIMYAR KHAN,LIAQATPUR,"district bbox (Rahim Yar Khan District, rel 16117645)",way,1291259222,(unnamed amenity=school POI),28.771607,70.81356,https://www.openstreetmap.org/way/1291259222,1.5,tehsil sibling median (3 schools),0.0,0.0,0.0,0.0,Unnamed_POI,,NEEDS MANUAL VERIFICATION - not accepted
31321031,GGHS 158/7-R,RAHIMYAR KHAN,LIAQATPUR,"district bbox (Rahim Yar Khan District, rel 16117645)",way,1291250874,(unnamed amenity=school POI),28.875024,70.456399,https://www.openstreetmap.org/way/1291250874,37.8,tehsil sibling median (3 schools),0.0,0.0,0.0,0.0,Unnamed_POI,,NEEDS MANUAL VERIFICATION - not accepted
31321031,GGHS 158/7-R,RAHIMYAR KHAN,LIAQATPUR,"district bbox (Rahim Yar Khan District, rel 16117645)",way,327889680,(unnamed amenity=school POI),28.424511,70.317029,https://www.openstreetmap.org/way/327889680,61.7,tehsil sibling median (3 schools),0.0,0.0,0.0,0.0,Unnamed_POI,,NEEDS MANUAL VERIFICATION - not accepted
31321032,GGHS Chak No 225/1-L,RAHIMYAR KHAN,LIAQATPUR,"district bbox (Rahim Yar Khan District, rel 16117645)",node,9698857929,Chak No 216P,28.071285,69.962438,https://www.openstreetmap.org/node/9698857929,113.6,tehsil sibling median (3 schools),0.667,0.2,0.5,0.667,Possible,,NEEDS MANUAL VERIFICATION - not accepted
31321032,GGHS Chak No 225/1-L,RAHIMYAR KHAN,LIAQATPUR,"district bbox (Rahim Yar Khan District, rel 16117645)",node,4520352290,Chak 99/P,28.445519,70.383089,https://www.openstreetmap.org/node/4520352290,55.2,tehsil sibling median (3 schools),0.571,0.167,0.333,0.571,Possible,,NEEDS MANUAL VERIFICATION - not accepted
31321032,GGHS Chak No 225/1-L,RAHIMYAR KHAN,LIAQATPUR,"district bbox (Rahim Yar Khan District, rel 16117645)",way,1321653766,Tameer e Milat,28.298155,70.129898,https://www.openstreetmap.org/way/1321653766,84.8,tehsil sibling median (3 schools),0.308,0.0,0.0,0.308,Weak,,NEEDS MANUAL VERIFICATION - not accepted
31321032,GGHS Chak No 225/1-L,RAHIMYAR KHAN,LIAQATPUR,"district bbox (Rahim Yar Khan District, rel 16117645)",way,840895942,Govt Boys Lower Secondary School Malook Wali,28.134679,69.536804,https://www.openstreetmap.org/way/840895942,143.5,tehsil sibling median (3 schools),0.276,0.0,0.0,0.276,Weak,,NEEDS MANUAL VERIFICATION - not accepted
31321032,GGHS Chak No 225/1-L,RAHIMYAR KHAN,LIAQATPUR,"district bbox (Rahim Yar Khan District, rel 16117645)",node,5502039522,Hassan Abad,28.600631,70.207218,https://www.openstreetmap.org/node/5502039522,62.4,tehsil sibling median (3 schools),0.261,0.0,0.0,0.261,Weak,,NEEDS MANUAL VERIFICATION - not accepted
31321032,GGHS Chak No 225/1-L,RAHIMYAR KHAN,LIAQATPUR,"district bbox (Rahim Yar Khan District, rel 16117645)",way,760494993,BeaconHouse School Systems,28.379809,70.335721,https://www.openstreetmap.org/way/760494993,63.5,tehsil sibling median (3 schools),0.194,0.0,0.0,0.194,Weak,,NEEDS MANUAL VERIFICATION - not accepted
31321032,GGHS Chak No 225/1-L,RAHIMYAR KHAN,LIAQATPUR,"district bbox (Rahim Yar Khan District, rel 16117645)",way,1291259222,(unnamed amenity=school POI),28.771607,70.81356,https://www.openstreetmap.org/way/1291259222,1.5,tehsil sibling median (3 schools),0.0,0.0,0.0,0.0,Unnamed_POI,,NEEDS MANUAL VERIFICATION - not accepted
31321032,GGHS Chak No 225/1-L,RAHIMYAR KHAN,LIAQATPUR,"district bbox (Rahim Yar Khan District, rel 16117645)",way,1291250874,(unnamed amenity=school POI),28.875024,70.456399,https://www.openstreetmap.org/way/1291250874,37.8,tehsil sibling median (3 schools),0.0,0.0,0.0,0.0,Unnamed_POI,,NEEDS MANUAL VERIFICATION - not accepted
31321032,GGHS Chak No 225/1-L,RAHIMYAR KHAN,LIAQATPUR,"district bbox (Rahim Yar Khan District, rel 16117645)",way,327889680,(unnamed amenity=school POI),28.424511,70.317029,https://www.openstreetmap.org/way/327889680,61.7,tehsil sibling median (3 schools),0.0,0.0,0.0,0.0,Unnamed_POI,,NEEDS MANUAL VERIFICATION - not accepted
31321033,GGHS Chak No 179/7-R,RAHIMYAR KHAN,LIAQATPUR,"district bbox (Rahim Yar Khan District, rel 16117645)",node,4520352290,Chak 99/P,28.445519,70.383089,https://www.openstreetmap.org/node/4520352290,55.2,tehsil sibling median (3 schools),0.667,0.167,0.333,0.667,Possible,,NEEDS MANUAL VERIFICATION - not accepted
31321033,GGHS Chak No 179/7-R,RAHIMYAR KHAN,LIAQATPUR,"district bbox (Rahim Yar Khan District, rel 16117645)",node,9698857929,Chak No 216P,28.071285,69.962438,https://www.openstreetmap.org/node/9698857929,113.6,tehsil sibling median (3 schools),0.571,0.2,0.5,0.571,Possible,,NEEDS MANUAL VERIFICATION - not accepted
31321033,GGHS Chak No 179/7-R,RAHIMYAR KHAN,LIAQATPUR,"district bbox (Rahim Yar Khan District, rel 16117645)",node,6357932085,Dare Arqam,29.233051,71.06374,https://www.openstreetmap.org/node/6357932085,57.7,tehsil sibling median (3 schools),0.273,0.0,0.0,0.273,Weak,,NEEDS MANUAL VERIFICATION - not accepted
31321033,GGHS Chak No 179/7-R,RAHIMYAR KHAN,LIAQATPUR,"district bbox (Rahim Yar Khan District, rel 16117645)",node,5502039522,Hassan Abad,28.600631,70.207218,https://www.openstreetmap.org/node/5502039522,62.4,tehsil sibling median (3 schools),0.261,0.0,0.0,0.261,Weak,,NEEDS MANUAL VERIFICATION - not accepted
31321033,GGHS Chak No 179/7-R,RAHIMYAR KHAN,LIAQATPUR,"district bbox (Rahim Yar Khan District, rel 16117645)",way,1321653766,Tameer e Milat,28.298155,70.129898,https://www.openstreetmap.org/way/1321653766,84.8,tehsil sibling median (3 schools),0.231,0.0,0.0,0.231,Weak,,NEEDS MANUAL VERIFICATION - not accepted
31321033,GGHS Chak No 179/7-R,RAHIMYAR KHAN,LIAQATPUR,"district bbox (Rahim Yar Khan District, rel 16117645)",way,1220519764,The Doctors' Public School,28.442484,70.349976,https://www.openstreetmap.org/way/1220519764,58.0,tehsil sibling median (3 schools),0.211,0.0,0.0,0.211,Weak,,NEEDS MANUAL VERIFICATION - not accepted
31321033,GGHS Chak No 179/7-R,RAHIMYAR KHAN,LIAQATPUR,"district bbox (Rahim Yar Khan District, rel 16117645)",way,1291259222,(unnamed amenity=school POI),28.771607,70.81356,https://www.openstreetmap.org/way/1291259222,1.5,tehsil sibling median (3 schools),0.0,0.0,0.0,0.0,Unnamed_POI,,NEEDS MANUAL VERIFICATION - not accepted
31321033,GGHS Chak No 179/7-R,RAHIMYAR KHAN,LIAQATPUR,"district bbox (Rahim Yar Khan District, rel 16117645)",way,1291250874,(unnamed amenity=school POI),28.875024,70.456399,https://www.openstreetmap.org/way/1291250874,37.8,tehsil sibling median (3 schools),0.0,0.0,0.0,0.0,Unnamed_POI,,NEEDS MANUAL VERIFICATION - not accepted
31321033,GGHS Chak No 179/7-R,RAHIMYAR KHAN,LIAQATPUR,"district bbox (Rahim Yar Khan District, rel 16117645)",way,327889680,(unnamed amenity=school POI),28.424511,70.317029,https://www.openstreetmap.org/way/327889680,61.7,tehsil sibling median (3 schools),0.0,0.0,0.0,0.0,Unnamed_POI,,NEEDS MANUAL VERIFICATION - not accepted
31340354,GPS MALIK KHAIR MUHAMMAD,RAHIMYAR KHAN,SADIQABAD,"district bbox (Rahim Yar Khan District, rel 16117645)",node,5502032222,Government Primary School Yaran Khan Chandiya,28.633285,70.209572,https://www.openstreetmap.org/node/5502032222,32.2,district sibling median (6 schools),0.462,0.0,0.0,0.462,Possible,,NEEDS MANUAL VERIFICATION - not accepted
31340354,GPS MALIK KHAIR MUHAMMAD,RAHIMYAR KHAN,SADIQABAD,"district bbox (Rahim Yar Khan District, rel 16117645)",node,6357932085,Dare Arqam,29.233051,71.06374,https://www.openstreetmap.org/node/6357932085,92.0,district sibling median (6 schools),0.4,0.0,0.0,0.4,Possible,,NEEDS MANUAL VERIFICATION - not accepted
31340354,GPS MALIK KHAIR MUHAMMAD,RAHIMYAR KHAN,SADIQABAD,"district bbox (Rahim Yar Khan District, rel 16117645)",node,5502039522,Hassan Abad,28.600631,70.207218,https://www.openstreetmap.org/node/5502039522,31.6,district sibling median (6 schools),0.387,0.0,0.0,0.387,Weak,,NEEDS MANUAL VERIFICATION - not accepted
31340354,GPS MALIK KHAIR MUHAMMAD,RAHIMYAR KHAN,SADIQABAD,"district bbox (Rahim Yar Khan District, rel 16117645)",way,840895942,Govt Boys Lower Secondary School Malook Wali,28.134679,69.536804,https://www.openstreetmap.org/way/840895942,107.4,district sibling median (6 schools),0.378,0.0,0.0,0.378,Weak,,NEEDS MANUAL VERIFICATION - not accepted
31340354,GPS MALIK KHAIR MUHAMMAD,RAHIMYAR KHAN,SADIQABAD,"district bbox (Rahim Yar Khan District, rel 16117645)",way,1321653766,Tameer e Milat,28.298155,70.129898,https://www.openstreetmap.org/way/1321653766,48.0,district sibling median (6 schools),0.294,0.0,0.0,0.294,Weak,,NEEDS MANUAL VERIFICATION - not accepted
31340354,GPS MALIK KHAIR MUHAMMAD,RAHIMYAR KHAN,SADIQABAD,"district bbox (Rahim Yar Khan District, rel 16117645)",node,4520352290,Chak 99/P,28.445519,70.383089,https://www.openstreetmap.org/node/4520352290,18.4,district sibling median (6 schools),0.276,0.0,0.0,0.276,Weak,,NEEDS MANUAL VERIFICATION - not accepted
31340354,GPS MALIK KHAIR MUHAMMAD,RAHIMYAR KHAN,SADIQABAD,"district bbox (Rahim Yar Khan District, rel 16117645)",way,327889680,(unnamed amenity=school POI),28.424511,70.317029,https://www.openstreetmap.org/way/327889680,24.9,district sibling median (6 schools),0.0,0.0,0.0,0.0,Unnamed_POI,,NEEDS MANUAL VERIFICATION - not accepted
31340354,GPS MALIK KHAIR MUHAMMAD,RAHIMYAR KHAN,SADIQABAD,"district bbox (Rahim Yar Khan District, rel 16117645)",way,1291250874,(unnamed amenity=school POI),28.875024,70.456399,https://www.openstreetmap.org/way/1291250874,36.5,district sibling median (6 schools),0.0,0.0,0.0,0.0,Unnamed_POI,,NEEDS MANUAL VERIFICATION - not accepted
31340354,GPS MALIK KHAIR MUHAMMAD,RAHIMYAR KHAN,SADIQABAD,"district bbox (Rahim Yar Khan District, rel 16117645)",way,1291259222,(unnamed amenity=school POI),28.771607,70.81356,https://www.openstreetmap.org/way/1291259222,37.1,district sibling median (6 schools),0.0,0.0,0.0,0.0,Unnamed_POI,,NEEDS MANUAL VERIFICATION - not accepted
32110043,GHS ROONGHAN,D.G. KHAN,D.G.KHAN,"division bbox (Dera Ghazi Khan Division, rel 16338539)",node,1921954007,Moona Grammar School,30.175495,71.491084,https://www.openstreetmap.org/node/1921954007,95.5,district sibling median (1 schools),0.476,0.0,0.0,0.476,Possible,,NEEDS MANUAL VERIFICATION - not accepted
32110043,GHS ROONGHAN,D.G. KHAN,D.G.KHAN,"division bbox (Dera Ghazi Khan Division, rel 16338539)",node,4998086916,Al Rahman Public School,29.760256,71.065831,https://www.openstreetmap.org/node/4998086916,98.9,district sibling median (1 schools),0.471,0.0,0.0,0.471,Possible,,NEEDS MANUAL VERIFICATION - not accepted
32110043,GHS ROONGHAN,D.G. KHAN,D.G.KHAN,"division bbox (Dera Ghazi Khan Division, rel 16338539)",way,902844407,Kirri Afghanan High School,30.196061,71.46364,https://www.openstreetmap.org/way/902844407,92.2,district sibling median (1 schools),0.455,0.0,0.0,0.455,Possible,,NEEDS MANUAL VERIFICATION - not accepted
32110043,GHS ROONGHAN,D.G. KHAN,D.G.KHAN,"division bbox (Dera Ghazi Khan Division, rel 16338539)",way,900553092,Government Vocational School,30.198226,71.479824,https://www.openstreetmap.org/way/900553092,93.5,district sibling median (1 schools),0.444,0.0,0.0,0.444,Possible,,NEEDS MANUAL VERIFICATION - not accepted
32110043,GHS ROONGHAN,D.G. KHAN,D.G.KHAN,"division bbox (Dera Ghazi Khan Division, rel 16338539)",node,1921953014,Garison Grammer School,30.17056,71.478467,https://www.openstreetmap.org/node/1921953014,94.7,district sibling median (1 schools),0.435,0.0,0.0,0.435,Possible,,NEEDS MANUAL VERIFICATION - not accepted
32110043,GHS ROONGHAN,D.G. KHAN,D.G.KHAN,"division bbox (Dera Ghazi Khan Division, rel 16338539)",way,182024880,nishat school,30.211737,71.46938,https://www.openstreetmap.org/way/182024880,91.9,district sibling median (1 schools),0.429,0.0,0.0,0.429,Possible,,NEEDS MANUAL VERIFICATION - not accepted
32110043,GHS ROONGHAN,D.G. KHAN,D.G.KHAN,"division bbox (Dera Ghazi Khan Division, rel 16338539)",way,387626115,(unnamed amenity=school POI),30.058381,70.624699,https://www.openstreetmap.org/way/387626115,54.8,district sibling median (1 schools),0.0,0.0,0.0,0.0,Unnamed_POI,,NEEDS MANUAL VERIFICATION - not accepted
32110043,GHS ROONGHAN,D.G. KHAN,D.G.KHAN,"division bbox (Dera Ghazi Khan Division, rel 16338539)",way,1433082477,(unnamed amenity=school POI),29.805058,70.621852,https://www.openstreetmap.org/way/1433082477,83.0,district sibling median (1 schools),0.0,0.0,0.0,0.0,Unnamed_POI,,NEEDS MANUAL VERIFICATION - not accepted
32110043,GHS ROONGHAN,D.G. KHAN,D.G.KHAN,"division bbox (Dera Ghazi Khan Division, rel 16338539)",way,182024874,(unnamed amenity=school POI),30.213207,71.472373,https://www.openstreetmap.org/way/182024874,92.1,district sibling median (1 schools),0.0,0.0,0.0,0.0,Unnamed_POI,,NEEDS MANUAL VERIFICATION - not accepted
32110506,GPS BAGH ALI MOLE,D.G. KHAN,D.G.KHAN,"division bbox (Dera Ghazi Khan Division, rel 16338539)",way,902844411,Govt. Girls High School Bagh Bagi,30.186266,71.464253,https://www.openstreetmap.org/way/902844411,92.7,district sibling median (1 schools),0.636,0.25,0.5,0.636,Possible,,NEEDS MANUAL VERIFICATION - not accepted
32110506,GPS BAGH ALI MOLE,D.G. KHAN,D.G.KHAN,"division bbox (Dera Ghazi Khan Division, rel 16338539)",node,1921954047,National College,30.21414,71.472352,https://www.openstreetmap.org/node/1921954047,92.1,district sibling median (1 schools),0.483,0.0,0.0,0.483,Possible,,NEEDS MANUAL VERIFICATION - not accepted
32110506,GPS BAGH ALI MOLE,D.G. KHAN,D.G.KHAN,"division bbox (Dera Ghazi Khan Division, rel 16338539)",way,182208452,FG inter College,29.382588,71.670344,https://www.openstreetmap.org/way/182208452,166.1,district sibling median (1 schools),0.483,0.0,0.0,0.483,Possible,,NEEDS MANUAL VERIFICATION - not accepted
32110506,GPS BAGH ALI MOLE,D.G. KHAN,D.G.KHAN,"division bbox (Dera Ghazi Khan Division, rel 16338539)",node,1925507849,FG inter College,29.38272,71.670642,https://www.openstreetmap.org/node/1925507849,166.1,district sibling median (1 schools),0.483,0.0,0.0,0.483,Possible,,NEEDS MANUAL VERIFICATION - not accepted
32110506,GPS BAGH ALI MOLE,D.G. KHAN,D.G.KHAN,"division bbox (Dera Ghazi Khan Division, rel 16338539)",node,1921952514,Bright Career School,30.17307,71.484325,https://www.openstreetmap.org/node/1921952514,95.1,district sibling median (1 schools),0.462,0.0,0.0,0.462,Possible,,NEEDS MANUAL VERIFICATION - not accepted
32110506,GPS BAGH ALI MOLE,D.G. KHAN,D.G.KHAN,"division bbox (Dera Ghazi Khan Division, rel 16338539)",node,1925508144,Tibia College,29.403267,71.674177,https://www.openstreetmap.org/node/1925508144,164.6,district sibling median (1 schools),0.462,0.0,0.0,0.462,Possible,,NEEDS MANUAL VERIFICATION - not accepted
32110506,GPS BAGH ALI MOLE,D.G. KHAN,D.G.KHAN,"division bbox (Dera Ghazi Khan Division, rel 16338539)",way,387626115,(unnamed amenity=school POI),30.058381,70.624699,https://www.openstreetmap.org/way/387626115,54.8,district sibling median (1 schools),0.0,0.0,0.0,0.0,Unnamed_POI,,NEEDS MANUAL VERIFICATION - not accepted
32110506,GPS BAGH ALI MOLE,D.G. KHAN,D.G.KHAN,"division bbox (Dera Ghazi Khan Division, rel 16338539)",way,1433082477,(unnamed amenity=school POI),29.805058,70.621852,https://www.openstreetmap.org/way/1433082477,83.0,district sibling median (1 schools),0.0,0.0,0.0,0.0,Unnamed_POI,,NEEDS MANUAL VERIFICATION - not accepted
32110506,GPS BAGH ALI MOLE,D.G. KHAN,D.G.KHAN,"division bbox (Dera Ghazi Khan Division, rel 16338539)",way,182024874,(unnamed amenity=school POI),30.213207,71.472373,https://www.openstreetmap.org/way/182024874,92.1,district sibling median (1 schools),0.0,0.0,0.0,0.0,Unnamed_POI,,NEEDS MANUAL VERIFICATION - not accepted
32110565,GGPS SUMRA GABOOL,D.G. KHAN,D.G.KHAN,"division bbox (Dera Ghazi Khan Division, rel 16338539)",node,1921954033,Muslim Public Girls Highschool,30.17571,71.485999,https://www.openstreetmap.org/node/1921954033,95.1,district sibling median (1 schools),0.483,0.0,0.0,0.483,Possible,,NEEDS MANUAL VERIFICATION - not accepted
32110565,GGPS SUMRA GABOOL,D.G. KHAN,D.G.KHAN,"division bbox (Dera Ghazi Khan Division, rel 16338539)",node,4382918282,Govt Boys High School Guranwala,30.103392,70.627083,https://www.openstreetmap.org/node/4382918282,49.9,district sibling median (1 schools),0.476,0.0,0.0,0.476,Possible,,NEEDS MANUAL VERIFICATION - not accepted
32110565,GGPS SUMRA GABOOL,D.G. KHAN,D.G.KHAN,"division bbox (Dera Ghazi Khan Division, rel 16338539)",node,1921953665,Jamia Bab ul Aloom,30.19397,71.45746,https://www.openstreetmap.org/node/1921953665,91.7,district sibling median (1 schools),0.467,0.0,0.0,0.467,Possible,,NEEDS MANUAL VERIFICATION - not accepted
32110565,GGPS SUMRA GABOOL,D.G. KHAN,D.G.KHAN,"division bbox (Dera Ghazi Khan Division, rel 16338539)",node,6352481390,HIGH AIMS MIDDLE SCHOOL MANI SIAL,30.283723,71.792574,https://www.openstreetmap.org/node/6352481390,118.6,district sibling median (1 schools),0.462,0.0,0.0,0.462,Possible,,NEEDS MANUAL VERIFICATION - not accepted
32110565,GGPS SUMRA GABOOL,D.G. KHAN,D.G.KHAN,"division bbox (Dera Ghazi Khan Division, rel 16338539)",node,13275105514,GPS Madil Wala,30.461573,71.031784,https://www.openstreetmap.org/node/13275105514,43.0,district sibling median (1 schools),0.455,0.0,0.0,0.455,Possible,,NEEDS MANUAL VERIFICATION - not accepted
32110565,GGPS SUMRA GABOOL,D.G. KHAN,D.G.KHAN,"division bbox (Dera Ghazi Khan Division, rel 16338539)",node,5502039522,Hassan Abad,28.600631,70.207218,https://www.openstreetmap.org/node/5502039522,220.1,district sibling median (1 schools),0.435,0.0,0.0,0.435,Possible,,NEEDS MANUAL VERIFICATION - not accepted
32110565,GGPS SUMRA GABOOL,D.G. KHAN,D.G.KHAN,"division bbox (Dera Ghazi Khan Division, rel 16338539)",way,387626115,(unnamed amenity=school POI),30.058381,70.624699,https://www.openstreetmap.org/way/387626115,54.8,district sibling median (1 schools),0.0,0.0,0.0,0.0,Unnamed_POI,,NEEDS MANUAL VERIFICATION - not accepted
32110565,GGPS SUMRA GABOOL,D.G. KHAN,D.G.KHAN,"division bbox (Dera Ghazi Khan Division, rel 16338539)",way,1433082477,(unnamed amenity=school POI),29.805058,70.621852,https://www.openstreetmap.org/way/1433082477,83.0,district sibling median (1 schools),0.0,0.0,0.0,0.0,Unnamed_POI,,NEEDS MANUAL VERIFICATION - not accepted
32110565,GGPS SUMRA GABOOL,D.G. KHAN,D.G.KHAN,"division bbox (Dera Ghazi Khan Division, rel 16338539)",way,182024874,(unnamed amenity=school POI),30.213207,71.472373,https://www.openstreetmap.org/way/182024874,92.1,district sibling median (1 schools),0.0,0.0,0.0,0.0,Unnamed_POI,,NEEDS MANUAL VERIFICATION - not accepted
32110836,GGCMS FEROZ WALA,D.G. KHAN,D.G.KHAN,"division bbox (Dera Ghazi Khan Division, rel 16338539)",node,4595777490,Govt. Primary school Qaim Fareed Wala,30.713484,70.955074,https://www.openstreetmap.org/node/4595777490,38.9,district sibling median (1 schools),0.562,0.2,0.333,0.562,Possible,,NEEDS MANUAL VERIFICATION - not accepted
32110836,GGCMS FEROZ WALA,D.G. KHAN,D.G.KHAN,"division bbox (Dera Ghazi Khan Division, rel 16338539)",node,13275105514,GPS Madil Wala,30.461573,71.031784,https://www.openstreetmap.org/node/13275105514,43.0,district sibling median (1 schools),0.5,0.25,0.5,0.462,Possible,,NEEDS MANUAL VERIFICATION - not accepted
32110836,GGCMS FEROZ WALA,D.G. KHAN,D.G.KHAN,"division bbox (Dera Ghazi Khan Division, rel 16338539)",node,5535886325,Lohar wala,29.958369,70.599833,https://www.openstreetmap.org/node/5535886325,65.9,district sibling median (1 schools),0.5,0.25,0.5,0.462,Possible,,NEEDS MANUAL VERIFICATION - not accepted
32110836,GGCMS FEROZ WALA,D.G. KHAN,D.G.KHAN,"division bbox (Dera Ghazi Khan Division, rel 16338539)",node,6043058786,GPS Ratryan wala,30.838796,71.608649,https://www.openstreetmap.org/node/6043058786,102.0,district sibling median (1 schools),0.5,0.25,0.5,0.429,Possible,,NEEDS MANUAL VERIFICATION - not accepted
32110836,GGCMS FEROZ WALA,D.G. KHAN,D.G.KHAN,"division bbox (Dera Ghazi Khan Division, rel 16338539)",node,4382918282,Govt Boys High School Guranwala,30.103392,70.627083,https://www.openstreetmap.org/node/4382918282,49.9,district sibling median (1 schools),0.48,0.0,0.0,0.48,Possible,,NEEDS MANUAL VERIFICATION - not accepted
32110836,GGCMS FEROZ WALA,D.G. KHAN,D.G.KHAN,"division bbox (Dera Ghazi Khan Division, rel 16338539)",node,5160870325,Shenhwala,31.219407,70.856913,https://www.openstreetmap.org/node/5160870325,78.4,district sibling median (1 schools),0.48,0.0,0.0,0.48,Possible,,NEEDS MANUAL VERIFICATION - not accepted
32110836,GGCMS FEROZ WALA,D.G. KHAN,D.G.KHAN,"division bbox (Dera Ghazi Khan Division, rel 16338539)",way,387626115,(unnamed amenity=school POI),30.058381,70.624699,https://www.openstreetmap.org/way/387626115,54.8,district sibling median (1 schools),0.0,0.0,0.0,0.0,Unnamed_POI,,NEEDS MANUAL VERIFICATION - not accepted
32110836,GGCMS FEROZ WALA,D.G. KHAN,D.G.KHAN,"division bbox (Dera Ghazi Khan Division, rel 16338539)",way,1433082477,(unnamed amenity=school POI),29.805058,70.621852,https://www.openstreetmap.org/way/1433082477,83.0,district sibling median (1 schools),0.0,0.0,0.0,0.0,Unnamed_POI,,NEEDS MANUAL VERIFICATION - not accepted
32110836,GGCMS FEROZ WALA,D.G. KHAN,D.G.KHAN,"division bbox (Dera Ghazi Khan Division, rel 16338539)",way,182024874,(unnamed amenity=school POI),30.213207,71.472373,https://www.openstreetmap.org/way/182024874,92.1,district sibling median (1 schools),0.0,0.0,0.0,0.0,Unnamed_POI,,NEEDS MANUAL VERIFICATION - not accepted
32120005,GHS BHANBHAN,D.G. KHAN,TAUNSA,"division bbox (Dera Ghazi Khan Division, rel 16338539)",way,531141298,Government High School Jahanian,30.036757,71.819309,https://www.openstreetmap.org/way/531141298,130.7,tehsil sibling median (1 schools),0.625,0.0,0.0,0.625,Possible,,NEEDS MANUAL VERIFICATION - not accepted
32120005,GHS BHANBHAN,D.G. KHAN,TAUNSA,"division bbox (Dera Ghazi Khan Division, rel 16338539)",node,1921954263,Shahwar Model High School,30.183027,71.445723,https://www.openstreetmap.org/node/1921954263,91.2,tehsil sibling median (1 schools),0.533,0.0,0.0,0.533,Possible,,NEEDS MANUAL VERIFICATION - not accepted
32120005,GHS BHANBHAN,D.G. KHAN,TAUNSA,"division bbox (Dera Ghazi Khan Division, rel 16338539)",way,902844407,Kirri Afghanan High School,30.196061,71.46364,https://www.openstreetmap.org/way/902844407,92.2,tehsil sibling median (1 schools),0.455,0.0,0.0,0.455,Possible,,NEEDS MANUAL VERIFICATION - not accepted
32120005,GHS BHANBHAN,D.G. KHAN,TAUNSA,"division bbox (Dera Ghazi Khan Division, rel 16338539)",node,5502032222,Government Primary School Yaran Khan Chandiya,28.633285,70.209572,https://www.openstreetmap.org/node/5502032222,216.5,tehsil sibling median (1 schools),0.444,0.0,0.0,0.444,Possible,,NEEDS MANUAL VERIFICATION - not accepted
32120005,GHS BHANBHAN,D.G. KHAN,TAUNSA,"division bbox (Dera Ghazi Khan Division, rel 16338539)",node,4762390626,Nandla Elementary School,30.246997,71.453807,https://www.openstreetmap.org/node/4762390626,89.0,tehsil sibling median (1 schools),0.429,0.0,0.0,0.429,Possible,,NEEDS MANUAL VERIFICATION - not accepted
32120005,GHS BHANBHAN,D.G. KHAN,TAUNSA,"division bbox (Dera Ghazi Khan Division, rel 16338539)",node,1921954625,Zeshan School,30.211329,71.483617,https://www.openstreetmap.org/node/1921954625,93.2,tehsil sibling median (1 schools),0.429,0.0,0.0,0.429,Possible,,NEEDS MANUAL VERIFICATION - not accepted
32120005,GHS BHANBHAN,D.G. KHAN,TAUNSA,"division bbox (Dera Ghazi Khan Division, rel 16338539)",way,387626115,(unnamed amenity=school POI),30.058381,70.624699,https://www.openstreetmap.org/way/387626115,54.8,tehsil sibling median (1 schools),0.0,0.0,0.0,0.0,Unnamed_POI,,NEEDS MANUAL VERIFICATION - not accepted
32120005,GHS BHANBHAN,D.G. KHAN,TAUNSA,"division bbox (Dera Ghazi Khan Division, rel 16338539)",way,1433082477,(unnamed amenity=school POI),29.805058,70.621852,https://www.openstreetmap.org/way/1433082477,83.0,tehsil sibling median (1 schools),0.0,0.0,0.0,0.0,Unnamed_POI,,NEEDS MANUAL VERIFICATION - not accepted
32120005,GHS BHANBHAN,D.G. KHAN,TAUNSA,"division bbox (Dera Ghazi Khan Division, rel 16338539)",way,182024874,(unnamed amenity=school POI),30.213207,71.472373,https://www.openstreetmap.org/way/182024874,92.1,tehsil sibling median (1 schools),0.0,0.0,0.0,0.0,Unnamed_POI,,NEEDS MANUAL VERIFICATION - not accepted
32120673,GGPS LAKHIBHIR,D.G. KHAN,TAUNSA,"division bbox (Dera Ghazi Khan Division, rel 16338539)",node,1927270807,Hifher Secondary School,30.028081,70.642133,https://www.openstreetmap.org/node/1927270807,58.3,tehsil sibling median (1 schools),0.533,0.0,0.0,0.533,Possible,,NEEDS MANUAL VERIFICATION - not accepted
32120673,GGPS LAKHIBHIR,D.G. KHAN,TAUNSA,"division bbox (Dera Ghazi Khan Division, rel 16338539)",node,1921952399,Aam Khas Bagh School,30.196459,71.480806,https://www.openstreetmap.org/node/1921952399,93.6,tehsil sibling median (1 schools),0.455,0.0,0.0,0.455,Possible,,NEEDS MANUAL VERIFICATION - not accepted
32120673,GGPS LAKHIBHIR,D.G. KHAN,TAUNSA,"division bbox (Dera Ghazi Khan Division, rel 16338539)",node,1921954593,Zainab Public School,30.207145,71.452675,https://www.openstreetmap.org/node/1921954593,90.7,tehsil sibling median (1 schools),0.4,0.0,0.0,0.4,Possible,,NEEDS MANUAL VERIFICATION - not accepted
32120673,GGPS LAKHIBHIR,D.G. KHAN,TAUNSA,"division bbox (Dera Ghazi Khan Division, rel 16338539)",node,965808597,AliGarh School,30.220725,71.473697,https://www.openstreetmap.org/node/965808597,91.9,tehsil sibling median (1 schools),0.375,0.0,0.0,0.375,Weak,,NEEDS MANUAL VERIFICATION - not accepted
32120673,GGPS LAKHIBHIR,D.G. KHAN,TAUNSA,"division bbox (Dera Ghazi Khan Division, rel 16338539)",node,1921952424,AliGarh School,30.220728,71.473703,https://www.openstreetmap.org/node/1921952424,91.9,tehsil sibling median (1 schools),0.375,0.0,0.0,0.375,Weak,,NEEDS MANUAL VERIFICATION - not accepted
32120673,GGPS LAKHIBHIR,D.G. KHAN,TAUNSA,"division bbox (Dera Ghazi Khan Division, rel 16338539)",way,900155113,Islamia High School,30.197377,71.477915,https://www.openstreetmap.org/way/900155113,93.3,tehsil sibling median (1 schools),0.375,0.0,0.0,0.375,Weak,,NEEDS MANUAL VERIFICATION - not accepted
32120673,GGPS LAKHIBHIR,D.G. KHAN,TAUNSA,"division bbox (Dera Ghazi Khan Division, rel 16338539)",way,387626115,(unnamed amenity=school POI),30.058381,70.624699,https://www.openstreetmap.org/way/387626115,54.8,tehsil sibling median (1 schools),0.0,0.0,0.0,0.0,Unnamed_POI,,NEEDS MANUAL VERIFICATION - not accepted
32120673,GGPS LAKHIBHIR,D.G. KHAN,TAUNSA,"division bbox (Dera Ghazi Khan Division, rel 16338539)",way,1433082477,(unnamed amenity=school POI),29.805058,70.621852,https://www.openstreetmap.org/way/1433082477,83.0,tehsil sibling median (1 schools),0.0,0.0,0.0,0.0,Unnamed_POI,,NEEDS MANUAL VERIFICATION - not accepted
32120673,GGPS LAKHIBHIR,D.G. KHAN,TAUNSA,"division bbox (Dera Ghazi Khan Division, rel 16338539)",way,182024874,(unnamed amenity=school POI),30.213207,71.472373,https://www.openstreetmap.org/way/182024874,92.1,tehsil sibling median (1 schools),0.0,0.0,0.0,0.0,Unnamed_POI,,NEEDS MANUAL VERIFICATION - not accepted
32122060,GGPS Hayat Muhammad,D.G. KHAN,TAUNSA,"division bbox (Dera Ghazi Khan Division, rel 16338539)",node,5502039522,Hassan Abad,28.600631,70.207218,https://www.openstreetmap.org/node/5502039522,220.1,tehsil sibling median (1 schools),0.56,0.0,0.0,0.56,Possible,,NEEDS MANUAL VERIFICATION - not accepted
32122060,GGPS Hayat Muhammad,D.G. KHAN,TAUNSA,"division bbox (Dera Ghazi Khan Division, rel 16338539)",node,6043058786,GPS Ratryan wala,30.838796,71.608649,https://www.openstreetmap.org/node/6043058786,102.0,tehsil sibling median (1 schools),0.462,0.0,0.0,0.462,Possible,,NEEDS MANUAL VERIFICATION - not accepted
32122060,GGPS Hayat Muhammad,D.G. KHAN,TAUNSA,"division bbox (Dera Ghazi Khan Division, rel 16338539)",node,1921954007,Moona Grammar School,30.175495,71.491084,https://www.openstreetmap.org/node/1921954007,95.5,tehsil sibling median (1 schools),0.444,0.0,0.0,0.444,Possible,,NEEDS MANUAL VERIFICATION - not accepted
32122060,GGPS Hayat Muhammad,D.G. KHAN,TAUNSA,"division bbox (Dera Ghazi Khan Division, rel 16338539)",node,1921953763,Lahore Grammar School,30.210342,71.473231,https://www.openstreetmap.org/node/1921953763,92.3,tehsil sibling median (1 schools),0.429,0.0,0.0,0.429,Possible,,NEEDS MANUAL VERIFICATION - not accepted
32122060,GGPS Hayat Muhammad,D.G. KHAN,TAUNSA,"division bbox (Dera Ghazi Khan Division, rel 16338539)",way,182024764,Nusrat Ul Islam School,30.188426,71.440814,https://www.openstreetmap.org/way/182024764,90.6,tehsil sibling median (1 schools),0.414,0.0,0.0,0.414,Possible,,NEEDS MANUAL VERIFICATION - not accepted
32122060,GGPS Hayat Muhammad,D.G. KHAN,TAUNSA,"division bbox (Dera Ghazi Khan Division, rel 16338539)",node,1921954068,Nusrat Ul Islam Girls High School,30.186417,71.440465,https://www.openstreetmap.org/node/1921954068,90.6,tehsil sibling median (1 schools),0.414,0.0,0.0,0.414,Possible,,NEEDS MANUAL VERIFICATION - not accepted
32122060,GGPS Hayat Muhammad,D.G. KHAN,TAUNSA,"division bbox (Dera Ghazi Khan Division, rel 16338539)",way,387626115,(unnamed amenity=school POI),30.058381,70.624699,https://www.openstreetmap.org/way/387626115,54.8,tehsil sibling median (1 schools),0.0,0.0,0.0,0.0,Unnamed_POI,,NEEDS MANUAL VERIFICATION - not accepted
32122060,GGPS Hayat Muhammad,D.G. KHAN,TAUNSA,"division bbox (Dera Ghazi Khan Division, rel 16338539)",way,1433082477,(unnamed amenity=school POI),29.805058,70.621852,https://www.openstreetmap.org/way/1433082477,83.0,tehsil sibling median (1 schools),0.0,0.0,0.0,0.0,Unnamed_POI,,NEEDS MANUAL VERIFICATION - not accepted
32122060,GGPS Hayat Muhammad,D.G. KHAN,TAUNSA,"division bbox (Dera Ghazi Khan Division, rel 16338539)",way,182024874,(unnamed amenity=school POI),30.213207,71.472373,https://www.openstreetmap.org/way/182024874,92.1,tehsil sibling median (1 schools),0.0,0.0,0.0,0.0,Unnamed_POI,,NEEDS MANUAL VERIFICATION - not accepted
32130225,GPS MIR NAGAR,D.G. KHAN,KOT CHUTTA,"division bbox (Dera Ghazi Khan Division, rel 16338539)",node,1921954007,Moona Grammar School,30.175495,71.491084,https://www.openstreetmap.org/node/1921954007,95.5,district sibling median (1 schools),0.545,0.0,0.0,0.545,Possible,,NEEDS MANUAL VERIFICATION - not accepted
32130225,GPS MIR NAGAR,D.G. KHAN,KOT CHUTTA,"division bbox (Dera Ghazi Khan Division, rel 16338539)",node,13275105514,GPS Madil Wala,30.461573,71.031784,https://www.openstreetmap.org/node/13275105514,43.0,district sibling median (1 schools),0.526,0.0,0.0,0.526,Possible,,NEEDS MANUAL VERIFICATION - not accepted
32130225,GPS MIR NAGAR,D.G. KHAN,KOT CHUTTA,"division bbox (Dera Ghazi Khan Division, rel 16338539)",node,965808597,AliGarh School,30.220725,71.473697,https://www.openstreetmap.org/node/965808597,91.9,district sibling median (1 schools),0.5,0.0,0.0,0.5,Possible,,NEEDS MANUAL VERIFICATION - not accepted
32130225,GPS MIR NAGAR,D.G. KHAN,KOT CHUTTA,"division bbox (Dera Ghazi Khan Division, rel 16338539)",node,1921952424,AliGarh School,30.220728,71.473703,https://www.openstreetmap.org/node/1921952424,91.9,district sibling median (1 schools),0.5,0.0,0.0,0.5,Possible,,NEEDS MANUAL VERIFICATION - not accepted
32130225,GPS MIR NAGAR,D.G. KHAN,KOT CHUTTA,"division bbox (Dera Ghazi Khan Division, rel 16338539)",node,4382918282,Govt Boys High School Guranwala,30.103392,70.627083,https://www.openstreetmap.org/node/4382918282,49.9,district sibling median (1 schools),0.444,0.0,0.0,0.444,Possible,,NEEDS MANUAL VERIFICATION - not accepted
32130225,GPS MIR NAGAR,D.G. KHAN,KOT CHUTTA,"division bbox (Dera Ghazi Khan Division, rel 16338539)",node,4395678729,Ibne-Sina Higher Secondary School,30.07411,71.184881,https://www.openstreetmap.org/node/4395678729,77.5,district sibling median (1 schools),0.444,0.0,0.0,0.444,Possible,,NEEDS MANUAL VERIFICATION - not accepted
32130225,GPS MIR NAGAR,D.G. KHAN,KOT CHUTTA,"division bbox (Dera Ghazi Khan Division, rel 16338539)",way,387626115,(unnamed amenity=school POI),30.058381,70.624699,https://www.openstreetmap.org/way/387626115,54.8,district sibling median (1 schools),0.0,0.0,0.0,0.0,Unnamed_POI,,NEEDS MANUAL VERIFICATION - not accepted
32130225,GPS MIR NAGAR,D.G. KHAN,KOT CHUTTA,"division bbox (Dera Ghazi Khan Division, rel 16338539)",way,1433082477,(unnamed amenity=school POI),29.805058,70.621852,https://www.openstreetmap.org/way/1433082477,83.0,district sibling median (1 schools),0.0,0.0,0.0,0.0,Unnamed_POI,,NEEDS MANUAL VERIFICATION - not accepted
32130225,GPS MIR NAGAR,D.G. KHAN,KOT CHUTTA,"division bbox (Dera Ghazi Khan Division, rel 16338539)",way,182024874,(unnamed amenity=school POI),30.213207,71.472373,https://www.openstreetmap.org/way/182024874,92.1,district sibling median (1 schools),0.0,0.0,0.0,0.0,Unnamed_POI,,NEEDS MANUAL VERIFICATION - not accepted
32130307,GPS BASTI YAQI,D.G. KHAN,KOT CHUTTA,"division bbox (Dera Ghazi Khan Division, rel 16338539)",node,5271830522,Pakistan public high school,29.153246,71.261139,https://www.openstreetmap.org/node/5271830522,168.1,district sibling median (1 schools),0.444,0.0,0.0,0.444,Possible,,NEEDS MANUAL VERIFICATION - not accepted
32130307,GPS BASTI YAQI,D.G. KHAN,KOT CHUTTA,"division bbox (Dera Ghazi Khan Division, rel 16338539)",node,5271830821,Al Sadiq public high school,29.153506,71.261111,https://www.openstreetmap.org/node/5271830821,168.1,district sibling median (1 schools),0.444,0.0,0.0,0.444,Possible,,NEEDS MANUAL VERIFICATION - not accepted
32130307,GPS BASTI YAQI,D.G. KHAN,KOT CHUTTA,"division bbox (Dera Ghazi Khan Division, rel 16338539)",node,1921953903,Masjid Al Huda,30.187275,71.506276,https://www.openstreetmap.org/node/1921953903,96.3,district sibling median (1 schools),0.417,0.0,0.0,0.417,Possible,,NEEDS MANUAL VERIFICATION - not accepted
32130307,GPS BASTI YAQI,D.G. KHAN,KOT CHUTTA,"division bbox (Dera Ghazi Khan Division, rel 16338539)",node,6352481390,HIGH AIMS MIDDLE SCHOOL MANI SIAL,30.283723,71.792574,https://www.openstreetmap.org/node/6352481390,118.6,district sibling median (1 schools),0.417,0.0,0.0,0.417,Possible,,NEEDS MANUAL VERIFICATION - not accepted
32130307,GPS BASTI YAQI,D.G. KHAN,KOT CHUTTA,"division bbox (Dera Ghazi Khan Division, rel 16338539)",node,1921954048,National Foundation School,30.216872,71.469906,https://www.openstreetmap.org/node/1921954048,91.7,district sibling median (1 schools),0.414,0.0,0.0,0.414,Possible,,NEEDS MANUAL VERIFICATION - not accepted
32130307,GPS BASTI YAQI,D.G. KHAN,KOT CHUTTA,"division bbox (Dera Ghazi Khan Division, rel 16338539)",way,23211023,Sadiq Public School,29.37639,71.655951,https://www.openstreetmap.org/way/23211023,165.8,district sibling median (1 schools),0.4,0.0,0.0,0.4,Possible,,NEEDS MANUAL VERIFICATION - not accepted
32130307,GPS BASTI YAQI,D.G. KHAN,KOT CHUTTA,"division bbox (Dera Ghazi Khan Division, rel 16338539)",way,387626115,(unnamed amenity=school POI),30.058381,70.624699,https://www.openstreetmap.org/way/387626115,54.8,district sibling median (1 schools),0.0,0.0,0.0,0.0,Unnamed_POI,,NEEDS MANUAL VERIFICATION - not accepted
32130307,GPS BASTI YAQI,D.G. KHAN,KOT CHUTTA,"division bbox (Dera Ghazi Khan Division, rel 16338539)",way,1433082477,(unnamed amenity=school POI),29.805058,70.621852,https://www.openstreetmap.org/way/1433082477,83.0,district sibling median (1 schools),0.0,0.0,0.0,0.0,Unnamed_POI,,NEEDS MANUAL VERIFICATION - not accepted
32130307,GPS BASTI YAQI,D.G. KHAN,KOT CHUTTA,"division bbox (Dera Ghazi Khan Division, rel 16338539)",way,182024874,(unnamed amenity=school POI),30.213207,71.472373,https://www.openstreetmap.org/way/182024874,92.1,district sibling median (1 schools),0.0,0.0,0.0,0.0,Unnamed_POI,,NEEDS MANUAL VERIFICATION - not accepted
32130580,GGPS DR. GHULAM MUHAMMAD,D.G. KHAN,KOT CHUTTA,"division bbox (Dera Ghazi Khan Division, rel 16338539)",node,1921953763,Lahore Grammar School,30.210342,71.473231,https://www.openstreetmap.org/node/1921953763,92.3,district sibling median (1 schools),0.438,0.0,0.0,0.438,Possible,,NEEDS MANUAL VERIFICATION - not accepted
32130580,GGPS DR. GHULAM MUHAMMAD,D.G. KHAN,KOT CHUTTA,"division bbox (Dera Ghazi Khan Division, rel 16338539)",node,4395697403,Sardar Koray Khan Public School,30.077519,71.190531,https://www.openstreetmap.org/node/4395697403,77.7,district sibling median (1 schools),0.4,0.0,0.0,0.4,Possible,,NEEDS MANUAL VERIFICATION - not accepted
32130580,GGPS DR. GHULAM MUHAMMAD,D.G. KHAN,KOT CHUTTA,"division bbox (Dera Ghazi Khan Division, rel 16338539)",way,900553082,Jamia Uloom-e-Islamia Multan,30.193447,71.477805,https://www.openstreetmap.org/way/900553082,93.5,district sibling median (1 schools),0.391,0.0,0.0,0.391,Weak,,NEEDS MANUAL VERIFICATION - not accepted
32130580,GGPS DR. GHULAM MUHAMMAD,D.G. KHAN,KOT CHUTTA,"division bbox (Dera Ghazi Khan Division, rel 16338539)",node,1921952399,Aam Khas Bagh School,30.196459,71.480806,https://www.openstreetmap.org/node/1921952399,93.6,district sibling median (1 schools),0.387,0.0,0.0,0.387,Weak,,NEEDS MANUAL VERIFICATION - not accepted
32130580,GGPS DR. GHULAM MUHAMMAD,D.G. KHAN,KOT CHUTTA,"division bbox (Dera Ghazi Khan Division, rel 16338539)",node,1921954007,Moona Grammar School,30.175495,71.491084,https://www.openstreetmap.org/node/1921954007,95.5,district sibling median (1 schools),0.387,0.0,0.0,0.387,Weak,,NEEDS MANUAL VERIFICATION - not accepted
32130580,GGPS DR. GHULAM MUHAMMAD,D.G. KHAN,KOT CHUTTA,"division bbox (Dera Ghazi Khan Division, rel 16338539)",way,902844407,Kirri Afghanan High School,30.196061,71.46364,https://www.openstreetmap.org/way/902844407,92.2,district sibling median (1 schools),0.375,0.0,0.0,0.375,Weak,,NEEDS MANUAL VERIFICATION - not accepted
32130580,GGPS DR. GHULAM MUHAMMAD,D.G. KHAN,KOT CHUTTA,"division bbox (Dera Ghazi Khan Division, rel 16338539)",way,387626115,(unnamed amenity=school POI),30.058381,70.624699,https://www.openstreetmap.org/way/387626115,54.8,district sibling median (1 schools),0.0,0.0,0.0,0.0,Unnamed_POI,,NEEDS MANUAL VERIFICATION - not accepted
32130580,GGPS DR. GHULAM MUHAMMAD,D.G. KHAN,KOT CHUTTA,"division bbox (Dera Ghazi Khan Division, rel 16338539)",way,1433082477,(unnamed amenity=school POI),29.805058,70.621852,https://www.openstreetmap.org/way/1433082477,83.0,district sibling median (1 schools),0.0,0.0,0.0,0.0,Unnamed_POI,,NEEDS MANUAL VERIFICATION - not accepted
32130580,GGPS DR. GHULAM MUHAMMAD,D.G. KHAN,KOT CHUTTA,"division bbox (Dera Ghazi Khan Division, rel 16338539)",way,182024874,(unnamed amenity=school POI),30.213207,71.472373,https://www.openstreetmap.org/way/182024874,92.1,district sibling median (1 schools),0.0,0.0,0.0,0.0,Unnamed_POI,,NEEDS MANUAL VERIFICATION - not accepted
32220247,GGPS GARRAH SHUMALI,LAYYAH,KAROR LALISAN,"district bbox (Layyah District, rel 16117649)",node,4327555490,Garrison Public High School,31.003416,71.209771,https://www.openstreetmap.org/node/4327555490,25.6,district sibling median (4 schools),0.455,0.0,0.0,0.455,Possible,,NEEDS MANUAL VERIFICATION - not accepted
32220247,GGPS GARRAH SHUMALI,LAYYAH,KAROR LALISAN,"district bbox (Layyah District, rel 16117649)",node,4327552491,Garrison Public High School Fatima Campus,30.973135,71.209168,https://www.openstreetmap.org/node/4327552491,25.2,district sibling median (4 schools),0.389,0.0,0.0,0.389,Weak,,NEEDS MANUAL VERIFICATION - not accepted
32220247,GGPS GARRAH SHUMALI,LAYYAH,KAROR LALISAN,"district bbox (Layyah District, rel 16117649)",node,6043058786,GPS Ratryan wala,30.838796,71.608649,https://www.openstreetmap.org/node/6043058786,64.9,district sibling median (4 schools),0.385,0.0,0.0,0.385,Weak,,NEEDS MANUAL VERIFICATION - not accepted
32220247,GGPS GARRAH SHUMALI,LAYYAH,KAROR LALISAN,"district bbox (Layyah District, rel 16117649)",node,5160870325,Shenhwala,31.219407,70.856913,https://www.openstreetmap.org/node/5160870325,29.3,district sibling median (4 schools),0.348,0.0,0.0,0.348,Weak,,NEEDS MANUAL VERIFICATION - not accepted
32220247,GGPS GARRAH SHUMALI,LAYYAH,KAROR LALISAN,"district bbox (Layyah District, rel 16117649)",node,4595777490,Govt. Primary school Qaim Fareed Wala,30.713484,70.955074,https://www.openstreetmap.org/node/4595777490,28.2,district sibling median (4 schools),0.333,0.0,0.0,0.333,Weak,,NEEDS MANUAL VERIFICATION - not accepted
32220247,GGPS GARRAH SHUMALI,LAYYAH,KAROR LALISAN,"district bbox (Layyah District, rel 16117649)",node,4869419228,Government Middle School 68 ML,31.363104,71.226269,https://www.openstreetmap.org/node/4869419228,51.6,district sibling median (4 schools),0.316,0.0,0.0,0.316,Weak,,NEEDS MANUAL VERIFICATION - not accepted
32220320,GGES BASTI PITAFI,LAYYAH,KAROR LALISAN,"district bbox (Layyah District, rel 16117649)",node,4327552491,Garrison Public High School Fatima Campus,30.973135,71.209168,https://www.openstreetmap.org/node/4327552491,25.2,district sibling median (4 schools),0.41,0.0,0.0,0.41,Possible,,NEEDS MANUAL VERIFICATION - not accepted
32220320,GGES BASTI PITAFI,LAYYAH,KAROR LALISAN,"district bbox (Layyah District, rel 16117649)",node,5129207203,Govt.Primery School Nichan Thal,30.745678,71.692963,https://www.openstreetmap.org/node/5129207203,75.5,district sibling median (4 schools),0.278,0.0,0.0,0.278,Weak,,NEEDS MANUAL VERIFICATION - not accepted
32220320,GGES BASTI PITAFI,LAYYAH,KAROR LALISAN,"district bbox (Layyah District, rel 16117649)",node,4595777490,Govt. Primary school Qaim Fareed Wala,30.713484,70.955074,https://www.openstreetmap.org/node/4595777490,28.2,district sibling median (4 schools),0.242,0.0,0.0,0.242,Weak,,NEEDS MANUAL VERIFICATION - not accepted
32220320,GGES BASTI PITAFI,LAYYAH,KAROR LALISAN,"district bbox (Layyah District, rel 16117649)",node,5160870325,Shenhwala,31.219407,70.856913,https://www.openstreetmap.org/node/5160870325,29.3,district sibling median (4 schools),0.231,0.0,0.0,0.231,Weak,,NEEDS MANUAL VERIFICATION - not accepted
32220320,GGES BASTI PITAFI,LAYYAH,KAROR LALISAN,"district bbox (Layyah District, rel 16117649)",node,6043058786,GPS Ratryan wala,30.838796,71.608649,https://www.openstreetmap.org/node/6043058786,64.9,district sibling median (4 schools),0.207,0.0,0.0,0.207,Weak,,NEEDS MANUAL VERIFICATION - not accepted
32220320,GGES BASTI PITAFI,LAYYAH,KAROR LALISAN,"district bbox (Layyah District, rel 16117649)",node,4327552492,Govt Muslim High School,30.963282,71.209385,https://www.openstreetmap.org/node/4327552492,25.2,district sibling median (4 schools),0.174,0.0,0.0,0.174,Weak,,NEEDS MANUAL VERIFICATION - not accepted
32220564,GMMS AOULAKH NASHEB,LAYYAH,KAROR LALISAN,"district bbox (Layyah District, rel 16117649)",node,4327555490,Garrison Public High School,31.003416,71.209771,https://www.openstreetmap.org/node/4327555490,25.6,district sibling median (4 schools),0.296,0.0,0.0,0.296,Weak,,NEEDS MANUAL VERIFICATION - not accepted
32220564,GMMS AOULAKH NASHEB,LAYYAH,KAROR LALISAN,"district bbox (Layyah District, rel 16117649)",node,4595777490,Govt. Primary school Qaim Fareed Wala,30.713484,70.955074,https://www.openstreetmap.org/node/4595777490,28.2,district sibling median (4 schools),0.286,0.0,0.0,0.286,Weak,,NEEDS MANUAL VERIFICATION - not accepted
32220564,GMMS AOULAKH NASHEB,LAYYAH,KAROR LALISAN,"district bbox (Layyah District, rel 16117649)",node,5129207203,Govt.Primery School Nichan Thal,30.745678,71.692963,https://www.openstreetmap.org/node/5129207203,75.5,district sibling median (4 schools),0.263,0.0,0.0,0.263,Weak,,NEEDS MANUAL VERIFICATION - not accepted
32220564,GMMS AOULAKH NASHEB,LAYYAH,KAROR LALISAN,"district bbox (Layyah District, rel 16117649)",node,9602753789,Chak no. 287 TDA,31.04274,71.140062,https://www.openstreetmap.org/node/9602753789,20.4,district sibling median (4 schools),0.258,0.0,0.0,0.258,Weak,,NEEDS MANUAL VERIFICATION - not accepted
32220564,GMMS AOULAKH NASHEB,LAYYAH,KAROR LALISAN,"district bbox (Layyah District, rel 16117649)",node,6043058786,GPS Ratryan wala,30.838796,71.608649,https://www.openstreetmap.org/node/6043058786,64.9,district sibling median (4 schools),0.258,0.0,0.0,0.258,Weak,,NEEDS MANUAL VERIFICATION - not accepted
32220564,GMMS AOULAKH NASHEB,LAYYAH,KAROR LALISAN,"district bbox (Layyah District, rel 16117649)",node,5160870325,Shenhwala,31.219407,70.856913,https://www.openstreetmap.org/node/5160870325,29.3,district sibling median (4 schools),0.214,0.0,0.0,0.214,Weak,,NEEDS MANUAL VERIFICATION - not accepted
32320475,GGPS BASTI SAIDAN,MUZAFFARGARH,KOT ADU,"district bbox (Muzaffargarh District, rel 16117650)",node,4395758501,Abdalian Science Higher Secondary School,30.018121,71.181041,https://www.openstreetmap.org/node/4395758501,49.0,tehsil sibling median (1 schools),0.5,0.0,0.0,0.5,Possible,,NEEDS MANUAL VERIFICATION - not accepted
32320475,GGPS BASTI SAIDAN,MUZAFFARGARH,KOT ADU,"district bbox (Muzaffargarh District, rel 16117650)",node,5271830522,Pakistan public high school,29.153246,71.261139,https://www.openstreetmap.org/node/5271830522,142.7,tehsil sibling median (1 schools),0.5,0.0,0.0,0.5,Possible,,NEEDS MANUAL VERIFICATION - not accepted
32320475,GGPS BASTI SAIDAN,MUZAFFARGARH,KOT ADU,"district bbox (Muzaffargarh District, rel 16117650)",node,5271830821,Al Sadiq public high school,29.153506,71.261111,https://www.openstreetmap.org/node/5271830821,142.7,tehsil sibling median (1 schools),0.5,0.0,0.0,0.5,Possible,,NEEDS MANUAL VERIFICATION - not accepted
32320475,GGPS BASTI SAIDAN,MUZAFFARGARH,KOT ADU,"district bbox (Muzaffargarh District, rel 16117650)",node,4998086916,Al Rahman Public School,29.760256,71.065831,https://www.openstreetmap.org/node/4998086916,72.8,tehsil sibling median (1 schools),0.476,0.0,0.0,0.476,Possible,,NEEDS MANUAL VERIFICATION - not accepted
32320475,GGPS BASTI SAIDAN,MUZAFFARGARH,KOT ADU,"district bbox (Muzaffargarh District, rel 16117650)",node,13275105514,GPS Madil Wala,30.461573,71.031784,https://www.openstreetmap.org/node/13275105514,11.0,tehsil sibling median (1 schools),0.455,0.0,0.0,0.455,Possible,,NEEDS MANUAL VERIFICATION - not accepted
32320475,GGPS BASTI SAIDAN,MUZAFFARGARH,KOT ADU,"district bbox (Muzaffargarh District, rel 16117650)",node,1921954048,National Foundation School,30.216872,71.469906,https://www.openstreetmap.org/node/1921954048,55.2,tehsil sibling median (1 schools),0.452,0.0,0.0,0.452,Possible,,NEEDS MANUAL VERIFICATION - not accepted
32320475,GGPS BASTI SAIDAN,MUZAFFARGARH,KOT ADU,"district bbox (Muzaffargarh District, rel 16117650)",way,387626115,(unnamed amenity=school POI),30.058381,70.624699,https://www.openstreetmap.org/way/387626115,48.9,tehsil sibling median (1 schools),0.0,0.0,0.0,0.0,Unnamed_POI,,NEEDS MANUAL VERIFICATION - not accepted
32320475,GGPS BASTI SAIDAN,MUZAFFARGARH,KOT ADU,"district bbox (Muzaffargarh District, rel 16117650)",way,182024874,(unnamed amenity=school POI),30.213207,71.472373,https://www.openstreetmap.org/way/182024874,55.6,tehsil sibling median (1 schools),0.0,0.0,0.0,0.0,Unnamed_POI,,NEEDS MANUAL VERIFICATION - not accepted
32320475,GGPS BASTI SAIDAN,MUZAFFARGARH,KOT ADU,"district bbox (Muzaffargarh District, rel 16117650)",way,182024883,(unnamed amenity=school POI),30.204435,71.516679,https://www.openstreetmap.org/way/182024883,59.9,tehsil sibling median (1 schools),0.0,0.0,0.0,0.0,Unnamed_POI,,NEEDS MANUAL VERIFICATION - not accepted
32320579,GGPS CHAK NO. 565/TDA,MUZAFFARGARH,KOT ADU,"district bbox (Muzaffargarh District, rel 16117650)",node,5271830522,Pakistan public high school,29.153246,71.261139,https://www.openstreetmap.org/node/5271830522,142.7,tehsil sibling median (1 schools),0.4,0.0,0.0,0.4,Possible,,NEEDS MANUAL VERIFICATION - not accepted
32320579,GGPS CHAK NO. 565/TDA,MUZAFFARGARH,KOT ADU,"district bbox (Muzaffargarh District, rel 16117650)",node,7244237489,GCT - TEVTA,29.372153,71.715205,https://www.openstreetmap.org/node/7244237489,137.2,tehsil sibling median (1 schools),0.381,0.0,0.0,0.381,Weak,,NEEDS MANUAL VERIFICATION - not accepted
32320579,GGPS CHAK NO. 565/TDA,MUZAFFARGARH,KOT ADU,"district bbox (Muzaffargarh District, rel 16117650)",way,1535736144,Government Girls High School Royal Orchard Multan,30.251243,71.557292,https://www.openstreetmap.org/way/1535736144,61.9,tehsil sibling median (1 schools),0.375,0.0,0.0,0.375,Weak,,NEEDS MANUAL VERIFICATION - not accepted
32320579,GGPS CHAK NO. 565/TDA,MUZAFFARGARH,KOT ADU,"district bbox (Muzaffargarh District, rel 16117650)",way,900553092,Government Vocational School,30.198226,71.479824,https://www.openstreetmap.org/way/900553092,56.9,tehsil sibling median (1 schools),0.364,0.0,0.0,0.364,Weak,,NEEDS MANUAL VERIFICATION - not accepted
32320579,GGPS CHAK NO. 565/TDA,MUZAFFARGARH,KOT ADU,"district bbox (Muzaffargarh District, rel 16117650)",node,5535886325,Lohar wala,29.958369,70.599833,https://www.openstreetmap.org/node/5535886325,59.4,tehsil sibling median (1 schools),0.364,0.0,0.0,0.364,Weak,,NEEDS MANUAL VERIFICATION - not accepted
32320579,GGPS CHAK NO. 565/TDA,MUZAFFARGARH,KOT ADU,"district bbox (Muzaffargarh District, rel 16117650)",node,1921953282,Govt. Secondary School New Central Jail Multan,30.162771,71.474991,https://www.openstreetmap.org/node/1921953282,58.2,tehsil sibling median (1 schools),0.343,0.0,0.0,0.343,Weak,,NEEDS MANUAL VERIFICATION - not accepted
32320579,GGPS CHAK NO. 565/TDA,MUZAFFARGARH,KOT ADU,"district bbox (Muzaffargarh District, rel 16117650)",way,387626115,(unnamed amenity=school POI),30.058381,70.624699,https://www.openstreetmap.org/way/387626115,48.9,tehsil sibling median (1 schools),0.0,0.0,0.0,0.0,Unnamed_POI,,NEEDS MANUAL VERIFICATION - not accepted
32320579,GGPS CHAK NO. 565/TDA,MUZAFFARGARH,KOT ADU,"district bbox (Muzaffargarh District, rel 16117650)",way,182024874,(unnamed amenity=school POI),30.213207,71.472373,https://www.openstreetmap.org/way/182024874,55.6,tehsil sibling median (1 schools),0.0,0.0,0.0,0.0,Unnamed_POI,,NEEDS MANUAL VERIFICATION - not accepted
32320579,GGPS CHAK NO. 565/TDA,MUZAFFARGARH,KOT ADU,"district bbox (Muzaffargarh District, rel 16117650)",way,182024883,(unnamed amenity=school POI),30.204435,71.516679,https://www.openstreetmap.org/way/182024883,59.9,tehsil sibling median (1 schools),0.0,0.0,0.0,0.0,Unnamed_POI,,NEEDS MANUAL VERIFICATION - not accepted
32320754,GPS THATHI HAMZA NO. 2,MUZAFFARGARH,KOT ADU,"district bbox (Muzaffargarh District, rel 16117650)",node,5324989823,Govt. Girls High school no.2,30.06677,70.629228,https://www.openstreetmap.org/node/5324989823,47.9,tehsil sibling median (1 schools),1.0,0.333,1.0,0.133,Strong,,NEEDS MANUAL VERIFICATION - not accepted
32320754,GPS THATHI HAMZA NO. 2,MUZAFFARGARH,KOT ADU,"district bbox (Muzaffargarh District, rel 16117650)",node,1921952861,FG Boys School #2,30.182383,71.433213,https://www.openstreetmap.org/node/1921952861,53.6,tehsil sibling median (1 schools),0.5,0.25,0.5,0.222,Possible,,NEEDS MANUAL VERIFICATION - not accepted
32320754,GPS THATHI HAMZA NO. 2,MUZAFFARGARH,KOT ADU,"district bbox (Muzaffargarh District, rel 16117650)",node,13275105514,GPS Madil Wala,30.461573,71.031784,https://www.openstreetmap.org/node/13275105514,11.0,tehsil sibling median (1 schools),0.417,0.0,0.0,0.417,Possible,,NEEDS MANUAL VERIFICATION - not accepted
32320754,GPS THATHI HAMZA NO. 2,MUZAFFARGARH,KOT ADU,"district bbox (Muzaffargarh District, rel 16117650)",node,5535886325,Lohar wala,29.958369,70.599833,https://www.openstreetmap.org/node/5535886325,59.4,tehsil sibling median (1 schools),0.417,0.0,0.0,0.417,Possible,,NEEDS MANUAL VERIFICATION - not accepted
32320754,GPS THATHI HAMZA NO. 2,MUZAFFARGARH,KOT ADU,"district bbox (Muzaffargarh District, rel 16117650)",node,1921954263,Shahwar Model High School,30.183027,71.445723,https://www.openstreetmap.org/node/1921954263,54.7,tehsil sibling median (1 schools),0.381,0.0,0.0,0.381,Weak,,NEEDS MANUAL VERIFICATION - not accepted
32320754,GPS THATHI HAMZA NO. 2,MUZAFFARGARH,KOT ADU,"district bbox (Muzaffargarh District, rel 16117650)",way,900155113,Islamia High School,30.197377,71.477915,https://www.openstreetmap.org/way/900155113,56.8,tehsil sibling median (1 schools),0.381,0.0,0.0,0.381,Weak,,NEEDS MANUAL VERIFICATION - not accepted
32320754,GPS THATHI HAMZA NO. 2,MUZAFFARGARH,KOT ADU,"district bbox (Muzaffargarh District, rel 16117650)",way,387626115,(unnamed amenity=school POI),30.058381,70.624699,https://www.openstreetmap.org/way/387626115,48.9,tehsil sibling median (1 schools),0.0,0.0,0.0,0.0,Unnamed_POI,,NEEDS MANUAL VERIFICATION - not accepted
32320754,GPS THATHI HAMZA NO. 2,MUZAFFARGARH,KOT ADU,"district bbox (Muzaffargarh District, rel 16117650)",way,182024874,(unnamed amenity=school POI),30.213207,71.472373,https://www.openstreetmap.org/way/182024874,55.6,tehsil sibling median (1 schools),0.0,0.0,0.0,0.0,Unnamed_POI,,NEEDS MANUAL VERIFICATION - not accepted
32320754,GPS THATHI HAMZA NO. 2,MUZAFFARGARH,KOT ADU,"district bbox (Muzaffargarh District, rel 16117650)",way,182024883,(unnamed amenity=school POI),30.204435,71.516679,https://www.openstreetmap.org/way/182024883,59.9,tehsil sibling median (1 schools),0.0,0.0,0.0,0.0,Unnamed_POI,,NEEDS MANUAL VERIFICATION - not accepted
32320949,GPS CHAK NO. 131 ML,MUZAFFARGARH,KOT ADU,"district bbox (Muzaffargarh District, rel 16117650)",way,1193203160,Tameer-e-Milat School,30.205317,71.521874,https://www.openstreetmap.org/way/1193203160,60.3,tehsil sibling median (1 schools),0.4,0.0,0.0,0.4,Possible,,NEEDS MANUAL VERIFICATION - not accepted
32320949,GPS CHAK NO. 131 ML,MUZAFFARGARH,KOT ADU,"district bbox (Muzaffargarh District, rel 16117650)",node,1921954034,NFC IET Multan,30.22032,71.538141,https://www.openstreetmap.org/node/1921954034,61.2,tehsil sibling median (1 schools),0.4,0.0,0.0,0.4,Possible,,NEEDS MANUAL VERIFICATION - not accepted
32320949,GPS CHAK NO. 131 ML,MUZAFFARGARH,KOT ADU,"district bbox (Muzaffargarh District, rel 16117650)",node,4923902186,Government Technical High School,29.394433,71.683756,https://www.openstreetmap.org/node/4923902186,133.5,tehsil sibling median (1 schools),0.4,0.0,0.0,0.4,Possible,,NEEDS MANUAL VERIFICATION - not accepted
32320949,GPS CHAK NO. 131 ML,MUZAFFARGARH,KOT ADU,"district bbox (Muzaffargarh District, rel 16117650)",way,1535736144,Government Girls High School Royal Orchard Multan,30.251243,71.557292,https://www.openstreetmap.org/way/1535736144,61.9,tehsil sibling median (1 schools),0.387,0.0,0.0,0.387,Weak,,NEEDS MANUAL VERIFICATION - not accepted
32320949,GPS CHAK NO. 131 ML,MUZAFFARGARH,KOT ADU,"district bbox (Muzaffargarh District, rel 16117650)",node,5535886325,Lohar wala,29.958369,70.599833,https://www.openstreetmap.org/node/5535886325,59.4,tehsil sibling median (1 schools),0.381,0.0,0.0,0.381,Weak,,NEEDS MANUAL VERIFICATION - not accepted
32320949,GPS CHAK NO. 131 ML,MUZAFFARGARH,KOT ADU,"district bbox (Muzaffargarh District, rel 16117650)",node,1921953786,MC Schol,30.187125,71.464219,https://www.openstreetmap.org/node/1921953786,56.1,tehsil sibling median (1 schools),0.375,0.0,0.0,0.375,Weak,,NEEDS MANUAL VERIFICATION - not accepted
32320949,GPS CHAK NO. 131 ML,MUZAFFARGARH,KOT ADU,"district bbox (Muzaffargarh District, rel 16117650)",way,387626115,(unnamed amenity=school POI),30.058381,70.624699,https://www.openstreetmap.org/way/387626115,48.9,tehsil sibling median (1 schools),0.0,0.0,0.0,0.0,Unnamed_POI,,NEEDS MANUAL VERIFICATION - not accepted
32320949,GPS CHAK NO. 131 ML,MUZAFFARGARH,KOT ADU,"district bbox (Muzaffargarh District, rel 16117650)",way,182024874,(unnamed amenity=school POI),30.213207,71.472373,https://www.openstreetmap.org/way/182024874,55.6,tehsil sibling median (1 schools),0.0,0.0,0.0,0.0,Unnamed_POI,,NEEDS MANUAL VERIFICATION - not accepted
32320949,GPS CHAK NO. 131 ML,MUZAFFARGARH,KOT ADU,"district bbox (Muzaffargarh District, rel 16117650)",way,182024883,(unnamed amenity=school POI),30.204435,71.516679,https://www.openstreetmap.org/way/182024883,59.9,tehsil sibling median (1 schools),0.0,0.0,0.0,0.0,Unnamed_POI,,NEEDS MANUAL VERIFICATION - not accepted
33150025,GPS 141 RB II,FAISALABAD,CHAK JHUMARA,"district bbox (Faisalabad District, rel 16117660)",way,1024682368,Government Girls Primary School Chak 241 GB I Behram,31.053148,72.774248,https://www.openstreetmap.org/way/1024682368,46.5,district sibling median (15 schools),0.414,0.0,0.0,0.414,Possible,,NEEDS MANUAL VERIFICATION - not accepted
33150025,GPS 141 RB II,FAISALABAD,CHAK JHUMARA,"district bbox (Faisalabad District, rel 16117660)",way,1442541510,Govt Boys Primary Chak No 148 RB Sona Toba,31.601382,73.305535,https://www.openstreetmap.org/way/1442541510,32.7,district sibling median (15 schools),0.4,0.143,0.333,0.4,Possible,,NEEDS MANUAL VERIFICATION - not accepted
33150025,GPS 141 RB II,FAISALABAD,CHAK JHUMARA,"district bbox (Faisalabad District, rel 16117660)",way,791207199,Govt Girl High School 24/2.r,30.857216,73.521188,https://www.openstreetmap.org/way/791207199,72.8,district sibling median (15 schools),0.4,0.0,0.0,0.4,Possible,,NEEDS MANUAL VERIFICATION - not accepted
33150025,GPS 141 RB II,FAISALABAD,CHAK JHUMARA,"district bbox (Faisalabad District, rel 16117660)",way,791185685,Govt Boys school 24/2.r,30.856409,73.52087,https://www.openstreetmap.org/way/791185685,72.9,district sibling median (15 schools),0.4,0.0,0.0,0.4,Possible,,NEEDS MANUAL VERIFICATION - not accepted
33150025,GPS 141 RB II,FAISALABAD,CHAK JHUMARA,"district bbox (Faisalabad District, rel 16117660)",node,6837297685,Government Boys Elementary School 155 G.B,31.065107,72.706822,https://www.openstreetmap.org/node/6837297685,49.7,district sibling median (15 schools),0.375,0.0,0.0,0.375,Weak,,NEEDS MANUAL VERIFICATION - not accepted
33150025,GPS 141 RB II,FAISALABAD,CHAK JHUMARA,"district bbox (Faisalabad District, rel 16117660)",way,1519623327,Government High School 259 RB Gurussar,31.259527,72.936839,https://www.openstreetmap.org/way/1519623327,19.0,district sibling median (15 schools),0.333,0.2,0.333,0.333,Weak,,NEEDS MANUAL VERIFICATION - not accepted
33150025,GPS 141 RB II,FAISALABAD,CHAK JHUMARA,"district bbox (Faisalabad District, rel 16117660)",node,13696007941,(unnamed amenity=school POI),31.431749,73.116877,https://www.openstreetmap.org/node/13696007941,6.7,district sibling median (15 schools),0.0,0.0,0.0,0.0,Unnamed_POI,,NEEDS MANUAL VERIFICATION - not accepted
33150025,GPS 141 RB II,FAISALABAD,CHAK JHUMARA,"district bbox (Faisalabad District, rel 16117660)",node,3600045612,(unnamed amenity=school POI),31.397148,73.164587,https://www.openstreetmap.org/node/3600045612,9.0,district sibling median (15 schools),0.0,0.0,0.0,0.0,Unnamed_POI,,NEEDS MANUAL VERIFICATION - not accepted
33150025,GPS 141 RB II,FAISALABAD,CHAK JHUMARA,"district bbox (Faisalabad District, rel 16117660)",node,13626280079,(unnamed amenity=school POI),31.757581,72.904618,https://www.openstreetmap.org/node/13626280079,44.2,district sibling median (15 schools),0.0,0.0,0.0,0.0,Unnamed_POI,,NEEDS MANUAL VERIFICATION - not accepted
33160266,GGPS 595 GB,FAISALABAD,TANDLIAN WALA,"district bbox (Faisalabad District, rel 16117660)",node,6837297685,Government Boys Elementary School 155 G.B,31.065107,72.706822,https://www.openstreetmap.org/node/6837297685,49.7,district sibling median (15 schools),0.769,0.0,0.0,0.769,Strong,,NEEDS MANUAL VERIFICATION - not accepted
33160266,GGPS 595 GB,FAISALABAD,TANDLIAN WALA,"district bbox (Faisalabad District, rel 16117660)",node,12616114412,Govt Girls Primary School Chak 391 GB,30.993216,73.077721,https://www.openstreetmap.org/node/12616114412,43.7,district sibling median (15 schools),0.5,0.25,0.5,0.471,Possible,,NEEDS MANUAL VERIFICATION - not accepted
33160266,GGPS 595 GB,FAISALABAD,TANDLIAN WALA,"district bbox (Faisalabad District, rel 16117660)",way,1024682368,Government Girls Primary School Chak 241 GB I Behram,31.053148,72.774248,https://www.openstreetmap.org/way/1024682368,46.5,district sibling median (15 schools),0.5,0.167,0.5,0.231,Possible,,NEEDS MANUAL VERIFICATION - not accepted
33160266,GGPS 595 GB,FAISALABAD,TANDLIAN WALA,"district bbox (Faisalabad District, rel 16117660)",way,1024679581,Government Primary School Chak 241 GB North Behram,31.050386,72.773079,https://www.openstreetmap.org/way/1024679581,46.9,district sibling median (15 schools),0.5,0.167,0.5,0.2,Possible,,NEEDS MANUAL VERIFICATION - not accepted
33160266,GGPS 595 GB,FAISALABAD,TANDLIAN WALA,"district bbox (Faisalabad District, rel 16117660)",node,3994503499,Govt. High School 363 G.B,31.118073,73.325512,https://www.openstreetmap.org/node/3994503499,38.4,district sibling median (15 schools),0.462,0.0,0.0,0.462,Possible,,NEEDS MANUAL VERIFICATION - not accepted
33160266,GGPS 595 GB,FAISALABAD,TANDLIAN WALA,"district bbox (Faisalabad District, rel 16117660)",node,3994507587,Govt. Girls High School 363 G.B,31.117756,73.326778,https://www.openstreetmap.org/node/3994507587,38.5,district sibling median (15 schools),0.462,0.0,0.0,0.462,Possible,,NEEDS MANUAL VERIFICATION - not accepted
33160266,GGPS 595 GB,FAISALABAD,TANDLIAN WALA,"district bbox (Faisalabad District, rel 16117660)",node,13696007941,(unnamed amenity=school POI),31.431749,73.116877,https://www.openstreetmap.org/node/13696007941,6.7,district sibling median (15 schools),0.0,0.0,0.0,0.0,Unnamed_POI,,NEEDS MANUAL VERIFICATION - not accepted
33160266,GGPS 595 GB,FAISALABAD,TANDLIAN WALA,"district bbox (Faisalabad District, rel 16117660)",node,3600045612,(unnamed amenity=school POI),31.397148,73.164587,https://www.openstreetmap.org/node/3600045612,9.0,district sibling median (15 schools),0.0,0.0,0.0,0.0,Unnamed_POI,,NEEDS MANUAL VERIFICATION - not accepted
33160266,GGPS 595 GB,FAISALABAD,TANDLIAN WALA,"district bbox (Faisalabad District, rel 16117660)",node,13626280079,(unnamed amenity=school POI),31.757581,72.904618,https://www.openstreetmap.org/node/13626280079,44.2,district sibling median (15 schools),0.0,0.0,0.0,0.0,Unnamed_POI,,NEEDS MANUAL VERIFICATION - not accepted
33310079,GGHS CHAK 159 GB,T.T.SINGH,GOJRA,"district bbox (Toba Tek Singh District, rel 16117652)",node,9845585630,Government Primary School Chak 741 GB,30.640144,72.538057,https://www.openstreetmap.org/node/9845585630,30.4,tehsil sibling median (1 schools),0.818,0.5,0.667,0.818,Strong,,NEEDS MANUAL VERIFICATION - not accepted
33310079,GGHS CHAK 159 GB,T.T.SINGH,GOJRA,"district bbox (Toba Tek Singh District, rel 16117652)",way,1245860376,GHS Chak No.328 GB,30.791774,72.316971,https://www.openstreetmap.org/way/1245860376,28.4,tehsil sibling median (1 schools),0.727,0.5,0.667,0.727,Strong,,NEEDS MANUAL VERIFICATION - not accepted
33310079,GGHS CHAK 159 GB,T.T.SINGH,GOJRA,"district bbox (Toba Tek Singh District, rel 16117652)",way,1024679581,Government Primary School Chak 241 GB North Behram,31.050386,72.773079,https://www.openstreetmap.org/way/1024679581,24.1,tehsil sibling median (1 schools),0.667,0.333,0.667,0.514,Possible,,NEEDS MANUAL VERIFICATION - not accepted
33310079,GGHS CHAK 159 GB,T.T.SINGH,GOJRA,"district bbox (Toba Tek Singh District, rel 16117652)",way,1024682368,Government Girls Primary School Chak 241 GB I Behram,31.053148,72.774248,https://www.openstreetmap.org/way/1024682368,24.4,tehsil sibling median (1 schools),0.667,0.333,0.667,0.581,Possible,,NEEDS MANUAL VERIFICATION - not accepted
33310079,GGHS CHAK 159 GB,T.T.SINGH,GOJRA,"district bbox (Toba Tek Singh District, rel 16117652)",node,4728028559,Government PS Boys Chak 740 GB,30.643058,72.622339,https://www.openstreetmap.org/node/4728028559,30.0,tehsil sibling median (1 schools),0.667,0.4,0.667,0.64,Possible,,NEEDS MANUAL VERIFICATION - not accepted
33310079,GGHS CHAK 159 GB,T.T.SINGH,GOJRA,"district bbox (Toba Tek Singh District, rel 16117652)",way,449220379,Govt. Elementary School Chak 370 JB,31.110087,72.704786,https://www.openstreetmap.org/way/449220379,25.1,tehsil sibling median (1 schools),0.636,0.2,0.333,0.636,Possible,,NEEDS MANUAL VERIFICATION - not accepted
33310079,GGHS CHAK 159 GB,T.T.SINGH,GOJRA,"district bbox (Toba Tek Singh District, rel 16117652)",way,311681165,(unnamed amenity=school POI),30.945543,72.717405,https://www.openstreetmap.org/way/311681165,13.7,tehsil sibling median (1 schools),0.0,0.0,0.0,0.0,Unnamed_POI,,NEEDS MANUAL VERIFICATION - not accepted
33310079,GGHS CHAK 159 GB,T.T.SINGH,GOJRA,"district bbox (Toba Tek Singh District, rel 16117652)",way,487508261,(unnamed amenity=school POI),30.536692,72.699357,https://www.openstreetmap.org/way/487508261,43.1,tehsil sibling median (1 schools),0.0,0.0,0.0,0.0,Unnamed_POI,,NEEDS MANUAL VERIFICATION - not accepted
33310319,GMPS CHAK 161 GB I,T.T.SINGH,GOJRA,"district bbox (Toba Tek Singh District, rel 16117652)",node,4728028559,Government PS Boys Chak 740 GB,30.643058,72.622339,https://www.openstreetmap.org/node/4728028559,30.0,tehsil sibling median (1 schools),0.688,0.286,0.5,0.688,Possible,,NEEDS MANUAL VERIFICATION - not accepted
33310319,GMPS CHAK 161 GB I,T.T.SINGH,GOJRA,"district bbox (Toba Tek Singh District, rel 16117652)",way,1245860376,GHS Chak No.328 GB,30.791774,72.316971,https://www.openstreetmap.org/way/1245860376,28.4,tehsil sibling median (1 schools),0.667,0.333,0.667,0.552,Possible,,NEEDS MANUAL VERIFICATION - not accepted
33310319,GMPS CHAK 161 GB I,T.T.SINGH,GOJRA,"district bbox (Toba Tek Singh District, rel 16117652)",node,9845585630,Government Primary School Chak 741 GB,30.640144,72.538057,https://www.openstreetmap.org/node/9845585630,30.4,tehsil sibling median (1 schools),0.667,0.333,0.667,0.621,Possible,,NEEDS MANUAL VERIFICATION - not accepted
33310319,GMPS CHAK 161 GB I,T.T.SINGH,GOJRA,"district bbox (Toba Tek Singh District, rel 16117652)",way,1024682368,Government Girls Primary School Chak 241 GB I Behram,31.053148,72.774248,https://www.openstreetmap.org/way/1024682368,24.4,tehsil sibling median (1 schools),0.6,0.429,0.6,0.579,Possible,,NEEDS MANUAL VERIFICATION - not accepted
33310319,GMPS CHAK 161 GB I,T.T.SINGH,GOJRA,"district bbox (Toba Tek Singh District, rel 16117652)",way,449220379,Govt. Elementary School Chak 370 JB,31.110087,72.704786,https://www.openstreetmap.org/way/449220379,25.1,tehsil sibling median (1 schools),0.483,0.143,0.333,0.483,Possible,,NEEDS MANUAL VERIFICATION - not accepted
33310319,GMPS CHAK 161 GB I,T.T.SINGH,GOJRA,"district bbox (Toba Tek Singh District, rel 16117652)",way,1024679581,Government Primary School Chak 241 GB North Behram,31.050386,72.773079,https://www.openstreetmap.org/way/1024679581,24.1,tehsil sibling median (1 schools),0.476,0.25,0.4,0.476,Possible,,NEEDS MANUAL VERIFICATION - not accepted
33310319,GMPS CHAK 161 GB I,T.T.SINGH,GOJRA,"district bbox (Toba Tek Singh District, rel 16117652)",way,311681165,(unnamed amenity=school POI),30.945543,72.717405,https://www.openstreetmap.org/way/311681165,13.7,tehsil sibling median (1 schools),0.0,0.0,0.0,0.0,Unnamed_POI,,NEEDS MANUAL VERIFICATION - not accepted
33310319,GMPS CHAK 161 GB I,T.T.SINGH,GOJRA,"district bbox (Toba Tek Singh District, rel 16117652)",way,487508261,(unnamed amenity=school POI),30.536692,72.699357,https://www.openstreetmap.org/way/487508261,43.1,tehsil sibling median (1 schools),0.0,0.0,0.0,0.0,Unnamed_POI,,NEEDS MANUAL VERIFICATION - not accepted
33320089,GGES CHAK 706 GB,T.T.SINGH,KAMALIA,"district bbox (Toba Tek Singh District, rel 16117652)",node,4728028559,Government PS Boys Chak 740 GB,30.643058,72.622339,https://www.openstreetmap.org/node/4728028559,16.8,district sibling median (2 schools),0.8,0.333,0.5,0.8,Strong,,NEEDS MANUAL VERIFICATION - not accepted
33320089,GGES CHAK 706 GB,T.T.SINGH,KAMALIA,"district bbox (Toba Tek Singh District, rel 16117652)",node,9845585630,Government Primary School Chak 741 GB,30.640144,72.538057,https://www.openstreetmap.org/node/9845585630,15.5,district sibling median (2 schools),0.667,0.4,0.667,0.667,Possible,,NEEDS MANUAL VERIFICATION - not accepted
33320089,GGES CHAK 706 GB,T.T.SINGH,KAMALIA,"district bbox (Toba Tek Singh District, rel 16117652)",way,1245860376,GHS Chak No.328 GB,30.791774,72.316971,https://www.openstreetmap.org/way/1245860376,22.0,district sibling median (2 schools),0.667,0.4,0.667,0.593,Possible,,NEEDS MANUAL VERIFICATION - not accepted
33320089,GGES CHAK 706 GB,T.T.SINGH,KAMALIA,"district bbox (Toba Tek Singh District, rel 16117652)",way,449220379,Govt. Elementary School Chak 370 JB,31.110087,72.704786,https://www.openstreetmap.org/way/449220379,39.8,district sibling median (2 schools),0.667,0.167,0.333,0.667,Possible,,NEEDS MANUAL VERIFICATION - not accepted
33320089,GGES CHAK 706 GB,T.T.SINGH,KAMALIA,"district bbox (Toba Tek Singh District, rel 16117652)",way,1024679581,Government Primary School Chak 241 GB North Behram,31.050386,72.773079,https://www.openstreetmap.org/way/1024679581,37.1,district sibling median (2 schools),0.5,0.286,0.5,0.4,Possible,,NEEDS MANUAL VERIFICATION - not accepted
33320089,GGES CHAK 706 GB,T.T.SINGH,KAMALIA,"district bbox (Toba Tek Singh District, rel 16117652)",way,1024682368,Government Girls Primary School Chak 241 GB I Behram,31.053148,72.774248,https://www.openstreetmap.org/way/1024682368,37.4,district sibling median (2 schools),0.5,0.286,0.5,0.444,Possible,,NEEDS MANUAL VERIFICATION - not accepted
33320089,GGES CHAK 706 GB,T.T.SINGH,KAMALIA,"district bbox (Toba Tek Singh District, rel 16117652)",way,311681165,(unnamed amenity=school POI),30.945543,72.717405,https://www.openstreetmap.org/way/311681165,24.7,district sibling median (2 schools),0.0,0.0,0.0,0.0,Unnamed_POI,,NEEDS MANUAL VERIFICATION - not accepted
33320089,GGES CHAK 706 GB,T.T.SINGH,KAMALIA,"district bbox (Toba Tek Singh District, rel 16117652)",way,487508261,(unnamed amenity=school POI),30.536692,72.699357,https://www.openstreetmap.org/way/487508261,30.7,district sibling median (2 schools),0.0,0.0,0.0,0.0,Unnamed_POI,,NEEDS MANUAL VERIFICATION - not accepted
33340414,GGPS CHAK 752 GB,T.T.SINGH,PIR MAHAL,"district bbox (Toba Tek Singh District, rel 16117652)",node,9845585630,Government Primary School Chak 741 GB,30.640144,72.538057,https://www.openstreetmap.org/node/9845585630,2.6,tehsil sibling median (1 schools),0.818,0.5,0.667,0.818,Strong,,NEEDS MANUAL VERIFICATION - not accepted
33340414,GGPS CHAK 752 GB,T.T.SINGH,PIR MAHAL,"district bbox (Toba Tek Singh District, rel 16117652)",way,1245860376,GHS Chak No.328 GB,30.791774,72.316971,https://www.openstreetmap.org/way/1245860376,24.6,tehsil sibling median (1 schools),0.818,0.5,0.667,0.818,Strong,,NEEDS MANUAL VERIFICATION - not accepted
33340414,GGPS CHAK 752 GB,T.T.SINGH,PIR MAHAL,"district bbox (Toba Tek Singh District, rel 16117652)",way,449220379,Govt. Elementary School Chak 370 JB,31.110087,72.704786,https://www.openstreetmap.org/way/449220379,54.6,tehsil sibling median (1 schools),0.727,0.2,0.333,0.727,Strong,,NEEDS MANUAL VERIFICATION - not accepted
33340414,GGPS CHAK 752 GB,T.T.SINGH,PIR MAHAL,"district bbox (Toba Tek Singh District, rel 16117652)",node,4728028559,Government PS Boys Chak 740 GB,30.643058,72.622339,https://www.openstreetmap.org/node/4728028559,10.5,tehsil sibling median (1 schools),0.72,0.4,0.667,0.72,Strong,,NEEDS MANUAL VERIFICATION - not accepted
33340414,GGPS CHAK 752 GB,T.T.SINGH,PIR MAHAL,"district bbox (Toba Tek Singh District, rel 16117652)",way,1024679581,Government Primary School Chak 241 GB North Behram,31.050386,72.773079,https://www.openstreetmap.org/way/1024679581,51.2,tehsil sibling median (1 schools),0.667,0.333,0.667,0.514,Possible,,NEEDS MANUAL VERIFICATION - not accepted
33340414,GGPS CHAK 752 GB,T.T.SINGH,PIR MAHAL,"district bbox (Toba Tek Singh District, rel 16117652)",way,1024682368,Government Girls Primary School Chak 241 GB I Behram,31.053148,72.774248,https://www.openstreetmap.org/way/1024682368,51.5,tehsil sibling median (1 schools),0.667,0.333,0.667,0.581,Possible,,NEEDS MANUAL VERIFICATION - not accepted
33340414,GGPS CHAK 752 GB,T.T.SINGH,PIR MAHAL,"district bbox (Toba Tek Singh District, rel 16117652)",way,487508261,(unnamed amenity=school POI),30.536692,72.699357,https://www.openstreetmap.org/way/487508261,21.7,tehsil sibling median (1 schools),0.0,0.0,0.0,0.0,Unnamed_POI,,NEEDS MANUAL VERIFICATION - not accepted
33340414,GGPS CHAK 752 GB,T.T.SINGH,PIR MAHAL,"district bbox (Toba Tek Singh District, rel 16117652)",way,311681165,(unnamed amenity=school POI),30.945543,72.717405,https://www.openstreetmap.org/way/311681165,38.5,tehsil sibling median (1 schools),0.0,0.0,0.0,0.0,Unnamed_POI,,NEEDS MANUAL VERIFICATION - not accepted
33410240,GPS CHAK NO 466 JB DEPUTY WALA,CHINIOT,BHOWANA,"district bbox (Chiniot District, rel 16117672)",node,7848528985,GOVT High School Chak 8JB,31.484719,73.048542,https://www.openstreetmap.org/node/7848528985,28.1,district sibling median (3 schools),0.5,0.167,0.5,0.452,Possible,,NEEDS MANUAL VERIFICATION - not accepted
33410240,GPS CHAK NO 466 JB DEPUTY WALA,CHINIOT,BHOWANA,"district bbox (Chiniot District, rel 16117672)",way,247203697,31 chak school,31.492545,72.877258,https://www.openstreetmap.org/way/247203697,28.4,district sibling median (3 schools),0.5,0.167,0.5,0.267,Possible,,NEEDS MANUAL VERIFICATION - not accepted
33410240,GPS CHAK NO 466 JB DEPUTY WALA,CHINIOT,BHOWANA,"district bbox (Chiniot District, rel 16117672)",node,6264405786,Markaz Al Deen Ul Khalis,31.400064,73.109963,https://www.openstreetmap.org/node/6264405786,38.7,district sibling median (3 schools),0.426,0.0,0.0,0.426,Possible,,NEEDS MANUAL VERIFICATION - not accepted
33410240,GPS CHAK NO 466 JB DEPUTY WALA,CHINIOT,BHOWANA,"district bbox (Chiniot District, rel 16117672)",node,5279569522,Govt. Middle School for Boys Gatwala,31.461723,73.191925,https://www.openstreetmap.org/node/5279569522,35.9,district sibling median (3 schools),0.353,0.0,0.0,0.353,Weak,,NEEDS MANUAL VERIFICATION - not accepted
33410240,GPS CHAK NO 466 JB DEPUTY WALA,CHINIOT,BHOWANA,"district bbox (Chiniot District, rel 16117672)",node,5259931200,The City Grammar School,31.405205,73.111641,https://www.openstreetmap.org/node/5259931200,38.2,district sibling median (3 schools),0.343,0.0,0.0,0.343,Weak,,NEEDS MANUAL VERIFICATION - not accepted
33410240,GPS CHAK NO 466 JB DEPUTY WALA,CHINIOT,BHOWANA,"district bbox (Chiniot District, rel 16117672)",node,1029599217,Punjab International Public School,31.564149,72.651533,https://www.openstreetmap.org/node/1029599217,36.5,district sibling median (3 schools),0.326,0.0,0.0,0.326,Weak,,NEEDS MANUAL VERIFICATION - not accepted
33410240,GPS CHAK NO 466 JB DEPUTY WALA,CHINIOT,BHOWANA,"district bbox (Chiniot District, rel 16117672)",way,1486191892,(unnamed amenity=school POI),31.76107,72.908324,https://www.openstreetmap.org/way/1486191892,7.9,district sibling median (3 schools),0.0,0.0,0.0,0.0,Unnamed_POI,,NEEDS MANUAL VERIFICATION - not accepted
33410240,GPS CHAK NO 466 JB DEPUTY WALA,CHINIOT,BHOWANA,"district bbox (Chiniot District, rel 16117672)",node,13626280079,(unnamed amenity=school POI),31.757581,72.904618,https://www.openstreetmap.org/node/13626280079,8.0,district sibling median (3 schools),0.0,0.0,0.0,0.0,Unnamed_POI,,NEEDS MANUAL VERIFICATION - not accepted
33410240,GPS CHAK NO 466 JB DEPUTY WALA,CHINIOT,BHOWANA,"district bbox (Chiniot District, rel 16117672)",way,1486191888,(unnamed amenity=school POI),31.766466,72.907015,https://www.openstreetmap.org/way/1486191888,8.2,district sibling median (3 schools),0.0,0.0,0.0,0.0,Unnamed_POI,,NEEDS MANUAL VERIFICATION - not accepted
33410296,GPS RAZA NAGAR,CHINIOT,BHOWANA,"district bbox (Chiniot District, rel 16117672)",node,6264405786,Markaz Al Deen Ul Khalis,31.400064,73.109963,https://www.openstreetmap.org/node/6264405786,38.7,district sibling median (3 schools),0.412,0.0,0.0,0.412,Possible,,NEEDS MANUAL VERIFICATION - not accepted
33410296,GPS RAZA NAGAR,CHINIOT,BHOWANA,"district bbox (Chiniot District, rel 16117672)",node,5279569522,Govt. Middle School for Boys Gatwala,31.461723,73.191925,https://www.openstreetmap.org/node/5279569522,35.9,district sibling median (3 schools),0.381,0.0,0.0,0.381,Weak,,NEEDS MANUAL VERIFICATION - not accepted
33410296,GPS RAZA NAGAR,CHINIOT,BHOWANA,"district bbox (Chiniot District, rel 16117672)",node,5208500531,Kaplan,31.412874,73.104687,https://www.openstreetmap.org/node/5208500531,37.2,district sibling median (3 schools),0.375,0.0,0.0,0.375,Weak,,NEEDS MANUAL VERIFICATION - not accepted
33410296,GPS RAZA NAGAR,CHINIOT,BHOWANA,"district bbox (Chiniot District, rel 16117672)",node,5259931200,The City Grammar School,31.405205,73.111641,https://www.openstreetmap.org/node/5259931200,38.2,district sibling median (3 schools),0.364,0.0,0.0,0.364,Weak,,NEEDS MANUAL VERIFICATION - not accepted
33410296,GPS RAZA NAGAR,CHINIOT,BHOWANA,"district bbox (Chiniot District, rel 16117672)",node,5207471021,Government MC higher secondary school Gulam Mohammad Abad,31.444926,73.040828,https://www.openstreetmap.org/node/5207471021,32.3,district sibling median (3 schools),0.345,0.0,0.0,0.345,Weak,,NEEDS MANUAL VERIFICATION - not accepted
33410296,GPS RAZA NAGAR,CHINIOT,BHOWANA,"district bbox (Chiniot District, rel 16117672)",node,5255258620,Govt. Crescent Model High School Faisalabad,31.450124,73.091022,https://www.openstreetmap.org/node/5255258620,32.8,district sibling median (3 schools),0.345,0.0,0.0,0.345,Weak,,NEEDS MANUAL VERIFICATION - not accepted
33410296,GPS RAZA NAGAR,CHINIOT,BHOWANA,"district bbox (Chiniot District, rel 16117672)",way,1486191892,(unnamed amenity=school POI),31.76107,72.908324,https://www.openstreetmap.org/way/1486191892,7.9,district sibling median (3 schools),0.0,0.0,0.0,0.0,Unnamed_POI,,NEEDS MANUAL VERIFICATION - not accepted
33410296,GPS RAZA NAGAR,CHINIOT,BHOWANA,"district bbox (Chiniot District, rel 16117672)",node,13626280079,(unnamed amenity=school POI),31.757581,72.904618,https://www.openstreetmap.org/node/13626280079,8.0,district sibling median (3 schools),0.0,0.0,0.0,0.0,Unnamed_POI,,NEEDS MANUAL VERIFICATION - not accepted
33410296,GPS RAZA NAGAR,CHINIOT,BHOWANA,"district bbox (Chiniot District, rel 16117672)",way,1486191888,(unnamed amenity=school POI),31.766466,72.907015,https://www.openstreetmap.org/way/1486191888,8.2,district sibling median (3 schools),0.0,0.0,0.0,0.0,Unnamed_POI,,NEEDS MANUAL VERIFICATION - not accepted
34110497,GPS DERA KULIAN,GUJRANWALA,GUJRANWALA SADAR,"district bbox (Gujranwala District, rel 16117671)",node,4602240391,modern masali school,31.969092,73.979324,https://www.openstreetmap.org/node/4602240391,35.1,district sibling median (7 schools),0.5,0.0,0.0,0.5,Possible,,NEEDS MANUAL VERIFICATION - not accepted
34110497,GPS DERA KULIAN,GUJRANWALA,GUJRANWALA SADAR,"district bbox (Gujranwala District, rel 16117671)",node,5078274321,Fedral School,32.094496,74.179738,https://www.openstreetmap.org/node/5078274321,16.8,district sibling median (7 schools),0.471,0.0,0.0,0.471,Possible,,NEEDS MANUAL VERIFICATION - not accepted
34110497,GPS DERA KULIAN,GUJRANWALA,GUJRANWALA SADAR,"district bbox (Gujranwala District, rel 16117671)",node,4602214196,PIPS NOWSHERA VIRKAN,31.965442,73.975781,https://www.openstreetmap.org/node/4602214196,35.6,district sibling median (7 schools),0.452,0.0,0.0,0.452,Possible,,NEEDS MANUAL VERIFICATION - not accepted
34110497,GPS DERA KULIAN,GUJRANWALA,GUJRANWALA SADAR,"district bbox (Gujranwala District, rel 16117671)",node,7454523365,Dar-ul-Uloom,32.306207,74.147678,https://www.openstreetmap.org/node/7454523365,35.4,district sibling median (7 schools),0.435,0.0,0.0,0.435,Possible,,NEEDS MANUAL VERIFICATION - not accepted
34110497,GPS DERA KULIAN,GUJRANWALA,GUJRANWALA SADAR,"district bbox (Gujranwala District, rel 16117671)",node,4527997191,EFA school jandilia sher khan,31.824083,73.941413,https://www.openstreetmap.org/node/4527997191,44.6,district sibling median (7 schools),0.424,0.0,0.0,0.424,Possible,,NEEDS MANUAL VERIFICATION - not accepted
34110497,GPS DERA KULIAN,GUJRANWALA,GUJRANWALA SADAR,"district bbox (Gujranwala District, rel 16117671)",way,292617518,Iqra Jannat-ul-Atfal,32.306712,74.147778,https://www.openstreetmap.org/way/292617518,35.4,district sibling median (7 schools),0.387,0.0,0.0,0.387,Weak,,NEEDS MANUAL VERIFICATION - not accepted
34110497,GPS DERA KULIAN,GUJRANWALA,GUJRANWALA SADAR,"district bbox (Gujranwala District, rel 16117671)",way,1540204945,(unnamed amenity=school POI),32.051814,74.342909,https://www.openstreetmap.org/way/1540204945,1.9,district sibling median (7 schools),0.0,0.0,0.0,0.0,Unnamed_POI,,NEEDS MANUAL VERIFICATION - not accepted
34110497,GPS DERA KULIAN,GUJRANWALA,GUJRANWALA SADAR,"district bbox (Gujranwala District, rel 16117671)",way,1548283086,(unnamed amenity=school POI),32.025212,74.396554,https://www.openstreetmap.org/way/1548283086,5.1,district sibling median (7 schools),0.0,0.0,0.0,0.0,Unnamed_POI,,NEEDS MANUAL VERIFICATION - not accepted
34110497,GPS DERA KULIAN,GUJRANWALA,GUJRANWALA SADAR,"district bbox (Gujranwala District, rel 16117671)",way,1548283084,(unnamed amenity=school POI),32.028674,74.403537,https://www.openstreetmap.org/way/1548283084,5.7,district sibling median (7 schools),0.0,0.0,0.0,0.0,Unnamed_POI,,NEEDS MANUAL VERIFICATION - not accepted
34140293,GGPS DEEPAY PUR,GUJRANWALA,NOSHERA VIRKAN,"district bbox (Gujranwala District, rel 16117671)",node,7454523365,Dar-ul-Uloom,32.306207,74.147678,https://www.openstreetmap.org/node/7454523365,33.3,tehsil sibling median (2 schools),0.364,0.0,0.0,0.364,Weak,,NEEDS MANUAL VERIFICATION - not accepted
34140293,GGPS DEEPAY PUR,GUJRANWALA,NOSHERA VIRKAN,"district bbox (Gujranwala District, rel 16117671)",node,4905664820,Allied School Faiz Campus,32.197351,74.212173,https://www.openstreetmap.org/node/4905664820,24.9,tehsil sibling median (2 schools),0.357,0.0,0.0,0.357,Weak,,NEEDS MANUAL VERIFICATION - not accepted
34140293,GGPS DEEPAY PUR,GUJRANWALA,NOSHERA VIRKAN,"district bbox (Gujranwala District, rel 16117671)",node,4905788812,Allied School Canal Campus,32.160388,74.2119,https://www.openstreetmap.org/node/4905788812,21.7,tehsil sibling median (2 schools),0.345,0.0,0.0,0.345,Weak,,NEEDS MANUAL VERIFICATION - not accepted
34140293,GGPS DEEPAY PUR,GUJRANWALA,NOSHERA VIRKAN,"district bbox (Gujranwala District, rel 16117671)",node,4905790436,Allied School Khiali Campus,32.126779,74.179283,https://www.openstreetmap.org/node/4905790436,16.9,tehsil sibling median (2 schools),0.333,0.0,0.0,0.333,Weak,,NEEDS MANUAL VERIFICATION - not accepted
34140293,GGPS DEEPAY PUR,GUJRANWALA,NOSHERA VIRKAN,"district bbox (Gujranwala District, rel 16117671)",node,4905790437,Allied School City Campus Gujranwala,32.126515,74.178787,https://www.openstreetmap.org/node/4905790437,16.8,tehsil sibling median (2 schools),0.308,0.0,0.0,0.308,Weak,,NEEDS MANUAL VERIFICATION - not accepted
34140293,GGPS DEEPAY PUR,GUJRANWALA,NOSHERA VIRKAN,"district bbox (Gujranwala District, rel 16117671)",node,4976863122,Garrison Academy Junior Campus (APS),32.252229,74.107367,https://www.openstreetmap.org/node/4976863122,26.6,tehsil sibling median (2 schools),0.273,0.0,0.0,0.273,Weak,,NEEDS MANUAL VERIFICATION - not accepted
34140293,GGPS DEEPAY PUR,GUJRANWALA,NOSHERA VIRKAN,"district bbox (Gujranwala District, rel 16117671)",way,445275645,(unnamed amenity=school POI),32.15431,74.167125,https://www.openstreetmap.org/way/445275645,18.5,tehsil sibling median (2 schools),0.0,0.0,0.0,0.0,Unnamed_POI,,NEEDS MANUAL VERIFICATION - not accepted
34140293,GGPS DEEPAY PUR,GUJRANWALA,NOSHERA VIRKAN,"district bbox (Gujranwala District, rel 16117671)",way,209007632,(unnamed amenity=school POI),32.129487,74.208882,https://www.openstreetmap.org/way/209007632,19.1,tehsil sibling median (2 schools),0.0,0.0,0.0,0.0,Unnamed_POI,,NEEDS MANUAL VERIFICATION - not accepted
34140293,GGPS DEEPAY PUR,GUJRANWALA,NOSHERA VIRKAN,"district bbox (Gujranwala District, rel 16117671)",way,287517964,(unnamed amenity=school POI),32.173442,74.180934,https://www.openstreetmap.org/way/287517964,21.0,tehsil sibling median (2 schools),0.0,0.0,0.0,0.0,Unnamed_POI,,NEEDS MANUAL VERIFICATION - not accepted
34620121,GPS BHACHER,MANDI BAHA UD DIN,MANDI BAHUDDIN,"district bbox (Mandi Bahauddin District, rel 16117670)",node,5352343626,Bahak Ahmad Yar,32.227328,73.537928,https://www.openstreetmap.org/node/5352343626,39.4,district sibling median (2 schools),0.455,0.0,0.0,0.455,Possible,,NEEDS MANUAL VERIFICATION - not accepted
34620121,GPS BHACHER,MANDI BAHA UD DIN,MANDI BAHUDDIN,"district bbox (Mandi Bahauddin District, rel 16117670)",node,5737045490,GBPS DAFFAR,32.421904,73.220152,https://www.openstreetmap.org/node/5737045490,29.9,district sibling median (2 schools),0.333,0.0,0.0,0.333,Weak,,NEEDS MANUAL VERIFICATION - not accepted
34620121,GPS BHACHER,MANDI BAHA UD DIN,MANDI BAHUDDIN,"district bbox (Mandi Bahauddin District, rel 16117670)",way,1258171965,Govt. Hight School Phalia Ameer,32.428789,73.576064,https://www.openstreetmap.org/way/1258171965,18.9,district sibling median (2 schools),0.32,0.0,0.0,0.32,Weak,,NEEDS MANUAL VERIFICATION - not accepted
34620121,GPS BHACHER,MANDI BAHA UD DIN,MANDI BAHUDDIN,"district bbox (Mandi Bahauddin District, rel 16117670)",way,1028275676,Govt Girls Primary School Nathial,32.682194,73.356083,https://www.openstreetmap.org/way/1028275676,16.4,district sibling median (2 schools),0.286,0.0,0.0,0.286,Weak,,NEEDS MANUAL VERIFICATION - not accepted
34620121,GPS BHACHER,MANDI BAHA UD DIN,MANDI BAHUDDIN,"district bbox (Mandi Bahauddin District, rel 16117670)",node,4364299890,Punjab collage,32.429928,73.596067,https://www.openstreetmap.org/node/4364299890,19.8,district sibling median (2 schools),0.286,0.0,0.0,0.286,Weak,,NEEDS MANUAL VERIFICATION - not accepted
34620121,GPS BHACHER,MANDI BAHA UD DIN,MANDI BAHUDDIN,"district bbox (Mandi Bahauddin District, rel 16117670)",node,4555293289,Govt. High School Chak Saida,32.536131,73.164244,https://www.openstreetmap.org/node/4555293289,29.9,district sibling median (2 schools),0.235,0.0,0.0,0.235,Weak,,NEEDS MANUAL VERIFICATION - not accepted
34620121,GPS BHACHER,MANDI BAHA UD DIN,MANDI BAHUDDIN,"district bbox (Mandi Bahauddin District, rel 16117670)",node,5383818653,(unnamed amenity=school POI),32.314204,73.185453,https://www.openstreetmap.org/node/5383818653,40.3,district sibling median (2 schools),0.0,0.0,0.0,0.0,Unnamed_POI,,NEEDS MANUAL VERIFICATION - not accepted
34620216,GGPS KOT AHMAD SHAH,MANDI BAHA UD DIN,MANDI BAHUDDIN,"district bbox (Mandi Bahauddin District, rel 16117670)",node,5352343626,Bahak Ahmad Yar,32.227328,73.537928,https://www.openstreetmap.org/node/5352343626,39.4,district sibling median (2 schools),0.621,0.2,0.333,0.621,Possible,,NEEDS MANUAL VERIFICATION - not accepted
34620216,GGPS KOT AHMAD SHAH,MANDI BAHA UD DIN,MANDI BAHUDDIN,"district bbox (Mandi Bahauddin District, rel 16117670)",node,4521062790,The Grammar School Dinga,32.633749,73.723855,https://www.openstreetmap.org/node/4521062790,23.7,district sibling median (2 schools),0.37,0.0,0.0,0.37,Weak,,NEEDS MANUAL VERIFICATION - not accepted
34620216,GGPS KOT AHMAD SHAH,MANDI BAHA UD DIN,MANDI BAHUDDIN,"district bbox (Mandi Bahauddin District, rel 16117670)",node,5829703592,sufi foundation school kot ishaq,32.143816,73.478239,https://www.openstreetmap.org/node/5829703592,48.3,district sibling median (2 schools),0.359,0.167,0.333,0.359,Weak,,NEEDS MANUAL VERIFICATION - not accepted
34620216,GGPS KOT AHMAD SHAH,MANDI BAHA UD DIN,MANDI BAHUDDIN,"district bbox (Mandi Bahauddin District, rel 16117670)",node,7244237488,GCT - TEVTA Rasul,32.678669,73.562621,https://www.openstreetmap.org/node/7244237488,13.6,district sibling median (2 schools),0.345,0.0,0.0,0.345,Weak,,NEEDS MANUAL VERIFICATION - not accepted
34620216,GGPS KOT AHMAD SHAH,MANDI BAHA UD DIN,MANDI BAHUDDIN,"district bbox (Mandi Bahauddin District, rel 16117670)",node,5529035364,Abdullah Public Model High School Kang Channan,32.480137,73.834814,https://www.openstreetmap.org/node/5529035364,35.0,district sibling median (2 schools),0.343,0.0,0.0,0.343,Weak,,NEEDS MANUAL VERIFICATION - not accepted
34620216,GGPS KOT AHMAD SHAH,MANDI BAHA UD DIN,MANDI BAHUDDIN,"district bbox (Mandi Bahauddin District, rel 16117670)",node,4555293289,Govt. High School Chak Saida,32.536131,73.164244,https://www.openstreetmap.org/node/4555293289,29.9,district sibling median (2 schools),0.333,0.0,0.0,0.333,Weak,,NEEDS MANUAL VERIFICATION - not accepted
34620216,GGPS KOT AHMAD SHAH,MANDI BAHA UD DIN,MANDI BAHUDDIN,"district bbox (Mandi Bahauddin District, rel 16117670)",node,5383818653,(unnamed amenity=school POI),32.314204,73.185453,https://www.openstreetmap.org/node/5383818653,40.3,district sibling median (2 schools),0.0,0.0,0.0,0.0,Unnamed_POI,,NEEDS MANUAL VERIFICATION - not accepted
34620292,GGPS MC DERA ROSHAN MBDIN,MANDI BAHA UD DIN,MANDI BAHUDDIN,"district bbox (Mandi Bahauddin District, rel 16117670)",node,4521062790,The Grammar School Dinga,32.633749,73.723855,https://www.openstreetmap.org/node/4521062790,23.7,district sibling median (2 schools),0.4,0.0,0.0,0.4,Possible,,NEEDS MANUAL VERIFICATION - not accepted
34620292,GGPS MC DERA ROSHAN MBDIN,MANDI BAHA UD DIN,MANDI BAHUDDIN,"district bbox (Mandi Bahauddin District, rel 16117670)",node,5352343626,Bahak Ahmad Yar,32.227328,73.537928,https://www.openstreetmap.org/node/5352343626,39.4,district sibling median (2 schools),0.375,0.0,0.0,0.375,Weak,,NEEDS MANUAL VERIFICATION - not accepted
34620292,GGPS MC DERA ROSHAN MBDIN,MANDI BAHA UD DIN,MANDI BAHUDDIN,"district bbox (Mandi Bahauddin District, rel 16117670)",node,5529035364,Abdullah Public Model High School Kang Channan,32.480137,73.834814,https://www.openstreetmap.org/node/5529035364,35.0,district sibling median (2 schools),0.368,0.0,0.0,0.368,Weak,,NEEDS MANUAL VERIFICATION - not accepted
34620292,GGPS MC DERA ROSHAN MBDIN,MANDI BAHA UD DIN,MANDI BAHUDDIN,"district bbox (Mandi Bahauddin District, rel 16117670)",node,5829703592,sufi foundation school kot ishaq,32.143816,73.478239,https://www.openstreetmap.org/node/5829703592,48.3,district sibling median (2 schools),0.333,0.0,0.0,0.333,Weak,,NEEDS MANUAL VERIFICATION - not accepted
34620292,GGPS MC DERA ROSHAN MBDIN,MANDI BAHA UD DIN,MANDI BAHUDDIN,"district bbox (Mandi Bahauddin District, rel 16117670)",node,7244237488,GCT - TEVTA Rasul,32.678669,73.562621,https://www.openstreetmap.org/node/7244237488,13.6,district sibling median (2 schools),0.312,0.0,0.0,0.312,Weak,,NEEDS MANUAL VERIFICATION - not accepted
34620292,GGPS MC DERA ROSHAN MBDIN,MANDI BAHA UD DIN,MANDI BAHUDDIN,"district bbox (Mandi Bahauddin District, rel 16117670)",node,4555293289,Govt. High School Chak Saida,32.536131,73.164244,https://www.openstreetmap.org/node/4555293289,29.9,district sibling median (2 schools),0.296,0.0,0.0,0.296,Weak,,NEEDS MANUAL VERIFICATION - not accepted
34620292,GGPS MC DERA ROSHAN MBDIN,MANDI BAHA UD DIN,MANDI BAHUDDIN,"district bbox (Mandi Bahauddin District, rel 16117670)",node,5383818653,(unnamed amenity=school POI),32.314204,73.185453,https://www.openstreetmap.org/node/5383818653,40.3,district sibling median (2 schools),0.0,0.0,0.0,0.0,Unnamed_POI,,NEEDS MANUAL VERIFICATION - not accepted
36120213,GGPS NAWAN SHER SHUJABAD DISTT. MULTAN,MULTAN,SHUJA ABAD,"district bbox (Multan District, rel 16117648)",node,1921953281,"Govt. Pakistan High School, Hussain Agahi Multan",30.195708,71.471794,https://www.openstreetmap.org/node/1921953281,61.3,tehsil sibling median (1 schools),0.525,0.125,0.25,0.525,Possible,,NEEDS MANUAL VERIFICATION - not accepted
36120213,GGPS NAWAN SHER SHUJABAD DISTT. MULTAN,MULTAN,SHUJA ABAD,"district bbox (Multan District, rel 16117648)",node,1921954024,Multan Polytechnic,30.198133,71.48514,https://www.openstreetmap.org/node/1921954024,62.0,tehsil sibling median (1 schools),0.5,0.167,0.5,0.24,Possible,,NEEDS MANUAL VERIFICATION - not accepted
36120213,GGPS NAWAN SHER SHUJABAD DISTT. MULTAN,MULTAN,SHUJA ABAD,"district bbox (Multan District, rel 16117648)",node,1921953269,Govt. Girls SchoolNew Multan,30.204999,71.506405,https://www.openstreetmap.org/node/1921953269,63.5,tehsil sibling median (1 schools),0.5,0.167,0.5,0.375,Possible,,NEEDS MANUAL VERIFICATION - not accepted
36120213,GGPS NAWAN SHER SHUJABAD DISTT. MULTAN,MULTAN,SHUJA ABAD,"district bbox (Multan District, rel 16117648)",node,1921953142,Govt College Multan,30.223,71.476904,https://www.openstreetmap.org/node/1921953142,64.3,tehsil sibling median (1 schools),0.5,0.167,0.5,0.348,Possible,,NEEDS MANUAL VERIFICATION - not accepted
36120213,GGPS NAWAN SHER SHUJABAD DISTT. MULTAN,MULTAN,SHUJA ABAD,"district bbox (Multan District, rel 16117648)",node,6345539905,Govt. Comprehensive Higher Secondary School Multan,30.228597,71.473837,https://www.openstreetmap.org/node/6345539905,64.8,tehsil sibling median (1 schools),0.5,0.167,0.5,0.423,Possible,,NEEDS MANUAL VERIFICATION - not accepted
36120213,GGPS NAWAN SHER SHUJABAD DISTT. MULTAN,MULTAN,SHUJA ABAD,"district bbox (Multan District, rel 16117648)",node,1921954034,NFC IET Multan,30.22032,71.538141,https://www.openstreetmap.org/node/1921954034,66.3,tehsil sibling median (1 schools),0.478,0.143,0.333,0.478,Possible,,NEEDS MANUAL VERIFICATION - not accepted
36120213,GGPS NAWAN SHER SHUJABAD DISTT. MULTAN,MULTAN,SHUJA ABAD,"district bbox (Multan District, rel 16117648)",way,431586798,(unnamed amenity=school POI),29.884398,71.298753,https://www.openstreetmap.org/way/431586798,23.4,tehsil sibling median (1 schools),0.0,0.0,0.0,0.0,Unnamed_POI,,NEEDS MANUAL VERIFICATION - not accepted
36120213,GGPS NAWAN SHER SHUJABAD DISTT. MULTAN,MULTAN,SHUJA ABAD,"district bbox (Multan District, rel 16117648)",way,182024874,(unnamed amenity=school POI),30.213207,71.472373,https://www.openstreetmap.org/way/182024874,63.1,tehsil sibling median (1 schools),0.0,0.0,0.0,0.0,Unnamed_POI,,NEEDS MANUAL VERIFICATION - not accepted
36120213,GGPS NAWAN SHER SHUJABAD DISTT. MULTAN,MULTAN,SHUJA ABAD,"district bbox (Multan District, rel 16117648)",way,182024883,(unnamed amenity=school POI),30.204435,71.516679,https://www.openstreetmap.org/way/182024883,63.8,tehsil sibling median (1 schools),0.0,0.0,0.0,0.0,Unnamed_POI,,NEEDS MANUAL VERIFICATION - not accepted
36130129,GGES BASTI JALIL MULTAN P/O BASTI JALIL,MULTAN,MULTAN SADAR,"district bbox (Multan District, rel 16117648)",node,1921954024,Multan Polytechnic,30.198133,71.48514,https://www.openstreetmap.org/node/1921954024,2.6,district sibling median (3 schools),0.5,0.143,0.5,0.386,Possible,,NEEDS MANUAL VERIFICATION - not accepted
36130129,GGES BASTI JALIL MULTAN P/O BASTI JALIL,MULTAN,MULTAN SADAR,"district bbox (Multan District, rel 16117648)",node,1921953142,Govt College Multan,30.223,71.476904,https://www.openstreetmap.org/node/1921953142,4.7,district sibling median (3 schools),0.5,0.143,0.5,0.34,Possible,,NEEDS MANUAL VERIFICATION - not accepted
36130129,GGES BASTI JALIL MULTAN P/O BASTI JALIL,MULTAN,MULTAN SADAR,"district bbox (Multan District, rel 16117648)",node,1921953269,Govt. Girls SchoolNew Multan,30.204999,71.506405,https://www.openstreetmap.org/node/1921953269,4.7,district sibling median (3 schools),0.5,0.143,0.5,0.291,Possible,,NEEDS MANUAL VERIFICATION - not accepted
36130129,GGES BASTI JALIL MULTAN P/O BASTI JALIL,MULTAN,MULTAN SADAR,"district bbox (Multan District, rel 16117648)",node,6345539905,Govt. Comprehensive Higher Secondary School Multan,30.228597,71.473837,https://www.openstreetmap.org/node/6345539905,5.2,district sibling median (3 schools),0.5,0.143,0.5,0.339,Possible,,NEEDS MANUAL VERIFICATION - not accepted
36130129,GGES BASTI JALIL MULTAN P/O BASTI JALIL,MULTAN,MULTAN SADAR,"district bbox (Multan District, rel 16117648)",node,1921953282,Govt. Secondary School New Central Jail Multan,30.162771,71.474991,https://www.openstreetmap.org/node/1921953282,2.4,district sibling median (3 schools),0.484,0.111,0.25,0.484,Possible,,NEEDS MANUAL VERIFICATION - not accepted
36130129,GGES BASTI JALIL MULTAN P/O BASTI JALIL,MULTAN,MULTAN SADAR,"district bbox (Multan District, rel 16117648)",node,1921954448,University Of Education Lahore (Multan Campus),30.219355,71.476514,https://www.openstreetmap.org/node/1921954448,4.3,district sibling median (3 schools),0.45,0.1,0.2,0.45,Possible,,NEEDS MANUAL VERIFICATION - not accepted
36130129,GGES BASTI JALIL MULTAN P/O BASTI JALIL,MULTAN,MULTAN SADAR,"district bbox (Multan District, rel 16117648)",way,182024874,(unnamed amenity=school POI),30.213207,71.472373,https://www.openstreetmap.org/way/182024874,3.5,district sibling median (3 schools),0.0,0.0,0.0,0.0,Unnamed_POI,,NEEDS MANUAL VERIFICATION - not accepted
36130129,GGES BASTI JALIL MULTAN P/O BASTI JALIL,MULTAN,MULTAN SADAR,"district bbox (Multan District, rel 16117648)",way,182024883,(unnamed amenity=school POI),30.204435,71.516679,https://www.openstreetmap.org/way/182024883,5.5,district sibling median (3 schools),0.0,0.0,0.0,0.0,Unnamed_POI,,NEEDS MANUAL VERIFICATION - not accepted
36130129,GGES BASTI JALIL MULTAN P/O BASTI JALIL,MULTAN,MULTAN SADAR,"district bbox (Multan District, rel 16117648)",way,431586798,(unnamed amenity=school POI),29.884398,71.298753,https://www.openstreetmap.org/way/431586798,36.8,district sibling median (3 schools),0.0,0.0,0.0,0.0,Unnamed_POI,,NEEDS MANUAL VERIFICATION - not accepted
36130150,GPS KOTLA SADAT,MULTAN,MULTAN SADAR,"district bbox (Multan District, rel 16117648)",node,1921954007,Moona Grammar School,30.175495,71.491084,https://www.openstreetmap.org/node/1921954007,2.6,district sibling median (3 schools),0.417,0.0,0.0,0.417,Possible,,NEEDS MANUAL VERIFICATION - not accepted
36130150,GPS KOTLA SADAT,MULTAN,MULTAN SADAR,"district bbox (Multan District, rel 16117648)",node,1921953281,"Govt. Pakistan High School, Hussain Agahi Multan",30.195708,71.471794,https://www.openstreetmap.org/node/1921953281,1.6,district sibling median (3 schools),0.4,0.0,0.0,0.4,Possible,,NEEDS MANUAL VERIFICATION - not accepted
36130150,GPS KOTLA SADAT,MULTAN,MULTAN SADAR,"district bbox (Multan District, rel 16117648)",node,1921953763,Lahore Grammar School,30.210342,71.473231,https://www.openstreetmap.org/node/1921953763,3.2,district sibling median (3 schools),0.4,0.0,0.0,0.4,Possible,,NEEDS MANUAL VERIFICATION - not accepted
36130150,GPS KOTLA SADAT,MULTAN,MULTAN SADAR,"district bbox (Multan District, rel 16117648)",node,1921954048,National Foundation School,30.216872,71.469906,https://www.openstreetmap.org/node/1921954048,3.9,district sibling median (3 schools),0.4,0.0,0.0,0.4,Possible,,NEEDS MANUAL VERIFICATION - not accepted
36130150,GPS KOTLA SADAT,MULTAN,MULTAN SADAR,"district bbox (Multan District, rel 16117648)",node,1921953753,Kids Foundation School,30.197253,71.439135,https://www.openstreetmap.org/node/1921953753,3.0,district sibling median (3 schools),0.385,0.0,0.0,0.385,Weak,,NEEDS MANUAL VERIFICATION - not accepted
36130150,GPS KOTLA SADAT,MULTAN,MULTAN SADAR,"district bbox (Multan District, rel 16117648)",node,1921954457,Virtual Universit,30.211759,71.471772,https://www.openstreetmap.org/node/1921954457,3.3,district sibling median (3 schools),0.357,0.0,0.0,0.357,Weak,,NEEDS MANUAL VERIFICATION - not accepted
36130150,GPS KOTLA SADAT,MULTAN,MULTAN SADAR,"district bbox (Multan District, rel 16117648)",way,182024874,(unnamed amenity=school POI),30.213207,71.472373,https://www.openstreetmap.org/way/182024874,3.5,district sibling median (3 schools),0.0,0.0,0.0,0.0,Unnamed_POI,,NEEDS MANUAL VERIFICATION - not accepted
36130150,GPS KOTLA SADAT,MULTAN,MULTAN SADAR,"district bbox (Multan District, rel 16117648)",way,182024883,(unnamed amenity=school POI),30.204435,71.516679,https://www.openstreetmap.org/way/182024883,5.5,district sibling median (3 schools),0.0,0.0,0.0,0.0,Unnamed_POI,,NEEDS MANUAL VERIFICATION - not accepted
36130150,GPS KOTLA SADAT,MULTAN,MULTAN SADAR,"district bbox (Multan District, rel 16117648)",way,431586798,(unnamed amenity=school POI),29.884398,71.298753,https://www.openstreetmap.org/way/431586798,36.8,district sibling median (3 schools),0.0,0.0,0.0,0.0,Unnamed_POI,,NEEDS MANUAL VERIFICATION - not accepted
36130239,GPS RANA WAHIN,MULTAN,MULTAN SADAR,"district bbox (Multan District, rel 16117648)",way,531141298,Government High School Jahanian,30.036757,71.819309,https://www.openstreetmap.org/way/531141298,37.7,district sibling median (3 schools),0.444,0.0,0.0,0.444,Possible,,NEEDS MANUAL VERIFICATION - not accepted
36130239,GPS RANA WAHIN,MULTAN,MULTAN SADAR,"district bbox (Multan District, rel 16117648)",node,1921952399,Aam Khas Bagh School,30.196459,71.480806,https://www.openstreetmap.org/node/1921952399,2.2,district sibling median (3 schools),0.435,0.0,0.0,0.435,Possible,,NEEDS MANUAL VERIFICATION - not accepted
36130239,GPS RANA WAHIN,MULTAN,MULTAN SADAR,"district bbox (Multan District, rel 16117648)",way,902844407,Kirri Afghanan High School,30.196061,71.46364,https://www.openstreetmap.org/way/902844407,1.5,district sibling median (3 schools),0.417,0.0,0.0,0.417,Possible,,NEEDS MANUAL VERIFICATION - not accepted
36130239,GPS RANA WAHIN,MULTAN,MULTAN SADAR,"district bbox (Multan District, rel 16117648)",node,1921954048,National Foundation School,30.216872,71.469906,https://www.openstreetmap.org/node/1921954048,3.9,district sibling median (3 schools),0.414,0.0,0.0,0.414,Possible,,NEEDS MANUAL VERIFICATION - not accepted
36130239,GPS RANA WAHIN,MULTAN,MULTAN SADAR,"district bbox (Multan District, rel 16117648)",node,1921953281,"Govt. Pakistan High School, Hussain Agahi Multan",30.195708,71.471794,https://www.openstreetmap.org/node/1921953281,1.6,district sibling median (3 schools),0.41,0.0,0.0,0.41,Possible,,NEEDS MANUAL VERIFICATION - not accepted
36130239,GPS RANA WAHIN,MULTAN,MULTAN SADAR,"district bbox (Multan District, rel 16117648)",node,1921953275,Govt. M.A. Jinnah High School,30.167212,71.492436,https://www.openstreetmap.org/node/1921953275,3.1,district sibling median (3 schools),0.4,0.0,0.0,0.4,Possible,,NEEDS MANUAL VERIFICATION - not accepted
36130239,GPS RANA WAHIN,MULTAN,MULTAN SADAR,"district bbox (Multan District, rel 16117648)",way,182024874,(unnamed amenity=school POI),30.213207,71.472373,https://www.openstreetmap.org/way/182024874,3.5,district sibling median (3 schools),0.0,0.0,0.0,0.0,Unnamed_POI,,NEEDS MANUAL VERIFICATION - not accepted
36130239,GPS RANA WAHIN,MULTAN,MULTAN SADAR,"district bbox (Multan District, rel 16117648)",way,182024883,(unnamed amenity=school POI),30.204435,71.516679,https://www.openstreetmap.org/way/182024883,5.5,district sibling median (3 schools),0.0,0.0,0.0,0.0,Unnamed_POI,,NEEDS MANUAL VERIFICATION - not accepted
36130239,GPS RANA WAHIN,MULTAN,MULTAN SADAR,"district bbox (Multan District, rel 16117648)",way,431586798,(unnamed amenity=school POI),29.884398,71.298753,https://www.openstreetmap.org/way/431586798,36.8,district sibling median (3 schools),0.0,0.0,0.0,0.0,Unnamed_POI,,NEEDS MANUAL VERIFICATION - not accepted
36620075,GPS LAL BAGHALI,LODHRAN,KAROR PACCA,"district bbox (Lodhran District, rel 16117647)",node,1811305009,Girls College,29.623839,71.920458,https://www.openstreetmap.org/node/1811305009,24.6,district sibling median (4 schools),0.333,0.0,0.0,0.333,Weak,,NEEDS MANUAL VERIFICATION - not accepted
36620075,GPS LAL BAGHALI,LODHRAN,KAROR PACCA,"district bbox (Lodhran District, rel 16117647)",node,1925507956,Govt Girls College,29.399071,71.694889,https://www.openstreetmap.org/node/1925507956,30.6,district sibling median (4 schools),0.333,0.0,0.0,0.333,Weak,,NEEDS MANUAL VERIFICATION - not accepted
36620075,GPS LAL BAGHALI,LODHRAN,KAROR PACCA,"district bbox (Lodhran District, rel 16117647)",node,1925508152,Virtual University,29.397526,71.693172,https://www.openstreetmap.org/node/1925508152,30.8,district sibling median (4 schools),0.276,0.0,0.0,0.276,Weak,,NEEDS MANUAL VERIFICATION - not accepted
36620075,GPS LAL BAGHALI,LODHRAN,KAROR PACCA,"district bbox (Lodhran District, rel 16117647)",node,4923821630,Allied School Ahmad Campus,29.405794,71.666395,https://www.openstreetmap.org/node/4923821630,29.8,district sibling median (4 schools),0.267,0.0,0.0,0.267,Weak,,NEEDS MANUAL VERIFICATION - not accepted
36620075,GPS LAL BAGHALI,LODHRAN,KAROR PACCA,"district bbox (Lodhran District, rel 16117647)",node,1456583317,Best College,29.38597,71.658757,https://www.openstreetmap.org/node/1456583317,32.0,district sibling median (4 schools),0.261,0.0,0.0,0.261,Weak,,NEEDS MANUAL VERIFICATION - not accepted
36620075,GPS LAL BAGHALI,LODHRAN,KAROR PACCA,"district bbox (Lodhran District, rel 16117647)",way,23211023,Sadiq Public School,29.37639,71.655951,https://www.openstreetmap.org/way/23211023,33.1,district sibling median (4 schools),0.25,0.0,0.0,0.25,Weak,,NEEDS MANUAL VERIFICATION - not accepted
38240666,GGPS DHOK PHATIAL,KHUSHAB,NAUSHERA,"district bbox (Khushab District, rel 16117655)",node,1029599217,Punjab International Public School,31.564149,72.651533,https://www.openstreetmap.org/node/1029599217,94.7,district sibling median (4 schools),0.375,0.0,0.0,0.375,Weak,,NEEDS MANUAL VERIFICATION - not accepted
38240666,GGPS DHOK PHATIAL,KHUSHAB,NAUSHERA,"district bbox (Khushab District, rel 16117655)",node,8831541915,Dar e Arqam,32.29157,72.345981,https://www.openstreetmap.org/node/8831541915,20.6,district sibling median (4 schools),0.348,0.0,0.0,0.348,Weak,,NEEDS MANUAL VERIFICATION - not accepted
38240666,GGPS DHOK PHATIAL,KHUSHAB,NAUSHERA,"district bbox (Khushab District, rel 16117655)",way,1300593474,Dar e Arqam School,32.574005,72.157043,https://www.openstreetmap.org/way/1300593474,31.7,district sibling median (4 schools),0.348,0.0,0.0,0.348,Weak,,NEEDS MANUAL VERIFICATION - not accepted
38240666,GGPS DHOK PHATIAL,KHUSHAB,NAUSHERA,"district bbox (Khushab District, rel 16117655)",node,8856078730,Askari Public School,32.570776,72.156913,https://www.openstreetmap.org/node/8856078730,31.3,district sibling median (4 schools),0.333,0.0,0.0,0.333,Weak,,NEEDS MANUAL VERIFICATION - not accepted
38240666,GGPS DHOK PHATIAL,KHUSHAB,NAUSHERA,"district bbox (Khushab District, rel 16117655)",node,5434228613,Govt Higher Secondary School Boys Khushab,32.29454,72.346782,https://www.openstreetmap.org/node/5434228613,20.7,district sibling median (4 schools),0.316,0.0,0.0,0.316,Weak,,NEEDS MANUAL VERIFICATION - not accepted
38240666,GGPS DHOK PHATIAL,KHUSHAB,NAUSHERA,"district bbox (Khushab District, rel 16117655)",node,8831541914,Govt Girls High School Girls Khushab,32.293082,72.346661,https://www.openstreetmap.org/node/8831541914,20.7,district sibling median (4 schools),0.316,0.0,0.0,0.316,Weak,,NEEDS MANUAL VERIFICATION - not accepted
39110165,GGES 64/12-L,SAHIWAL,CHICHAWATANI,"district bbox (Sahiwal District, rel 16117661)",way,394367812,Govt elementry school 120/15L,30.368672,72.407387,https://www.openstreetmap.org/way/394367812,31.6,tehsil sibling median (1 schools),0.414,0.0,0.0,0.414,Possible,,NEEDS MANUAL VERIFICATION - not accepted
39110165,GGES 64/12-L,SAHIWAL,CHICHAWATANI,"district bbox (Sahiwal District, rel 16117661)",way,1434306013,Gov. Girls High School  67 EB,30.269713,73.022032,https://www.openstreetmap.org/way/1434306013,43.9,tehsil sibling median (1 schools),0.381,0.0,0.0,0.381,Weak,,NEEDS MANUAL VERIFICATION - not accepted
39110165,GGES 64/12-L,SAHIWAL,CHICHAWATANI,"district bbox (Sahiwal District, rel 16117661)",way,1434306012,Gov. Boys High School 67 EB,30.269632,73.023691,https://www.openstreetmap.org/way/1434306012,44.0,tehsil sibling median (1 schools),0.381,0.0,0.0,0.381,Weak,,NEEDS MANUAL VERIFICATION - not accepted
39110165,GGES 64/12-L,SAHIWAL,CHICHAWATANI,"district bbox (Sahiwal District, rel 16117661)",node,4728028559,Government PS Boys Chak 740 GB,30.643058,72.622339,https://www.openstreetmap.org/node/4728028559,13.7,tehsil sibling median (1 schools),0.308,0.0,0.0,0.308,Weak,,NEEDS MANUAL VERIFICATION - not accepted
39110165,GGES 64/12-L,SAHIWAL,CHICHAWATANI,"district bbox (Sahiwal District, rel 16117661)",node,7244237288,GCT - TEVTA Sahiwal,30.652151,73.082139,https://www.openstreetmap.org/node/7244237288,41.0,tehsil sibling median (1 schools),0.276,0.0,0.0,0.276,Weak,,NEEDS MANUAL VERIFICATION - not accepted
39110165,GGES 64/12-L,SAHIWAL,CHICHAWATANI,"district bbox (Sahiwal District, rel 16117661)",node,13040813444,MC Highschool Kamalia,30.724961,72.642673,https://www.openstreetmap.org/node/13040813444,21.9,tehsil sibling median (1 schools),0.267,0.0,0.0,0.267,Weak,,NEEDS MANUAL VERIFICATION - not accepted
39110165,GGES 64/12-L,SAHIWAL,CHICHAWATANI,"district bbox (Sahiwal District, rel 16117661)",way,487508261,(unnamed amenity=school POI),30.536692,72.699357,https://www.openstreetmap.org/way/487508261,2.1,tehsil sibling median (1 schools),0.0,0.0,0.0,0.0,Unnamed_POI,,NEEDS MANUAL VERIFICATION - not accepted
39110165,GGES 64/12-L,SAHIWAL,CHICHAWATANI,"district bbox (Sahiwal District, rel 16117661)",way,447155010,(unnamed amenity=school POI),30.387579,73.069121,https://www.openstreetmap.org/way/447155010,40.7,tehsil sibling median (1 schools),0.0,0.0,0.0,0.0,Unnamed_POI,,NEEDS MANUAL VERIFICATION - not accepted
39110165,GGES 64/12-L,SAHIWAL,CHICHAWATANI,"district bbox (Sahiwal District, rel 16117661)",way,447155007,(unnamed amenity=school POI),30.385978,73.068761,https://www.openstreetmap.org/way/447155007,40.7,tehsil sibling median (1 schools),0.0,0.0,0.0,0.0,Unnamed_POI,,NEEDS MANUAL VERIFICATION - not accepted
39110291,GPS 165-A/9-L,SAHIWAL,CHICHAWATANI,"district bbox (Sahiwal District, rel 16117661)",node,4728028559,Government PS Boys Chak 740 GB,30.643058,72.622339,https://www.openstreetmap.org/node/4728028559,13.7,tehsil sibling median (1 schools),0.348,0.0,0.0,0.348,Weak,,NEEDS MANUAL VERIFICATION - not accepted
39110291,GPS 165-A/9-L,SAHIWAL,CHICHAWATANI,"district bbox (Sahiwal District, rel 16117661)",node,7244237288,GCT - TEVTA Sahiwal,30.652151,73.082139,https://www.openstreetmap.org/node/7244237288,41.0,tehsil sibling median (1 schools),0.308,0.0,0.0,0.308,Weak,,NEEDS MANUAL VERIFICATION - not accepted
39110291,GPS 165-A/9-L,SAHIWAL,CHICHAWATANI,"district bbox (Sahiwal District, rel 16117661)",node,14135025918,GGHS MADINA ABAD KAMALIA,30.72214,72.647321,https://www.openstreetmap.org/node/14135025918,21.6,tehsil sibling median (1 schools),0.286,0.0,0.0,0.286,Weak,,NEEDS MANUAL VERIFICATION - not accepted
39110291,GPS 165-A/9-L,SAHIWAL,CHICHAWATANI,"district bbox (Sahiwal District, rel 16117661)",node,5491816092,Mukabbir Schools Sahiwal,30.647107,73.119466,https://www.openstreetmap.org/node/5491816092,44.2,tehsil sibling median (1 schools),0.24,0.0,0.0,0.24,Weak,,NEEDS MANUAL VERIFICATION - not accepted
39110291,GPS 165-A/9-L,SAHIWAL,CHICHAWATANI,"district bbox (Sahiwal District, rel 16117661)",node,2917414023,Al Madni Public School,30.747542,72.461956,https://www.openstreetmap.org/node/2917414023,31.8,tehsil sibling median (1 schools),0.235,0.0,0.0,0.235,Weak,,NEEDS MANUAL VERIFICATION - not accepted
39110291,GPS 165-A/9-L,SAHIWAL,CHICHAWATANI,"district bbox (Sahiwal District, rel 16117661)",way,394367812,Govt elementry school 120/15L,30.368672,72.407387,https://www.openstreetmap.org/way/394367812,31.6,tehsil sibling median (1 schools),0.231,0.0,0.0,0.231,Weak,,NEEDS MANUAL VERIFICATION - not accepted
39110291,GPS 165-A/9-L,SAHIWAL,CHICHAWATANI,"district bbox (Sahiwal District, rel 16117661)",way,487508261,(unnamed amenity=school POI),30.536692,72.699357,https://www.openstreetmap.org/way/487508261,2.1,tehsil sibling median (1 schools),0.0,0.0,0.0,0.0,Unnamed_POI,,NEEDS MANUAL VERIFICATION - not accepted
39110291,GPS 165-A/9-L,SAHIWAL,CHICHAWATANI,"district bbox (Sahiwal District, rel 16117661)",way,447155010,(unnamed amenity=school POI),30.387579,73.069121,https://www.openstreetmap.org/way/447155010,40.7,tehsil sibling median (1 schools),0.0,0.0,0.0,0.0,Unnamed_POI,,NEEDS MANUAL VERIFICATION - not accepted
39110291,GPS 165-A/9-L,SAHIWAL,CHICHAWATANI,"district bbox (Sahiwal District, rel 16117661)",way,447155007,(unnamed amenity=school POI),30.385978,73.068761,https://www.openstreetmap.org/way/447155007,40.7,tehsil sibling median (1 schools),0.0,0.0,0.0,0.0,Unnamed_POI,,NEEDS MANUAL VERIFICATION - not accepted
39110439,GGPS 40/12-L,SAHIWAL,CHICHAWATANI,"district bbox (Sahiwal District, rel 16117661)",way,394367812,Govt elementry school 120/15L,30.368672,72.407387,https://www.openstreetmap.org/way/394367812,31.6,tehsil sibling median (1 schools),0.333,0.0,0.0,0.333,Weak,,NEEDS MANUAL VERIFICATION - not accepted
39110439,GGPS 40/12-L,SAHIWAL,CHICHAWATANI,"district bbox (Sahiwal District, rel 16117661)",node,4728028559,Government PS Boys Chak 740 GB,30.643058,72.622339,https://www.openstreetmap.org/node/4728028559,13.7,tehsil sibling median (1 schools),0.286,0.0,0.0,0.286,Weak,,NEEDS MANUAL VERIFICATION - not accepted
39110439,GGPS 40/12-L,SAHIWAL,CHICHAWATANI,"district bbox (Sahiwal District, rel 16117661)",way,1395925906,Government High School No 1,30.729195,72.655332,https://www.openstreetmap.org/way/1395925906,22.2,tehsil sibling median (1 schools),0.25,0.0,0.0,0.25,Weak,,NEEDS MANUAL VERIFICATION - not accepted
39110439,GGPS 40/12-L,SAHIWAL,CHICHAWATANI,"district bbox (Sahiwal District, rel 16117661)",node,4727738392,DPS & Inter College,30.663484,73.081718,https://www.openstreetmap.org/node/4727738392,41.3,tehsil sibling median (1 schools),0.25,0.0,0.0,0.25,Weak,,NEEDS MANUAL VERIFICATION - not accepted
39110439,GGPS 40/12-L,SAHIWAL,CHICHAWATANI,"district bbox (Sahiwal District, rel 16117661)",way,1434306013,Gov. Girls High School  67 EB,30.269713,73.022032,https://www.openstreetmap.org/way/1434306013,43.9,tehsil sibling median (1 schools),0.25,0.0,0.0,0.25,Weak,,NEEDS MANUAL VERIFICATION - not accepted
39110439,GGPS 40/12-L,SAHIWAL,CHICHAWATANI,"district bbox (Sahiwal District, rel 16117661)",way,1434306012,Gov. Boys High School 67 EB,30.269632,73.023691,https://www.openstreetmap.org/way/1434306012,44.0,tehsil sibling median (1 schools),0.25,0.0,0.0,0.25,Weak,,NEEDS MANUAL VERIFICATION - not accepted
39110439,GGPS 40/12-L,SAHIWAL,CHICHAWATANI,"district bbox (Sahiwal District, rel 16117661)",way,487508261,(unnamed amenity=school POI),30.536692,72.699357,https://www.openstreetmap.org/way/487508261,2.1,tehsil sibling median (1 schools),0.0,0.0,0.0,0.0,Unnamed_POI,,NEEDS MANUAL VERIFICATION - not accepted
39110439,GGPS 40/12-L,SAHIWAL,CHICHAWATANI,"district bbox (Sahiwal District, rel 16117661)",way,447155010,(unnamed amenity=school POI),30.387579,73.069121,https://www.openstreetmap.org/way/447155010,40.7,tehsil sibling median (1 schools),0.0,0.0,0.0,0.0,Unnamed_POI,,NEEDS MANUAL VERIFICATION - not accepted
39110439,GGPS 40/12-L,SAHIWAL,CHICHAWATANI,"district bbox (Sahiwal District, rel 16117661)",way,447155007,(unnamed amenity=school POI),30.385978,73.068761,https://www.openstreetmap.org/way/447155007,40.7,tehsil sibling median (1 schools),0.0,0.0,0.0,0.0,Unnamed_POI,,NEEDS MANUAL VERIFICATION - not accepted
